scenario,replicate,method,agreement,precision,fpr,fnr,regret,tp,fp,fn,tn,n,local_error
balanced,0,PROXIMA,0.9,0.866666666667,0.125,0.0714285714286,0.00231195894787,26,4,2,28,60,0.0933333333333
balanced,0,Correlation,0.983333333333,1,0,0.0357142857143,0.000127665065156,27,0,1,32,60,0.28
balanced,0,Decision only,0.983333333333,1,0,0.0357142857143,0.000127665065156,27,0,1,32,60,0.28
balanced,0,Local only,0.9,0.866666666667,0.125,0.0714285714286,0.00231195894787,26,4,2,28,60,0.0933333333333
balanced,0,Equal weights,0.9,0.866666666667,0.125,0.0714285714286,0.00231195894787,26,4,2,28,60,0.0933333333333
balanced,0,No local component,0.983333333333,1,0,0.0357142857143,0.000127665065156,27,0,1,32,60,0.28
balanced,0,Fixed faithful,0.9,0.866666666667,0.125,0.0714285714286,0.00231195894787,26,4,2,28,60,0.0933333333333
balanced,0,Fixed offset,0.666666666667,0.583333333333,0.625,0,0.0171330367471,28,20,0,12,60,0.253333333333
balanced,0,Fixed local_reversal,0.983333333333,1,0,0.0357142857143,0.000127665065156,27,0,1,32,60,0.28
balanced,0,Fixed unrelated,0.483333333333,0.448275862069,0.5,0.535714285714,0.0610700103194,13,16,15,16,60,0.51
balanced,0,Uniform proxy,0.758333333333,,,,0.0201606677699,,,,,,0.284166666667
balanced,0,Always ship,0.466666666667,0.466666666667,1,0,0.0528164348302,28,32,0,0,60,0.483333333333
balanced,0,Never ship,0.533333333333,,0,1,0.0608104395981,0,0,28,32,60,0.516666666667
balanced,1,PROXIMA,0.933333333333,0.896551724138,0.0909090909091,0.037037037037,0.00103742173123,26,3,1,30,60,0.17
balanced,1,Correlation,0.933333333333,0.925925925926,0.0606060606061,0.0740740740741,0.000869025237396,25,2,2,31,60,0.296666666667
balanced,1,Decision only,0.933333333333,0.896551724138,0.0909090909091,0.037037037037,0.00103742173123,26,3,1,30,60,0.17
balanced,1,Local only,0.933333333333,0.896551724138,0.0909090909091,0.037037037037,0.00103742173123,26,3,1,30,60,0.17
balanced,1,Equal weights,0.933333333333,0.896551724138,0.0909090909091,0.037037037037,0.00103742173123,26,3,1,30,60,0.17
balanced,1,No local component,0.933333333333,0.896551724138,0.0909090909091,0.037037037037,0.00103742173123,26,3,1,30,60,0.17
balanced,1,Fixed faithful,0.933333333333,0.896551724138,0.0909090909091,0.037037037037,0.00103742173123,26,3,1,30,60,0.17
balanced,1,Fixed offset,0.616666666667,0.54,0.69696969697,0,0.026328066004,27,23,0,10,60,0.31
balanced,1,Fixed local_reversal,0.933333333333,0.925925925926,0.0606060606061,0.0740740740741,0.000869025237396,25,2,2,31,60,0.296666666667
balanced,1,Fixed unrelated,0.533333333333,0.485714285714,0.545454545455,0.37037037037,0.0574922750854,17,18,10,15,60,0.486666666667
balanced,1,Uniform proxy,0.754166666667,,,,0.0214316970145,,,,,,0.315833333333
balanced,1,Always ship,0.45,0.45,1,0,0.0632663056711,27,33,0,0,60,0.54
balanced,1,Never ship,0.55,,0,1,0.0436044524169,0,0,27,33,60,0.46
balanced,2,PROXIMA,0.983333333333,1,0,0.037037037037,6.08010988714e-06,26,0,1,33,60,0.163333333333
balanced,2,Correlation,0.983333333333,1,0,0.037037037037,3.78833902997e-05,26,0,1,33,60,0.26
balanced,2,Decision only,0.983333333333,1,0,0.037037037037,6.08010988714e-06,26,0,1,33,60,0.163333333333
balanced,2,Local only,0.983333333333,1,0,0.037037037037,6.08010988714e-06,26,0,1,33,60,0.163333333333
balanced,2,Equal weights,0.983333333333,1,0,0.037037037037,6.08010988714e-06,26,0,1,33,60,0.163333333333
balanced,2,No local component,0.983333333333,1,0,0.037037037037,6.08010988714e-06,26,0,1,33,60,0.163333333333
balanced,2,Fixed faithful,0.983333333333,1,0,0.037037037037,6.08010988714e-06,26,0,1,33,60,0.163333333333
balanced,2,Fixed offset,0.666666666667,0.574468085106,0.606060606061,0,0.0240346338436,27,20,0,13,60,0.296666666667
balanced,2,Fixed local_reversal,0.983333333333,1,0,0.037037037037,3.78833902997e-05,26,0,1,33,60,0.26
balanced,2,Fixed unrelated,0.566666666667,0.518518518519,0.393939393939,0.481481481481,0.0546803245601,14,13,13,20,60,0.47
balanced,2,Uniform proxy,0.8,,,,0.019689730476,,,,,,0.2975
balanced,2,Always ship,0.45,0.45,1,0,0.0670203864672,27,33,0,0,60,0.56
balanced,2,Never ship,0.55,,0,1,0.0441655930261,0,0,27,33,60,0.44
balanced,3,PROXIMA,0.983333333333,0.966666666667,0.0322580645161,0,7.6108543954e-05,29,1,0,30,60,0.146666666667
balanced,3,Correlation,0.633333333333,0.56862745098,0.709677419355,0,0.0227833647686,29,22,0,9,60,0.323333333333
balanced,3,Decision only,0.983333333333,0.966666666667,0.0322580645161,0,7.6108543954e-05,29,1,0,30,60,0.146666666667
balanced,3,Local only,0.983333333333,0.966666666667,0.0322580645161,0,7.6108543954e-05,29,1,0,30,60,0.146666666667
balanced,3,Equal weights,0.983333333333,0.966666666667,0.0322580645161,0,7.6108543954e-05,29,1,0,30,60,0.146666666667
balanced,3,No local component,0.983333333333,1,0,0.0344827586207,0.000472046029874,28,0,1,31,60,0.336666666667
balanced,3,Fixed faithful,0.983333333333,0.966666666667,0.0322580645161,0,7.6108543954e-05,29,1,0,30,60,0.146666666667
balanced,3,Fixed offset,0.633333333333,0.56862745098,0.709677419355,0,0.0227833647686,29,22,0,9,60,0.323333333333
balanced,3,Fixed local_reversal,0.983333333333,1,0,0.0344827586207,0.000472046029874,28,0,1,31,60,0.336666666667
balanced,3,Fixed unrelated,0.466666666667,0.448275862069,0.516129032258,0.551724137931,0.0477088887414,13,16,16,15,60,0.543333333333
balanced,3,Uniform proxy,0.766666666667,,,,0.017760102021,,,,,,0.3375
balanced,3,Always ship,0.483333333333,0.483333333333,1,0,0.0487721867372,29,31,0,0,60,0.516666666667
balanced,3,Never ship,0.516666666667,,0,1,0.0431065057321,0,0,29,31,60,0.483333333333
balanced,4,PROXIMA,0.916666666667,0.903225806452,0.1,0.0666666666667,0.00122025887608,28,3,2,27,60,0.133333333333
balanced,4,Correlation,0.933333333333,0.964285714286,0.0333333333333,0.1,0.00100919499123,27,1,3,29,60,0.343333333333
balanced,4,Decision only,0.916666666667,0.903225806452,0.1,0.0666666666667,0.00122025887608,28,3,2,27,60,0.133333333333
balanced,4,Local only,0.916666666667,0.903225806452,0.1,0.0666666666667,0.00122025887608,28,3,2,27,60,0.133333333333
balanced,4,Equal weights,0.916666666667,0.903225806452,0.1,0.0666666666667,0.00122025887608,28,3,2,27,60,0.133333333333
balanced,4,No local component,0.933333333333,0.964285714286,0.0333333333333,0.1,0.00100919499123,27,1,3,29,60,0.343333333333
balanced,4,Fixed faithful,0.916666666667,0.903225806452,0.1,0.0666666666667,0.00122025887608,28,3,2,27,60,0.133333333333
balanced,4,Fixed offset,0.716666666667,0.63829787234,0.566666666667,0,0.0143275684379,30,17,0,13,60,0.34
balanced,4,Fixed local_reversal,0.933333333333,0.964285714286,0.0333333333333,0.1,0.00100919499123,27,1,3,29,60,0.343333333333
balanced,4,Fixed unrelated,0.55,0.551724137931,0.433333333333,0.466666666667,0.0418835316726,16,13,14,17,60,0.506666666667
balanced,4,Uniform proxy,0.779166666667,,,,0.0146101384945,,,,,,0.330833333333
balanced,4,Always ship,0.5,0.5,1,0,0.0501324092613,30,30,0,0,60,0.526666666667
balanced,4,Never ship,0.5,,0,1,0.0481269612898,0,0,30,30,60,0.473333333333
balanced,5,PROXIMA,0.9,0.827586206897,0.142857142857,0.04,0.00187423678169,24,5,1,30,60,0.15
balanced,5,Correlation,0.566666666667,0.490196078431,0.742857142857,0,0.0207818609447,25,26,0,9,60,0.306666666667
balanced,5,Decision only,0.9,0.827586206897,0.142857142857,0.04,0.00187423678169,24,5,1,30,60,0.15
balanced,5,Local only,0.9,0.827586206897,0.142857142857,0.04,0.00187423678169,24,5,1,30,60,0.15
balanced,5,Equal weights,0.9,0.827586206897,0.142857142857,0.04,0.00187423678169,24,5,1,30,60,0.15
balanced,5,No local component,0.9,0.88,0.0857142857143,0.12,0.00076257297341,22,3,3,32,60,0.403333333333
balanced,5,Fixed faithful,0.9,0.827586206897,0.142857142857,0.04,0.00187423678169,24,5,1,30,60,0.15
balanced,5,Fixed offset,0.566666666667,0.490196078431,0.742857142857,0,0.0207818609447,25,26,0,9,60,0.306666666667
balanced,5,Fixed local_reversal,0.9,0.88,0.0857142857143,0.12,0.00076257297341,22,3,3,32,60,0.403333333333
balanced,5,Fixed unrelated,0.55,0.454545454545,0.342857142857,0.6,0.0444840904712,10,12,15,23,60,0.506666666667
balanced,5,Uniform proxy,0.729166666667,,,,0.0169756902927,,,,,,0.341666666667
balanced,5,Always ship,0.416666666667,0.416666666667,1,0,0.0483798308256,25,35,0,0,60,0.523333333333
balanced,5,Never ship,0.583333333333,,0,1,0.0368613393968,0,0,25,35,60,0.476666666667
balanced,6,PROXIMA,0.95,0.967741935484,0.0357142857143,0.0625,0.0010792062951,30,1,2,27,60,0.14
balanced,6,Correlation,0.7,0.64,0.642857142857,0,0.0177669721235,32,18,0,10,60,0.24
balanced,6,Decision only,0.966666666667,0.96875,0.0357142857143,0.03125,0.000524073534029,31,1,1,27,60,0.283333333333
balanced,6,Local only,0.95,0.967741935484,0.0357142857143,0.0625,0.0010792062951,30,1,2,27,60,0.14
balanced,6,Equal weights,0.95,0.967741935484,0.0357142857143,0.0625,0.0010792062951,30,1,2,27,60,0.14
balanced,6,No local component,0.966666666667,0.96875,0.0357142857143,0.03125,0.000524073534029,31,1,1,27,60,0.283333333333
balanced,6,Fixed faithful,0.95,0.967741935484,0.0357142857143,0.0625,0.0010792062951,30,1,2,27,60,0.14
balanced,6,Fixed offset,0.7,0.64,0.642857142857,0,0.0177669721235,32,18,0,10,60,0.24
balanced,6,Fixed local_reversal,0.966666666667,0.96875,0.0357142857143,0.03125,0.000524073534029,31,1,1,27,60,0.283333333333
balanced,6,Fixed unrelated,0.466666666667,0.5,0.5,0.5625,0.0503080783912,14,14,18,14,60,0.48
balanced,6,Uniform proxy,0.770833333333,,,,0.017419582586,,,,,,0.285833333333
balanced,6,Always ship,0.533333333333,0.533333333333,1,0,0.0469275143786,32,28,0,0,60,0.466666666667
balanced,6,Never ship,0.466666666667,,0,1,0.0546147901262,0,0,32,28,60,0.533333333333
balanced,7,PROXIMA,0.883333333333,0.909090909091,0.115384615385,0.117647058824,0.00166468020327,30,3,4,23,60,0.2
balanced,7,Correlation,0.916666666667,0.914285714286,0.115384615385,0.0588235294118,0.00100273623475,32,3,2,23,60,0.356666666667
balanced,7,Decision only,0.916666666667,0.914285714286,0.115384615385,0.0588235294118,0.00100273623475,32,3,2,23,60,0.356666666667
balanced,7,Local only,0.883333333333,0.909090909091,0.115384615385,0.117647058824,0.00166468020327,30,3,4,23,60,0.2
balanced,7,Equal weights,0.883333333333,0.909090909091,0.115384615385,0.117647058824,0.00166468020327,30,3,4,23,60,0.2
balanced,7,No local component,0.916666666667,0.914285714286,0.115384615385,0.0588235294118,0.00100273623475,32,3,2,23,60,0.356666666667
balanced,7,Fixed faithful,0.883333333333,0.909090909091,0.115384615385,0.117647058824,0.00166468020327,30,3,4,23,60,0.2
balanced,7,Fixed offset,0.7,0.653846153846,0.692307692308,0,0.0141580856726,34,18,0,8,60,0.32
balanced,7,Fixed local_reversal,0.916666666667,0.914285714286,0.115384615385,0.0588235294118,0.00100273623475,32,3,2,23,60,0.356666666667
balanced,7,Fixed unrelated,0.55,0.62962962963,0.384615384615,0.5,0.0452297904829,17,10,17,16,60,0.48
balanced,7,Uniform proxy,0.7625,,,,0.0155138231484,,,,,,0.339166666667
balanced,7,Always ship,0.566666666667,0.566666666667,1,0,0.0369966654526,34,26,0,0,60,0.466666666667
balanced,7,Never ship,0.433333333333,,0,1,0.0480059640694,0,0,34,26,60,0.533333333333
balanced,8,PROXIMA,0.933333333333,0.909090909091,0.103448275862,0.0322580645161,0.00062788750826,30,3,1,26,60,0.163333333333
balanced,8,Correlation,0.683333333333,0.62,0.655172413793,0,0.0138526105024,31,19,0,10,60,0.24
balanced,8,Decision only,0.933333333333,0.909090909091,0.103448275862,0.0322580645161,0.000581214183299,30,3,1,26,60,0.356666666667
balanced,8,Local only,0.933333333333,0.909090909091,0.103448275862,0.0322580645161,0.00062788750826,30,3,1,26,60,0.163333333333
balanced,8,Equal weights,0.933333333333,0.909090909091,0.103448275862,0.0322580645161,0.00062788750826,30,3,1,26,60,0.163333333333
balanced,8,No local component,0.933333333333,0.909090909091,0.103448275862,0.0322580645161,0.000581214183299,30,3,1,26,60,0.356666666667
balanced,8,Fixed faithful,0.933333333333,0.909090909091,0.103448275862,0.0322580645161,0.00062788750826,30,3,1,26,60,0.163333333333
balanced,8,Fixed offset,0.683333333333,0.62,0.655172413793,0,0.0138526105024,31,19,0,10,60,0.24
balanced,8,Fixed local_reversal,0.933333333333,0.909090909091,0.103448275862,0.0322580645161,0.000581214183299,30,3,1,26,60,0.356666666667
balanced,8,Fixed unrelated,0.616666666667,0.625,0.413793103448,0.354838709677,0.0286523931835,20,12,11,17,60,0.493333333333
balanced,8,Uniform proxy,0.791666666667,,,,0.0109285263444,,,,,,0.313333333333
balanced,8,Always ship,0.516666666667,0.516666666667,1,0,0.0449072472594,31,29,0,0,60,0.44
balanced,8,Never ship,0.483333333333,,0,1,0.0502569359851,0,0,31,29,60,0.56
balanced,9,PROXIMA,0.9,0.933333333333,0.0714285714286,0.125,0.00221575196922,28,2,4,26,60,0.14
balanced,9,Correlation,0.716666666667,0.65306122449,0.607142857143,0,0.0180884414598,32,17,0,11,60,0.253333333333
balanced,9,Decision only,0.916666666667,0.885714285714,0.142857142857,0.03125,0.00095760560053,31,4,1,24,60,0.316666666667
balanced,9,Local only,0.9,0.933333333333,0.0714285714286,0.125,0.00221575196922,28,2,4,26,60,0.14
balanced,9,Equal weights,0.9,0.933333333333,0.0714285714286,0.125,0.00221575196922,28,2,4,26,60,0.14
balanced,9,No local component,0.916666666667,0.885714285714,0.142857142857,0.03125,0.00095760560053,31,4,1,24,60,0.316666666667
balanced,9,Fixed faithful,0.9,0.933333333333,0.0714285714286,0.125,0.00221575196922,28,2,4,26,60,0.14
balanced,9,Fixed offset,0.716666666667,0.65306122449,0.607142857143,0,0.0180884414598,32,17,0,11,60,0.253333333333
balanced,9,Fixed local_reversal,0.916666666667,0.885714285714,0.142857142857,0.03125,0.00095760560053,31,4,1,24,60,0.316666666667
balanced,9,Fixed unrelated,0.533333333333,0.571428571429,0.428571428571,0.5,0.0602647048858,16,12,16,16,60,0.493333333333
balanced,9,Uniform proxy,0.766666666667,,,,0.0203816259788,,,,,,0.300833333333
balanced,9,Always ship,0.533333333333,0.533333333333,1,0,0.051033176627,32,28,0,0,60,0.483333333333
balanced,9,Never ship,0.466666666667,,0,1,0.0587540561786,0,0,32,28,60,0.516666666667
balanced,10,PROXIMA,0.95,0.92,0.0555555555556,0.0416666666667,0.000477095190614,23,2,1,34,60,0.363333333333
balanced,10,Correlation,0.566666666667,0.48,0.722222222222,0,0.0215421428698,24,26,0,10,60,0.313333333333
balanced,10,Decision only,0.95,0.92,0.0555555555556,0.0416666666667,0.000477095190614,23,2,1,34,60,0.363333333333
balanced,10,Local only,0.933333333333,0.884615384615,0.0833333333333,0.0416666666667,0.00312214530333,23,3,1,33,60,0.16
balanced,10,Equal weights,0.933333333333,0.884615384615,0.0833333333333,0.0416666666667,0.00312214530333,23,3,1,33,60,0.16
balanced,10,No local component,0.95,0.92,0.0555555555556,0.0416666666667,0.000477095190614,23,2,1,34,60,0.363333333333
balanced,10,Fixed faithful,0.933333333333,0.884615384615,0.0833333333333,0.0416666666667,0.00312214530333,23,3,1,33,60,0.16
balanced,10,Fixed offset,0.566666666667,0.48,0.722222222222,0,0.0215421428698,24,26,0,10,60,0.313333333333
balanced,10,Fixed local_reversal,0.95,0.92,0.0555555555556,0.0416666666667,0.000477095190614,23,2,1,34,60,0.363333333333
balanced,10,Fixed unrelated,0.5,0.384615384615,0.444444444444,0.583333333333,0.0534271217584,10,16,14,20,60,0.556666666667
balanced,10,Uniform proxy,0.7375,,,,0.0196421262805,,,,,,0.348333333333
balanced,10,Always ship,0.4,0.4,1,0,0.0491766682896,24,36,0,0,60,0.53
balanced,10,Never ship,0.6,,0,1,0.0487669361161,0,0,24,36,60,0.47
balanced,11,PROXIMA,0.916666666667,0.965517241379,0.0357142857143,0.125,0.00181672016383,28,1,4,27,60,0.12
balanced,11,Correlation,0.683333333333,0.627450980392,0.678571428571,0,0.0199296087428,32,19,0,9,60,0.32
balanced,11,Decision only,0.916666666667,0.965517241379,0.0357142857143,0.125,0.00181672016383,28,1,4,27,60,0.12
balanced,11,Local only,0.916666666667,0.965517241379,0.0357142857143,0.125,0.00181672016383,28,1,4,27,60,0.12
balanced,11,Equal weights,0.916666666667,0.965517241379,0.0357142857143,0.125,0.00181672016383,28,1,4,27,60,0.12
balanced,11,No local component,0.95,0.939393939394,0.0714285714286,0.03125,0.000484445957756,31,2,1,26,60,0.333333333333
balanced,11,Fixed faithful,0.916666666667,0.965517241379,0.0357142857143,0.125,0.00181672016383,28,1,4,27,60,0.12
balanced,11,Fixed offset,0.683333333333,0.627450980392,0.678571428571,0,0.0199296087428,32,19,0,9,60,0.32
balanced,11,Fixed local_reversal,0.95,0.939393939394,0.0714285714286,0.03125,0.000484445957756,31,2,1,26,60,0.333333333333
balanced,11,Fixed unrelated,0.516666666667,0.551724137931,0.464285714286,0.5,0.0486839816957,16,13,16,15,60,0.456666666667
balanced,11,Uniform proxy,0.766666666667,,,,0.01772868914,,,,,,0.3075
balanced,11,Always ship,0.533333333333,0.533333333333,1,0,0.0459822459609,32,28,0,0,60,0.49
balanced,11,Never ship,0.466666666667,,0,1,0.0579375025336,0,0,32,28,60,0.51
balanced,12,PROXIMA,0.85,0.885714285714,0.166666666667,0.138888888889,0.00171364699065,31,4,5,20,60,0.173333333333
balanced,12,Correlation,0.683333333333,0.654545454545,0.791666666667,0,0.0167090151837,36,19,0,5,60,0.243333333333
balanced,12,Decision only,0.95,0.945945945946,0.0833333333333,0.0277777777778,0.000469797053832,35,2,1,22,60,0.403333333333
balanced,12,Local only,0.85,0.885714285714,0.166666666667,0.138888888889,0.00171364699065,31,4,5,20,60,0.173333333333
balanced,12,Equal weights,0.85,0.885714285714,0.166666666667,0.138888888889,0.00171364699065,31,4,5,20,60,0.173333333333
balanced,12,No local component,0.95,0.945945945946,0.0833333333333,0.0277777777778,0.000469797053832,35,2,1,22,60,0.403333333333
balanced,12,Fixed faithful,0.85,0.885714285714,0.166666666667,0.138888888889,0.00171364699065,31,4,5,20,60,0.173333333333
balanced,12,Fixed offset,0.683333333333,0.654545454545,0.791666666667,0,0.0167090151837,36,19,0,5,60,0.243333333333
balanced,12,Fixed local_reversal,0.95,0.945945945946,0.0833333333333,0.0277777777778,0.000469797053832,35,2,1,22,60,0.403333333333
balanced,12,Fixed unrelated,0.566666666667,0.65625,0.458333333333,0.416666666667,0.0394831955177,21,11,15,13,60,0.446666666667
balanced,12,Uniform proxy,0.7625,,,,0.0145939136865,,,,,,0.316666666667
balanced,12,Always ship,0.6,0.6,1,0,0.0285702385125,36,24,0,0,60,0.4
balanced,12,Never ship,0.4,,0,1,0.0609345904842,0,0,36,24,60,0.6
balanced,13,PROXIMA,0.883333333333,0.862068965517,0.125,0.107142857143,0.0017887128675,25,4,3,28,60,0.2
balanced,13,Correlation,0.933333333333,0.928571428571,0.0625,0.0714285714286,0.000788186837679,26,2,2,30,60,0.396666666667
balanced,13,Decision only,0.933333333333,0.928571428571,0.0625,0.0714285714286,0.000788186837679,26,2,2,30,60,0.396666666667
balanced,13,Local only,0.883333333333,0.862068965517,0.125,0.107142857143,0.0017887128675,25,4,3,28,60,0.2
balanced,13,Equal weights,0.883333333333,0.862068965517,0.125,0.107142857143,0.0017887128675,25,4,3,28,60,0.2
balanced,13,No local component,0.933333333333,0.928571428571,0.0625,0.0714285714286,0.000788186837679,26,2,2,30,60,0.396666666667
balanced,13,Fixed faithful,0.883333333333,0.862068965517,0.125,0.107142857143,0.0017887128675,25,4,3,28,60,0.2
balanced,13,Fixed offset,0.55,0.509090909091,0.84375,0,0.0237171407336,28,27,0,5,60,0.386666666667
balanced,13,Fixed local_reversal,0.933333333333,0.928571428571,0.0625,0.0714285714286,0.000788186837679,26,2,2,30,60,0.396666666667
balanced,13,Fixed unrelated,0.5,0.464285714286,0.46875,0.535714285714,0.0422068468777,13,15,15,17,60,0.526666666667
balanced,13,Uniform proxy,0.716666666667,,,,0.0171252218291,,,,,,0.3775
balanced,13,Always ship,0.466666666667,0.466666666667,1,0,0.040893264302,28,32,0,0,60,0.553333333333
balanced,13,Never ship,0.533333333333,,0,1,0.0396828272442,0,0,28,32,60,0.446666666667
balanced,14,PROXIMA,0.916666666667,0.921052631579,0.130434782609,0.0540540540541,0.00291119366592,35,3,2,20,60,0.13
balanced,14,Correlation,0.75,0.711538461538,0.652173913043,0,0.0123010164715,37,15,0,8,60,0.263333333333
balanced,14,Decision only,0.966666666667,0.972972972973,0.0434782608696,0.027027027027,0.000510339814519,36,1,1,22,60,0.293333333333
balanced,14,Local only,0.916666666667,0.921052631579,0.130434782609,0.0540540540541,0.00291119366592,35,3,2,20,60,0.13
balanced,14,Equal weights,0.916666666667,0.921052631579,0.130434782609,0.0540540540541,0.00291119366592,35,3,2,20,60,0.13
balanced,14,No local component,0.966666666667,0.972972972973,0.0434782608696,0.027027027027,0.000510339814519,36,1,1,22,60,0.293333333333
balanced,14,Fixed faithful,0.916666666667,0.921052631579,0.130434782609,0.0540540540541,0.00291119366592,35,3,2,20,60,0.13
balanced,14,Fixed offset,0.75,0.711538461538,0.652173913043,0,0.0123010164715,37,15,0,8,60,0.263333333333
balanced,14,Fixed local_reversal,0.966666666667,0.972972972973,0.0434782608696,0.027027027027,0.000510339814519,36,1,1,22,60,0.293333333333
balanced,14,Fixed unrelated,0.5,0.620689655172,0.478260869565,0.513513513514,0.0543796496669,18,11,19,12,60,0.506666666667
balanced,14,Uniform proxy,0.783333333333,,,,0.0175255499047,,,,,,0.298333333333
balanced,14,Always ship,0.616666666667,0.616666666667,1,0,0.039327846316,37,23,0,0,60,0.413333333333
balanced,14,Never ship,0.383333333333,,0,1,0.0620644029495,0,0,37,23,60,0.586666666667
balanced,15,PROXIMA,0.9,0.882352941176,0.142857142857,0.0625,0.000402363808572,30,4,2,24,60,0.143333333333
balanced,15,Correlation,0.716666666667,0.65306122449,0.607142857143,0,0.0162256425841,32,17,0,11,60,0.27
balanced,15,Decision only,0.9,0.882352941176,0.142857142857,0.0625,0.000402363808572,30,4,2,24,60,0.143333333333
balanced,15,Local only,0.9,0.882352941176,0.142857142857,0.0625,0.000402363808572,30,4,2,24,60,0.143333333333
balanced,15,Equal weights,0.9,0.882352941176,0.142857142857,0.0625,0.000402363808572,30,4,2,24,60,0.143333333333
balanced,15,No local component,0.9,0.882352941176,0.142857142857,0.0625,0.000402363808572,30,4,2,24,60,0.143333333333
balanced,15,Fixed faithful,0.9,0.882352941176,0.142857142857,0.0625,0.000402363808572,30,4,2,24,60,0.143333333333
balanced,15,Fixed offset,0.716666666667,0.65306122449,0.607142857143,0,0.0162256425841,32,17,0,11,60,0.27
balanced,15,Fixed local_reversal,0.933333333333,0.966666666667,0.0357142857143,0.09375,0.000221986038867,29,1,3,27,60,0.35
balanced,15,Fixed unrelated,0.466666666667,0.5,0.535714285714,0.53125,0.0483306345479,15,15,17,13,60,0.503333333333
balanced,15,Uniform proxy,0.754166666667,,,,0.0162951567449,,,,,,0.316666666667
balanced,15,Always ship,0.533333333333,0.533333333333,1,0,0.047393339366,32,28,0,0,60,0.49
balanced,15,Never ship,0.466666666667,,0,1,0.045184955965,0,0,32,28,60,0.51
balanced,16,PROXIMA,0.933333333333,0.942857142857,0.08,0.0571428571429,0.00114479437101,33,2,2,23,60,0.15
balanced,16,Correlation,0.983333333333,0.972222222222,0.04,0,6.72722354554e-05,35,1,0,24,60,0.26
balanced,16,Decision only,0.983333333333,0.972222222222,0.04,0,6.72722354554e-05,35,1,0,24,60,0.26
balanced,16,Local only,0.933333333333,0.942857142857,0.08,0.0571428571429,0.00114479437101,33,2,2,23,60,0.15
balanced,16,Equal weights,0.933333333333,0.942857142857,0.08,0.0571428571429,0.00114479437101,33,2,2,23,60,0.15
balanced,16,No local component,0.983333333333,0.972222222222,0.04,0,6.72722354554e-05,35,1,0,24,60,0.26
balanced,16,Fixed faithful,0.933333333333,0.942857142857,0.08,0.0571428571429,0.00114479437101,33,2,2,23,60,0.15
balanced,16,Fixed offset,0.766666666667,0.714285714286,0.56,0,0.0154158624434,35,14,0,11,60,0.233333333333
balanced,16,Fixed local_reversal,0.983333333333,0.972222222222,0.04,0,6.72722354554e-05,35,1,0,24,60,0.26
balanced,16,Fixed unrelated,0.55,0.617647058824,0.52,0.4,0.0529971626993,21,13,14,12,60,0.5
balanced,16,Uniform proxy,0.808333333333,,,,0.0174062729373,,,,,,0.285833333333
balanced,16,Always ship,0.583333333333,0.583333333333,1,0,0.0484223654709,35,25,0,0,60,0.44
balanced,16,Never ship,0.416666666667,,0,1,0.0719079699868,0,0,35,25,60,0.56
balanced,17,PROXIMA,0.95,0.933333333333,0.0645161290323,0.0344827586207,0.00107721497423,28,2,1,29,60,0.153333333333
balanced,17,Correlation,0.95,0.933333333333,0.0645161290323,0.0344827586207,0.000394843261255,28,2,1,29,60,0.356666666667
balanced,17,Decision only,0.95,0.933333333333,0.0645161290323,0.0344827586207,0.000394843261255,28,2,1,29,60,0.356666666667
balanced,17,Local only,0.95,0.933333333333,0.0645161290323,0.0344827586207,0.00107721497423,28,2,1,29,60,0.153333333333
balanced,17,Equal weights,0.95,0.933333333333,0.0645161290323,0.0344827586207,0.00107721497423,28,2,1,29,60,0.153333333333
balanced,17,No local component,0.95,0.933333333333,0.0645161290323,0.0344827586207,0.000394843261255,28,2,1,29,60,0.356666666667
balanced,17,Fixed faithful,0.95,0.933333333333,0.0645161290323,0.0344827586207,0.00107721497423,28,2,1,29,60,0.153333333333
balanced,17,Fixed offset,0.616666666667,0.557692307692,0.741935483871,0,0.02355333344,29,23,0,8,60,0.306666666667
balanced,17,Fixed local_reversal,0.95,0.933333333333,0.0645161290323,0.0344827586207,0.000394843261255,28,2,1,29,60,0.356666666667
balanced,17,Fixed unrelated,0.383333333333,0.333333333333,0.516129032258,0.724137931034,0.0593791944812,8,16,21,15,60,0.516666666667
balanced,17,Uniform proxy,0.725,,,,0.0211011465392,,,,,,0.333333333333
balanced,17,Always ship,0.483333333333,0.483333333333,1,0,0.0467850435055,29,31,0,0,60,0.52
balanced,17,Never ship,0.516666666667,,0,1,0.046608470587,0,0,29,31,60,0.48
balanced,18,PROXIMA,0.916666666667,0.966666666667,0.037037037037,0.121212121212,0.00211631451095,29,1,4,26,60,0.186666666667
balanced,18,Correlation,0.966666666667,0.942857142857,0.0740740740741,0,0.000725394638087,33,2,0,25,60,0.32
balanced,18,Decision only,0.966666666667,0.942857142857,0.0740740740741,0,0.000725394638087,33,2,0,25,60,0.32
balanced,18,Local only,0.916666666667,0.966666666667,0.037037037037,0.121212121212,0.00211631451095,29,1,4,26,60,0.186666666667
balanced,18,Equal weights,0.916666666667,0.966666666667,0.037037037037,0.121212121212,0.00211631451095,29,1,4,26,60,0.186666666667
balanced,18,No local component,0.966666666667,0.942857142857,0.0740740740741,0,0.000725394638087,33,2,0,25,60,0.32
balanced,18,Fixed faithful,0.916666666667,0.966666666667,0.037037037037,0.121212121212,0.00211631451095,29,1,4,26,60,0.186666666667
balanced,18,Fixed offset,0.666666666667,0.622641509434,0.740740740741,0,0.0196461061258,33,20,0,7,60,0.273333333333
balanced,18,Fixed local_reversal,0.966666666667,0.942857142857,0.0740740740741,0,0.000725394638087,33,2,0,25,60,0.32
balanced,18,Fixed unrelated,0.466666666667,0.518518518519,0.481481481481,0.575757575758,0.0419194632072,14,13,19,14,60,0.496666666667
balanced,18,Uniform proxy,0.754166666667,,,,0.0161018196205,,,,,,0.319166666667
balanced,18,Always ship,0.55,0.55,1,0,0.0395922313462,33,27,0,0,60,0.42
balanced,18,Never ship,0.45,,0,1,0.0459192172468,0,0,33,27,60,0.58
balanced,19,PROXIMA,0.966666666667,1,0,0.0625,0.000599210009995,30,0,2,28,60,0.306666666667
balanced,19,Correlation,0.966666666667,1,0,0.0625,0.000599210009995,30,0,2,28,60,0.306666666667
balanced,19,Decision only,0.966666666667,1,0,0.0625,0.000599210009995,30,0,2,28,60,0.306666666667
balanced,19,Local only,0.883333333333,0.903225806452,0.107142857143,0.125,0.0026192442831,28,3,4,25,60,0.15
balanced,19,Equal weights,0.883333333333,0.903225806452,0.107142857143,0.125,0.0026192442831,28,3,4,25,60,0.15
balanced,19,No local component,0.966666666667,1,0,0.0625,0.000599210009995,30,0,2,28,60,0.306666666667
balanced,19,Fixed faithful,0.883333333333,0.903225806452,0.107142857143,0.125,0.0026192442831,28,3,4,25,60,0.15
balanced,19,Fixed offset,0.8,0.727272727273,0.428571428571,0,0.0126164279678,32,12,0,16,60,0.273333333333
balanced,19,Fixed local_reversal,0.966666666667,1,0,0.0625,0.000599210009995,30,0,2,28,60,0.306666666667
balanced,19,Fixed unrelated,0.483333333333,0.513513513514,0.642857142857,0.40625,0.0688502393095,19,18,13,10,60,0.593333333333
balanced,19,Uniform proxy,0.783333333333,,,,0.0211712803926,,,,,,0.330833333333
balanced,19,Always ship,0.533333333333,0.533333333333,1,0,0.0635818143789,32,28,0,0,60,0.536666666667
balanced,19,Never ship,0.466666666667,,0,1,0.0462287917943,0,0,32,28,60,0.463333333333
balanced,20,PROXIMA,0.95,0.916666666667,0.111111111111,0,0.00061096208593,33,3,0,24,60,0.106666666667
balanced,20,Correlation,0.65,0.611111111111,0.777777777778,0,0.0199931762908,33,21,0,6,60,0.29
balanced,20,Decision only,0.916666666667,0.888888888889,0.148148148148,0.030303030303,0.00111582202874,32,4,1,23,60,0.356666666667
balanced,20,Local only,0.95,0.916666666667,0.111111111111,0,0.00061096208593,33,3,0,24,60,0.106666666667
balanced,20,Equal weights,0.95,0.916666666667,0.111111111111,0,0.00061096208593,33,3,0,24,60,0.106666666667
balanced,20,No local component,0.916666666667,0.888888888889,0.148148148148,0.030303030303,0.00111582202874,32,4,1,23,60,0.356666666667
balanced,20,Fixed faithful,0.95,0.916666666667,0.111111111111,0,0.00061096208593,33,3,0,24,60,0.106666666667
balanced,20,Fixed offset,0.65,0.611111111111,0.777777777778,0,0.0199931762908,33,21,0,6,60,0.29
balanced,20,Fixed local_reversal,0.916666666667,0.888888888889,0.148148148148,0.030303030303,0.00111582202874,32,4,1,23,60,0.356666666667
balanced,20,Fixed unrelated,0.583333333333,0.642857142857,0.37037037037,0.454545454545,0.0356247934169,18,10,15,17,60,0.5
balanced,20,Uniform proxy,0.775,,,,0.0143361884556,,,,,,0.313333333333
balanced,20,Always ship,0.55,0.55,1,0,0.0381068100612,33,27,0,0,60,0.44
balanced,20,Never ship,0.45,,0,1,0.0545385182482,0,0,33,27,60,0.56
balanced,21,PROXIMA,0.866666666667,0.870967741935,0.137931034483,0.129032258065,0.0029310090163,27,4,4,25,60,0.153333333333
balanced,21,Correlation,0.716666666667,0.645833333333,0.586206896552,0,0.0149423404724,31,17,0,12,60,0.26
balanced,21,Decision only,0.95,0.9375,0.0689655172414,0.0322580645161,0.000826310934699,30,2,1,27,60,0.31
balanced,21,Local only,0.866666666667,0.870967741935,0.137931034483,0.129032258065,0.0029310090163,27,4,4,25,60,0.153333333333
balanced,21,Equal weights,0.866666666667,0.870967741935,0.137931034483,0.129032258065,0.0029310090163,27,4,4,25,60,0.153333333333
balanced,21,No local component,0.95,0.9375,0.0689655172414,0.0322580645161,0.000826310934699,30,2,1,27,60,0.31
balanced,21,Fixed faithful,0.866666666667,0.870967741935,0.137931034483,0.129032258065,0.0029310090163,27,4,4,25,60,0.153333333333
balanced,21,Fixed offset,0.716666666667,0.645833333333,0.586206896552,0,0.0149423404724,31,17,0,12,60,0.26
balanced,21,Fixed local_reversal,0.95,0.9375,0.0689655172414,0.0322580645161,0.000826310934699,30,2,1,27,60,0.31
balanced,21,Fixed unrelated,0.533333333333,0.551724137931,0.448275862069,0.483870967742,0.047786033786,16,13,15,16,60,0.473333333333
balanced,21,Uniform proxy,0.766666666667,,,,0.0166214235523,,,,,,0.299166666667
balanced,21,Always ship,0.516666666667,0.516666666667,1,0,0.0481430447235,31,29,0,0,60,0.486666666667
balanced,21,Never ship,0.483333333333,,0,1,0.0501881955103,0,0,31,29,60,0.513333333333
balanced,22,PROXIMA,0.95,1,0,0.103448275862,0.000831027336038,26,0,3,31,60,0.136666666667
balanced,22,Correlation,0.683333333333,0.604166666667,0.612903225806,0,0.0216925608795,29,19,0,12,60,0.303333333333
balanced,22,Decision only,0.95,1,0,0.103448275862,0.000831027336038,26,0,3,31,60,0.136666666667
balanced,22,Local only,0.95,1,0,0.103448275862,0.000831027336038,26,0,3,31,60,0.136666666667
balanced,22,Equal weights,0.95,1,0,0.103448275862,0.000831027336038,26,0,3,31,60,0.136666666667
balanced,22,No local component,0.95,1,0,0.103448275862,0.000831027336038,26,0,3,31,60,0.136666666667
balanced,22,Fixed faithful,0.95,1,0,0.103448275862,0.000831027336038,26,0,3,31,60,0.136666666667
balanced,22,Fixed offset,0.683333333333,0.604166666667,0.612903225806,0,0.0216925608795,29,19,0,12,60,0.303333333333
balanced,22,Fixed local_reversal,0.966666666667,1,0,0.0689655172414,0.000453980023548,27,0,2,31,60,0.233333333333
balanced,22,Fixed unrelated,0.516666666667,0.5,0.483870967742,0.48275862069,0.0584443206517,15,15,14,16,60,0.493333333333
balanced,22,Uniform proxy,0.779166666667,,,,0.0203554722227,,,,,,0.291666666667
balanced,22,Always ship,0.483333333333,0.483333333333,1,0,0.0605139615751,29,31,0,0,60,0.553333333333
balanced,22,Never ship,0.516666666667,,0,1,0.0565728997979,0,0,29,31,60,0.446666666667
balanced,23,PROXIMA,0.916666666667,0.809523809524,0.0952380952381,0.0555555555556,0.00174382011519,17,4,1,38,60,0.123333333333
balanced,23,Correlation,1,1,0,0,0,18,0,0,42,60,0.336666666667
balanced,23,Decision only,1,1,0,0,0,18,0,0,42,60,0.336666666667
balanced,23,Local only,0.916666666667,0.809523809524,0.0952380952381,0.0555555555556,0.00174382011519,17,4,1,38,60,0.123333333333
balanced,23,Equal weights,0.916666666667,0.809523809524,0.0952380952381,0.0555555555556,0.00174382011519,17,4,1,38,60,0.123333333333
balanced,23,No local component,1,1,0,0,0,18,0,0,42,60,0.336666666667
balanced,23,Fixed faithful,0.916666666667,0.809523809524,0.0952380952381,0.0555555555556,0.00174382011519,17,4,1,38,60,0.123333333333
balanced,23,Fixed offset,0.566666666667,0.409090909091,0.619047619048,0,0.0197202485485,18,26,0,16,60,0.35
balanced,23,Fixed local_reversal,1,1,0,0,0,18,0,0,42,60,0.336666666667
balanced,23,Fixed unrelated,0.466666666667,0.28125,0.547619047619,0.5,0.0499047102308,9,23,9,19,60,0.536666666667
balanced,23,Uniform proxy,0.7375,,,,0.0178421947236,,,,,,0.336666666667
balanced,23,Always ship,0.3,0.3,1,0,0.0703360201705,18,42,0,0,60,0.623333333333
balanced,23,Never ship,0.7,,0,1,0.0307994209113,0,0,18,42,60,0.376666666667
balanced,24,PROXIMA,0.866666666667,0.828571428571,0.206896551724,0.0645161290323,0.00214474708081,29,6,2,23,60,0.14
balanced,24,Correlation,0.583333333333,0.553571428571,0.862068965517,0,0.019505571768,31,25,0,4,60,0.306666666667
balanced,24,Decision only,0.933333333333,0.885714285714,0.137931034483,0,0.000709990570545,31,4,0,25,60,0.356666666667
balanced,24,Local only,0.866666666667,0.828571428571,0.206896551724,0.0645161290323,0.00214474708081,29,6,2,23,60,0.14
balanced,24,Equal weights,0.866666666667,0.828571428571,0.206896551724,0.0645161290323,0.00214474708081,29,6,2,23,60,0.14
balanced,24,No local component,0.933333333333,0.885714285714,0.137931034483,0,0.000709990570545,31,4,0,25,60,0.356666666667
balanced,24,Fixed faithful,0.866666666667,0.828571428571,0.206896551724,0.0645161290323,0.00214474708081,29,6,2,23,60,0.14
balanced,24,Fixed offset,0.583333333333,0.553571428571,0.862068965517,0,0.019505571768,31,25,0,4,60,0.306666666667
balanced,24,Fixed local_reversal,0.933333333333,0.885714285714,0.137931034483,0,0.000709990570545,31,4,0,25,60,0.356666666667
balanced,24,Fixed unrelated,0.466666666667,0.48275862069,0.51724137931,0.548387096774,0.0524339037328,14,15,17,14,60,0.493333333333
balanced,24,Uniform proxy,0.7125,,,,0.018698553288,,,,,,0.324166666667
balanced,24,Always ship,0.516666666667,0.516666666667,1,0,0.0331952089137,31,29,0,0,60,0.433333333333
balanced,24,Never ship,0.483333333333,,0,1,0.0563323945829,0,0,31,29,60,0.566666666667
balanced,25,PROXIMA,0.966666666667,0.928571428571,0.0588235294118,0,0.000843067726856,26,2,0,32,60,0.15
balanced,25,Correlation,0.95,0.96,0.0294117647059,0.0769230769231,0.00165589651917,24,1,2,33,60,0.32
balanced,25,Decision only,0.95,0.96,0.0294117647059,0.0769230769231,0.00165589651917,24,1,2,33,60,0.32
balanced,25,Local only,0.966666666667,0.928571428571,0.0588235294118,0,0.000843067726856,26,2,0,32,60,0.15
balanced,25,Equal weights,0.966666666667,0.928571428571,0.0588235294118,0,0.000843067726856,26,2,0,32,60,0.15
balanced,25,No local component,0.95,0.96,0.0294117647059,0.0769230769231,0.00165589651917,24,1,2,33,60,0.32
balanced,25,Fixed faithful,0.966666666667,0.928571428571,0.0588235294118,0,0.000843067726856,26,2,0,32,60,0.15
balanced,25,Fixed offset,0.633333333333,0.541666666667,0.647058823529,0,0.01882432762,26,22,0,12,60,0.316666666667
balanced,25,Fixed local_reversal,0.95,0.96,0.0294117647059,0.0769230769231,0.00165589651917,24,1,2,33,60,0.32
balanced,25,Fixed unrelated,0.383333333333,0.28,0.529411764706,0.730769230769,0.0653449347261,7,18,19,16,60,0.56
balanced,25,Uniform proxy,0.733333333333,,,,0.021667056648,,,,,,0.336666666667
balanced,25,Always ship,0.433333333333,0.433333333333,1,0,0.0527434247282,26,34,0,0,60,0.533333333333
balanced,25,Never ship,0.566666666667,,0,1,0.0491980746941,0,0,26,34,60,0.466666666667
balanced,26,PROXIMA,0.966666666667,1,0,0.0714285714286,0.00020808072545,26,0,2,32,60,0.123333333333
balanced,26,Correlation,0.733333333333,0.636363636364,0.5,0,0.020686357389,28,16,0,16,60,0.256666666667
balanced,26,Decision only,0.95,0.962962962963,0.03125,0.0714285714286,0.000548386626427,26,1,2,31,60,0.233333333333
balanced,26,Local only,0.966666666667,1,0,0.0714285714286,0.00020808072545,26,0,2,32,60,0.123333333333
balanced,26,Equal weights,0.966666666667,1,0,0.0714285714286,0.00020808072545,26,0,2,32,60,0.123333333333
balanced,26,No local component,0.95,0.962962962963,0.03125,0.0714285714286,0.000548386626427,26,1,2,31,60,0.233333333333
balanced,26,Fixed faithful,0.966666666667,1,0,0.0714285714286,0.00020808072545,26,0,2,32,60,0.123333333333
balanced,26,Fixed offset,0.733333333333,0.636363636364,0.5,0,0.020686357389,28,16,0,16,60,0.256666666667
balanced,26,Fixed local_reversal,0.95,0.962962962963,0.03125,0.0714285714286,0.000548386626427,26,1,2,31,60,0.233333333333
balanced,26,Fixed unrelated,0.45,0.413793103448,0.53125,0.571428571429,0.0742460219949,12,17,16,15,60,0.53
balanced,26,Uniform proxy,0.775,,,,0.0239222116839,,,,,,0.285833333333
balanced,26,Always ship,0.466666666667,0.466666666667,1,0,0.0698647328678,28,32,0,0,60,0.55
balanced,26,Never ship,0.533333333333,,0,1,0.0511271857495,0,0,28,32,60,0.45
balanced,27,PROXIMA,0.95,0.966666666667,0.0344827586207,0.0645161290323,0.000896931472032,29,1,2,28,60,0.13
balanced,27,Correlation,0.95,0.9375,0.0689655172414,0.0322580645161,0.000761085422295,30,2,1,27,60,0.313333333333
balanced,27,Decision only,0.95,0.9375,0.0689655172414,0.0322580645161,0.000761085422295,30,2,1,27,60,0.313333333333
balanced,27,Local only,0.95,0.966666666667,0.0344827586207,0.0645161290323,0.000896931472032,29,1,2,28,60,0.13
balanced,27,Equal weights,0.95,0.966666666667,0.0344827586207,0.0645161290323,0.000896931472032,29,1,2,28,60,0.13
balanced,27,No local component,0.95,0.9375,0.0689655172414,0.0322580645161,0.000761085422295,30,2,1,27,60,0.313333333333
balanced,27,Fixed faithful,0.95,0.966666666667,0.0344827586207,0.0645161290323,0.000896931472032,29,1,2,28,60,0.13
balanced,27,Fixed offset,0.666666666667,0.607843137255,0.689655172414,0,0.0199006334679,31,20,0,9,60,0.283333333333
balanced,27,Fixed local_reversal,0.95,0.9375,0.0689655172414,0.0322580645161,0.000761085422295,30,2,1,27,60,0.313333333333
balanced,27,Fixed unrelated,0.383333333333,0.411764705882,0.689655172414,0.548387096774,0.063477131855,14,20,17,9,60,0.526666666667
balanced,27,Uniform proxy,0.7375,,,,0.0212589455543,,,,,,0.313333333333
balanced,27,Always ship,0.516666666667,0.516666666667,1,0,0.0470609887913,31,29,0,0,60,0.493333333333
balanced,27,Never ship,0.483333333333,,0,1,0.0536667589238,0,0,31,29,60,0.506666666667
balanced,28,PROXIMA,0.933333333333,0.9,0.05,0.1,0.000644282002508,18,2,2,38,60,0.176666666667
balanced,28,Correlation,0.483333333333,0.392156862745,0.775,0,0.0235971027243,20,31,0,9,60,0.346666666667
balanced,28,Decision only,0.966666666667,0.909090909091,0.05,0,0.000159209966386,20,2,0,38,60,0.376666666667
balanced,28,Local only,0.933333333333,0.9,0.05,0.1,0.000644282002508,18,2,2,38,60,0.176666666667
balanced,28,Equal weights,0.933333333333,0.9,0.05,0.1,0.000644282002508,18,2,2,38,60,0.176666666667
balanced,28,No local component,0.966666666667,0.909090909091,0.05,0,0.000159209966386,20,2,0,38,60,0.376666666667
balanced,28,Fixed faithful,0.933333333333,0.9,0.05,0.1,0.000644282002508,18,2,2,38,60,0.176666666667
balanced,28,Fixed offset,0.483333333333,0.392156862745,0.775,0,0.0235971027243,20,31,0,9,60,0.346666666667
balanced,28,Fixed local_reversal,0.966666666667,0.909090909091,0.05,0,0.000159209966386,20,2,0,38,60,0.376666666667
balanced,28,Fixed unrelated,0.5,0.34375,0.525,0.45,0.048393599618,11,21,9,19,60,0.463333333333
balanced,28,Uniform proxy,0.720833333333,,,,0.0181985485778,,,,,,0.340833333333
balanced,28,Always ship,0.333333333333,0.333333333333,1,0,0.0530339706651,20,40,0,0,60,0.553333333333
balanced,28,Never ship,0.666666666667,,0,1,0.0367762107993,0,0,20,40,60,0.446666666667
balanced,29,PROXIMA,0.883333333333,0.793103448276,0.166666666667,0.0416666666667,0.00217088760645,23,6,1,30,60,0.206666666667
balanced,29,Correlation,0.983333333333,1,0,0.0416666666667,0.000129283539521,23,0,1,36,60,0.323333333333
balanced,29,Decision only,0.983333333333,1,0,0.0416666666667,0.000129283539521,23,0,1,36,60,0.323333333333
balanced,29,Local only,0.883333333333,0.793103448276,0.166666666667,0.0416666666667,0.00217088760645,23,6,1,30,60,0.206666666667
balanced,29,Equal weights,0.883333333333,0.793103448276,0.166666666667,0.0416666666667,0.00217088760645,23,6,1,30,60,0.206666666667
balanced,29,No local component,0.983333333333,1,0,0.0416666666667,0.000129283539521,23,0,1,36,60,0.323333333333
balanced,29,Fixed faithful,0.883333333333,0.793103448276,0.166666666667,0.0416666666667,0.00217088760645,23,6,1,30,60,0.206666666667
balanced,29,Fixed offset,0.55,0.470588235294,0.75,0,0.0313323466263,24,27,0,9,60,0.356666666667
balanced,29,Fixed local_reversal,0.983333333333,1,0,0.0416666666667,0.000129283539521,23,0,1,36,60,0.323333333333
balanced,29,Fixed unrelated,0.433333333333,0.333333333333,0.555555555556,0.583333333333,0.048793257113,10,20,14,16,60,0.49
balanced,29,Uniform proxy,0.7125,,,,0.0206064437213,,,,,,0.344166666667
balanced,29,Always ship,0.4,0.4,1,0,0.0584850663265,24,36,0,0,60,0.6
balanced,29,Never ship,0.6,,0,1,0.0309819892357,0,0,24,36,60,0.4
balanced,30,PROXIMA,0.95,0.969696969697,0.0384615384615,0.0588235294118,0.00136728722175,32,1,2,25,60,0.136666666667
balanced,30,Correlation,0.95,1,0,0.0882352941176,0.000406955284301,31,0,3,26,60,0.323333333333
balanced,30,Decision only,0.95,1,0,0.0882352941176,0.000406955284301,31,0,3,26,60,0.323333333333
balanced,30,Local only,0.95,0.969696969697,0.0384615384615,0.0588235294118,0.00136728722175,32,1,2,25,60,0.136666666667
balanced,30,Equal weights,0.95,0.969696969697,0.0384615384615,0.0588235294118,0.00136728722175,32,1,2,25,60,0.136666666667
balanced,30,No local component,0.95,1,0,0.0882352941176,0.000406955284301,31,0,3,26,60,0.323333333333
balanced,30,Fixed faithful,0.95,0.969696969697,0.0384615384615,0.0588235294118,0.00136728722175,32,1,2,25,60,0.136666666667
balanced,30,Fixed offset,0.683333333333,0.641509433962,0.730769230769,0,0.0221741830593,34,19,0,7,60,0.256666666667
balanced,30,Fixed local_reversal,0.95,1,0,0.0882352941176,0.000406955284301,31,0,3,26,60,0.323333333333
balanced,30,Fixed unrelated,0.533333333333,0.59375,0.5,0.441176470588,0.0410702167658,19,13,15,13,60,0.413333333333
balanced,30,Uniform proxy,0.779166666667,,,,0.0162546605828,,,,,,0.2825
balanced,30,Always ship,0.566666666667,0.566666666667,1,0,0.0457693716965,34,26,0,0,60,0.453333333333
balanced,30,Never ship,0.433333333333,,0,1,0.0556315806298,0,0,34,26,60,0.546666666667
balanced,31,PROXIMA,0.95,0.964285714286,0.0322580645161,0.0689655172414,0.000822737573721,27,1,2,30,60,0.19
balanced,31,Correlation,0.633333333333,0.56862745098,0.709677419355,0,0.0192741602812,29,22,0,9,60,0.3
balanced,31,Decision only,0.933333333333,0.931034482759,0.0645161290323,0.0689655172414,0.000806555892795,27,2,2,29,60,0.323333333333
balanced,31,Local only,0.95,0.964285714286,0.0322580645161,0.0689655172414,0.000822737573721,27,1,2,30,60,0.19
balanced,31,Equal weights,0.95,0.964285714286,0.0322580645161,0.0689655172414,0.000822737573721,27,1,2,30,60,0.19
balanced,31,No local component,0.933333333333,0.931034482759,0.0645161290323,0.0689655172414,0.000806555892795,27,2,2,29,60,0.323333333333
balanced,31,Fixed faithful,0.95,0.964285714286,0.0322580645161,0.0689655172414,0.000822737573721,27,1,2,30,60,0.19
balanced,31,Fixed offset,0.633333333333,0.56862745098,0.709677419355,0,0.0192741602812,29,22,0,9,60,0.3
balanced,31,Fixed local_reversal,0.933333333333,0.931034482759,0.0645161290323,0.0689655172414,0.000806555892795,27,2,2,29,60,0.323333333333
balanced,31,Fixed unrelated,0.533333333333,0.51724137931,0.451612903226,0.48275862069,0.0556972888532,15,14,14,17,60,0.526666666667
balanced,31,Uniform proxy,0.7625,,,,0.0191501856502,,,,,,0.335
balanced,31,Always ship,0.483333333333,0.483333333333,1,0,0.0492330508286,29,31,0,0,60,0.493333333333
balanced,31,Never ship,0.516666666667,,0,1,0.0473094853139,0,0,29,31,60,0.506666666667
balanced,32,PROXIMA,0.983333333333,1,0,0.0344827586207,0.000554027726611,28,0,1,31,60,0.123333333333
balanced,32,Correlation,0.566666666667,0.527272727273,0.838709677419,0,0.0264000960411,29,26,0,5,60,0.31
balanced,32,Decision only,0.983333333333,1,0,0.0344827586207,0.000554027726611,28,0,1,31,60,0.123333333333
balanced,32,Local only,0.983333333333,1,0,0.0344827586207,0.000554027726611,28,0,1,31,60,0.123333333333
balanced,32,Equal weights,0.983333333333,1,0,0.0344827586207,0.000554027726611,28,0,1,31,60,0.123333333333
balanced,32,No local component,1,1,0,0,0,29,0,0,31,60,0.303333333333
balanced,32,Fixed faithful,0.983333333333,1,0,0.0344827586207,0.000554027726611,28,0,1,31,60,0.123333333333
balanced,32,Fixed offset,0.566666666667,0.527272727273,0.838709677419,0,0.0264000960411,29,26,0,5,60,0.31
balanced,32,Fixed local_reversal,1,1,0,0,0,29,0,0,31,60,0.303333333333
balanced,32,Fixed unrelated,0.55,0.533333333333,0.451612903226,0.448275862069,0.0435503052648,16,14,13,17,60,0.493333333333
balanced,32,Uniform proxy,0.775,,,,0.0176261072581,,,,,,0.3075
balanced,32,Always ship,0.483333333333,0.483333333333,1,0,0.0425755780582,29,31,0,0,60,0.486666666667
balanced,32,Never ship,0.516666666667,,0,1,0.0510292997205,0,0,29,31,60,0.513333333333
balanced,33,PROXIMA,0.866666666667,0.866666666667,0.133333333333,0.133333333333,0.00319095819292,26,4,4,26,60,0.17
balanced,33,Correlation,0.683333333333,0.612244897959,0.633333333333,0,0.0170645056917,30,19,0,11,60,0.266666666667
balanced,33,Decision only,0.966666666667,0.966666666667,0.0333333333333,0.0333333333333,0.000506203772691,29,1,1,29,60,0.34
balanced,33,Local only,0.866666666667,0.866666666667,0.133333333333,0.133333333333,0.00319095819292,26,4,4,26,60,0.17
balanced,33,Equal weights,0.866666666667,0.866666666667,0.133333333333,0.133333333333,0.00319095819292,26,4,4,26,60,0.17
balanced,33,No local component,0.966666666667,0.966666666667,0.0333333333333,0.0333333333333,0.000506203772691,29,1,1,29,60,0.34
balanced,33,Fixed faithful,0.866666666667,0.866666666667,0.133333333333,0.133333333333,0.00319095819292,26,4,4,26,60,0.17
balanced,33,Fixed offset,0.683333333333,0.612244897959,0.633333333333,0,0.0170645056917,30,19,0,11,60,0.266666666667
balanced,33,Fixed local_reversal,0.966666666667,0.966666666667,0.0333333333333,0.0333333333333,0.000506203772691,29,1,1,29,60,0.34
balanced,33,Fixed unrelated,0.483333333333,0.485714285714,0.6,0.433333333333,0.047041469174,17,18,13,12,60,0.53
balanced,33,Uniform proxy,0.75,,,,0.0169507842078,,,,,,0.326666666667
balanced,33,Always ship,0.5,0.5,1,0,0.0472776508537,30,30,0,0,60,0.48
balanced,33,Never ship,0.5,,0,1,0.0488477629558,0,0,30,30,60,0.52
balanced,34,PROXIMA,0.9,0.90625,0.107142857143,0.09375,0.0013206988649,29,3,3,25,60,0.176666666667
balanced,34,Correlation,0.683333333333,0.627450980392,0.678571428571,0,0.0216099791279,32,19,0,9,60,0.29
balanced,34,Decision only,0.9,0.90625,0.107142857143,0.09375,0.0013206988649,29,3,3,25,60,0.176666666667
balanced,34,Local only,0.9,0.90625,0.107142857143,0.09375,0.0013206988649,29,3,3,25,60,0.176666666667
balanced,34,Equal weights,0.9,0.90625,0.107142857143,0.09375,0.0013206988649,29,3,3,25,60,0.176666666667
balanced,34,No local component,0.983333333333,1,0,0.03125,5.05671844629e-05,31,0,1,28,60,0.306666666667
balanced,34,Fixed faithful,0.9,0.90625,0.107142857143,0.09375,0.0013206988649,29,3,3,25,60,0.176666666667
balanced,34,Fixed offset,0.683333333333,0.627450980392,0.678571428571,0,0.0216099791279,32,19,0,9,60,0.29
balanced,34,Fixed local_reversal,0.983333333333,1,0,0.03125,5.05671844629e-05,31,0,1,28,60,0.306666666667
balanced,34,Fixed unrelated,0.466666666667,0.5,0.571428571429,0.5,0.0551338833957,16,16,16,12,60,0.536666666667
balanced,34,Uniform proxy,0.758333333333,,,,0.0195287821432,,,,,,0.3275
balanced,34,Always ship,0.533333333333,0.533333333333,1,0,0.050892377354,32,28,0,0,60,0.493333333333
balanced,34,Never ship,0.466666666667,,0,1,0.0509217556665,0,0,32,28,60,0.506666666667
balanced,35,PROXIMA,0.95,0.939393939394,0.0714285714286,0.03125,0.000293608688737,31,2,1,26,60,0.146666666667
balanced,35,Correlation,0.683333333333,0.627450980392,0.678571428571,0,0.0180087943221,32,19,0,9,60,0.273333333333
balanced,35,Decision only,0.95,0.939393939394,0.0714285714286,0.03125,0.000293608688737,31,2,1,26,60,0.146666666667
balanced,35,Local only,0.95,0.939393939394,0.0714285714286,0.03125,0.000293608688737,31,2,1,26,60,0.146666666667
balanced,35,Equal weights,0.95,0.939393939394,0.0714285714286,0.03125,0.000293608688737,31,2,1,26,60,0.146666666667
balanced,35,No local component,0.916666666667,0.965517241379,0.0357142857143,0.125,0.000968320766632,28,1,4,27,60,0.353333333333
balanced,35,Fixed faithful,0.95,0.939393939394,0.0714285714286,0.03125,0.000293608688737,31,2,1,26,60,0.146666666667
balanced,35,Fixed offset,0.683333333333,0.627450980392,0.678571428571,0,0.0180087943221,32,19,0,9,60,0.273333333333
balanced,35,Fixed local_reversal,0.916666666667,0.965517241379,0.0357142857143,0.125,0.000968320766632,28,1,4,27,60,0.353333333333
balanced,35,Fixed unrelated,0.366666666667,0.411764705882,0.714285714286,0.5625,0.0561443627425,14,20,18,8,60,0.52
balanced,35,Uniform proxy,0.729166666667,,,,0.01885377163,,,,,,0.323333333333
balanced,35,Always ship,0.533333333333,0.533333333333,1,0,0.046598798489,32,28,0,0,60,0.49
balanced,35,Never ship,0.466666666667,,0,1,0.0530650797192,0,0,32,28,60,0.51
balanced,36,PROXIMA,0.983333333333,0.966666666667,0.0322580645161,0,0.000560488757371,29,1,0,30,60,0.11
balanced,36,Correlation,0.966666666667,0.965517241379,0.0322580645161,0.0344827586207,0.000784617045231,28,1,1,30,60,0.223333333333
balanced,36,Decision only,0.983333333333,0.966666666667,0.0322580645161,0,0.000560488757371,29,1,0,30,60,0.11
balanced,36,Local only,0.983333333333,0.966666666667,0.0322580645161,0,0.000560488757371,29,1,0,30,60,0.11
balanced,36,Equal weights,0.983333333333,0.966666666667,0.0322580645161,0,0.000560488757371,29,1,0,30,60,0.11
balanced,36,No local component,0.966666666667,0.965517241379,0.0322580645161,0.0344827586207,0.000784617045231,28,1,1,30,60,0.223333333333
balanced,36,Fixed faithful,0.983333333333,0.966666666667,0.0322580645161,0,0.000560488757371,29,1,0,30,60,0.11
balanced,36,Fixed offset,0.683333333333,0.604166666667,0.612903225806,0,0.0229105392833,29,19,0,12,60,0.293333333333
balanced,36,Fixed local_reversal,0.966666666667,0.965517241379,0.0322580645161,0.0344827586207,0.000784617045231,28,1,1,30,60,0.223333333333
balanced,36,Fixed unrelated,0.666666666667,0.655172413793,0.322580645161,0.344827586207,0.0365039483225,19,10,10,21,60,0.416666666667
balanced,36,Uniform proxy,0.825,,,,0.0151898983521,,,,,,0.260833333333
balanced,36,Always ship,0.483333333333,0.483333333333,1,0,0.0541945183173,29,31,0,0,60,0.51
balanced,36,Never ship,0.516666666667,,0,1,0.0568732011416,0,0,29,31,60,0.49
balanced,37,PROXIMA,0.916666666667,0.923076923077,0.0606060606061,0.111111111111,0.00119372631062,24,2,3,31,60,0.163333333333
balanced,37,Correlation,0.883333333333,0.916666666667,0.0606060606061,0.185185185185,0.000328516124361,22,2,5,31,60,0.43
balanced,37,Decision only,0.883333333333,0.916666666667,0.0606060606061,0.185185185185,0.000328516124361,22,2,5,31,60,0.43
balanced,37,Local only,0.916666666667,0.923076923077,0.0606060606061,0.111111111111,0.00119372631062,24,2,3,31,60,0.163333333333
balanced,37,Equal weights,0.916666666667,0.923076923077,0.0606060606061,0.111111111111,0.00119372631062,24,2,3,31,60,0.163333333333
balanced,37,No local component,0.883333333333,0.916666666667,0.0606060606061,0.185185185185,0.000328516124361,22,2,5,31,60,0.43
balanced,37,Fixed faithful,0.916666666667,0.923076923077,0.0606060606061,0.111111111111,0.00119372631062,24,2,3,31,60,0.163333333333
balanced,37,Fixed offset,0.616666666667,0.54,0.69696969697,0,0.0186167265824,27,23,0,10,60,0.376666666667
balanced,37,Fixed local_reversal,0.883333333333,0.916666666667,0.0606060606061,0.185185185185,0.000328516124361,22,2,5,31,60,0.43
balanced,37,Fixed unrelated,0.533333333333,0.481481481481,0.424242424242,0.518518518519,0.0349308456374,13,14,14,19,60,0.48
balanced,37,Uniform proxy,0.7375,,,,0.0137674536637,,,,,,0.3625
balanced,37,Always ship,0.45,0.45,1,0,0.0504043046712,27,33,0,0,60,0.576666666667
balanced,37,Never ship,0.55,,0,1,0.0288181525415,0,0,27,33,60,0.423333333333
balanced,38,PROXIMA,0.9,0.961538461538,0.0333333333333,0.166666666667,0.00163952917389,25,1,5,29,60,0.146666666667
balanced,38,Correlation,0.95,0.935483870968,0.0666666666667,0.0333333333333,9.01859211145e-05,29,2,1,28,60,0.433333333333
balanced,38,Decision only,0.95,0.935483870968,0.0666666666667,0.0333333333333,9.01859211145e-05,29,2,1,28,60,0.433333333333
balanced,38,Local only,0.9,0.961538461538,0.0333333333333,0.166666666667,0.00163952917389,25,1,5,29,60,0.146666666667
balanced,38,Equal weights,0.9,0.961538461538,0.0333333333333,0.166666666667,0.00163952917389,25,1,5,29,60,0.146666666667
balanced,38,No local component,0.95,0.935483870968,0.0666666666667,0.0333333333333,9.01859211145e-05,29,2,1,28,60,0.433333333333
balanced,38,Fixed faithful,0.9,0.961538461538,0.0333333333333,0.166666666667,0.00163952917389,25,1,5,29,60,0.146666666667
balanced,38,Fixed offset,0.666666666667,0.6,0.666666666667,0,0.0172273188553,30,20,0,10,60,0.32
balanced,38,Fixed local_reversal,0.95,0.935483870968,0.0666666666667,0.0333333333333,9.01859211145e-05,29,2,1,28,60,0.433333333333
balanced,38,Fixed unrelated,0.4,0.40625,0.633333333333,0.566666666667,0.0477468421483,13,19,17,11,60,0.543333333333
balanced,38,Uniform proxy,0.729166666667,,,,0.0166759690247,,,,,,0.360833333333
balanced,38,Always ship,0.5,0.5,1,0,0.0426558427687,30,30,0,0,60,0.526666666667
balanced,38,Never ship,0.5,,0,1,0.0393539035417,0,0,30,30,60,0.473333333333
balanced,39,PROXIMA,0.883333333333,0.967741935484,0.0416666666667,0.166666666667,0.00318525747174,30,1,6,23,60,0.166666666667
balanced,39,Correlation,0.95,0.945945945946,0.0833333333333,0.0277777777778,0.000428581962663,35,2,1,22,60,0.333333333333
balanced,39,Decision only,0.95,0.945945945946,0.0833333333333,0.0277777777778,0.000428581962663,35,2,1,22,60,0.333333333333
balanced,39,Local only,0.883333333333,0.967741935484,0.0416666666667,0.166666666667,0.00318525747174,30,1,6,23,60,0.166666666667
balanced,39,Equal weights,0.883333333333,0.967741935484,0.0416666666667,0.166666666667,0.00318525747174,30,1,6,23,60,0.166666666667
balanced,39,No local component,0.95,0.945945945946,0.0833333333333,0.0277777777778,0.000428581962663,35,2,1,22,60,0.333333333333
balanced,39,Fixed faithful,0.883333333333,0.967741935484,0.0416666666667,0.166666666667,0.00318525747174,30,1,6,23,60,0.166666666667
balanced,39,Fixed offset,0.733333333333,0.692307692308,0.666666666667,0,0.0143679588385,36,16,0,8,60,0.28
balanced,39,Fixed local_reversal,0.95,0.945945945946,0.0833333333333,0.0277777777778,0.000428581962663,35,2,1,22,60,0.333333333333
balanced,39,Fixed unrelated,0.466666666667,0.571428571429,0.5,0.555555555556,0.0579530078598,16,12,20,12,60,0.526666666667
balanced,39,Uniform proxy,0.758333333333,,,,0.0189837015332,,,,,,0.326666666667
balanced,39,Always ship,0.6,0.6,1,0,0.0402838451002,36,24,0,0,60,0.446666666667
balanced,39,Never ship,0.4,,0,1,0.0549197191325,0,0,36,24,60,0.553333333333
balanced,40,PROXIMA,0.9,0.966666666667,0.0384615384615,0.147058823529,0.00182060037831,29,1,5,25,60,0.13
balanced,40,Correlation,0.966666666667,0.970588235294,0.0384615384615,0.0294117647059,0.000492435485179,33,1,1,25,60,0.313333333333
balanced,40,Decision only,0.9,0.966666666667,0.0384615384615,0.147058823529,0.00182060037831,29,1,5,25,60,0.13
balanced,40,Local only,0.9,0.966666666667,0.0384615384615,0.147058823529,0.00182060037831,29,1,5,25,60,0.13
balanced,40,Equal weights,0.9,0.966666666667,0.0384615384615,0.147058823529,0.00182060037831,29,1,5,25,60,0.13
balanced,40,No local component,0.966666666667,0.970588235294,0.0384615384615,0.0294117647059,0.000492435485179,33,1,1,25,60,0.313333333333
balanced,40,Fixed faithful,0.9,0.966666666667,0.0384615384615,0.147058823529,0.00182060037831,29,1,5,25,60,0.13
balanced,40,Fixed offset,0.766666666667,0.708333333333,0.538461538462,0,0.0126964450349,34,14,0,12,60,0.286666666667
balanced,40,Fixed local_reversal,0.966666666667,0.970588235294,0.0384615384615,0.0294117647059,0.000492435485179,33,1,1,25,60,0.313333333333
balanced,40,Fixed unrelated,0.466666666667,0.53125,0.576923076923,0.5,0.0553572651745,17,15,17,11,60,0.503333333333
balanced,40,Uniform proxy,0.775,,,,0.0175916865182,,,,,,0.308333333333
balanced,40,Always ship,0.566666666667,0.566666666667,1,0,0.0463457764034,34,26,0,0,60,0.493333333333
balanced,40,Never ship,0.433333333333,,0,1,0.0517733777816,0,0,34,26,60,0.506666666667
balanced,41,PROXIMA,0.9,0.9,0.1,0.1,0.00165601448259,27,3,3,27,60,0.153333333333
balanced,41,Correlation,0.65,0.588235294118,0.7,0,0.0192280399856,30,21,0,9,60,0.306666666667
balanced,41,Decision only,0.9,0.9,0.1,0.1,0.00165601448259,27,3,3,27,60,0.153333333333
balanced,41,Local only,0.9,0.9,0.1,0.1,0.00165601448259,27,3,3,27,60,0.153333333333
balanced,41,Equal weights,0.9,0.9,0.1,0.1,0.00165601448259,27,3,3,27,60,0.153333333333
balanced,41,No local component,0.9,0.9,0.1,0.1,0.00165601448259,27,3,3,27,60,0.153333333333
balanced,41,Fixed faithful,0.9,0.9,0.1,0.1,0.00165601448259,27,3,3,27,60,0.153333333333
balanced,41,Fixed offset,0.65,0.588235294118,0.7,0,0.0192280399856,30,21,0,9,60,0.306666666667
balanced,41,Fixed local_reversal,0.966666666667,0.966666666667,0.0333333333333,0.0333333333333,0.000216783263171,29,1,1,29,60,0.423333333333
balanced,41,Fixed unrelated,0.616666666667,0.62962962963,0.333333333333,0.433333333333,0.0348544505082,17,10,13,20,60,0.483333333333
balanced,41,Uniform proxy,0.783333333333,,,,0.0139888220599,,,,,,0.341666666667
balanced,41,Always ship,0.5,0.5,1,0,0.0466492306233,30,30,0,0,60,0.506666666667
balanced,41,Never ship,0.5,,0,1,0.0470820033027,0,0,30,30,60,0.493333333333
balanced,42,PROXIMA,0.933333333333,0.925,0.136363636364,0.0263157894737,0.00179092097195,37,3,1,19,60,0.143333333333
balanced,42,Correlation,0.916666666667,0.971428571429,0.0454545454545,0.105263157895,0.00153678130905,34,1,4,21,60,0.333333333333
balanced,42,Decision only,0.916666666667,0.971428571429,0.0454545454545,0.105263157895,0.00153678130905,34,1,4,21,60,0.333333333333
balanced,42,Local only,0.933333333333,0.925,0.136363636364,0.0263157894737,0.00179092097195,37,3,1,19,60,0.143333333333
balanced,42,Equal weights,0.933333333333,0.925,0.136363636364,0.0263157894737,0.00179092097195,37,3,1,19,60,0.143333333333
balanced,42,No local component,0.916666666667,0.971428571429,0.0454545454545,0.105263157895,0.00153678130905,34,1,4,21,60,0.333333333333
balanced,42,Fixed faithful,0.933333333333,0.925,0.136363636364,0.0263157894737,0.00179092097195,37,3,1,19,60,0.143333333333
balanced,42,Fixed offset,0.816666666667,0.775510204082,0.5,0,0.00971532251802,38,11,0,11,60,0.256666666667
balanced,42,Fixed local_reversal,0.916666666667,0.971428571429,0.0454545454545,0.105263157895,0.00153678130905,34,1,4,21,60,0.333333333333
balanced,42,Fixed unrelated,0.466666666667,0.578947368421,0.727272727273,0.421052631579,0.0638516039581,22,16,16,6,60,0.523333333333
balanced,42,Uniform proxy,0.783333333333,,,,0.0192236571893,,,,,,0.314166666667
balanced,42,Always ship,0.633333333333,0.633333333333,1,0,0.0429184534988,38,22,0,0,60,0.443333333333
balanced,42,Never ship,0.366666666667,,0,1,0.0633221250636,0,0,38,22,60,0.556666666667
balanced,43,PROXIMA,0.933333333333,0.95,0.1,0.05,0.00119175167525,38,2,2,18,60,0.16
balanced,43,Correlation,0.95,0.974358974359,0.05,0.05,0.000467717118029,38,1,2,19,60,0.376666666667
balanced,43,Decision only,0.95,0.974358974359,0.05,0.05,0.000467717118029,38,1,2,19,60,0.376666666667
balanced,43,Local only,0.933333333333,0.95,0.1,0.05,0.00119175167525,38,2,2,18,60,0.16
balanced,43,Equal weights,0.933333333333,0.95,0.1,0.05,0.00119175167525,38,2,2,18,60,0.16
balanced,43,No local component,0.95,0.974358974359,0.05,0.05,0.000467717118029,38,1,2,19,60,0.376666666667
balanced,43,Fixed faithful,0.933333333333,0.95,0.1,0.05,0.00119175167525,38,2,2,18,60,0.16
balanced,43,Fixed offset,0.8,0.769230769231,0.6,0,0.0101294341742,40,12,0,8,60,0.226666666667
balanced,43,Fixed local_reversal,0.95,0.974358974359,0.05,0.05,0.000467717118029,38,1,2,19,60,0.376666666667
balanced,43,Fixed unrelated,0.55,0.69696969697,0.5,0.425,0.0402053851554,23,10,17,10,60,0.54
balanced,43,Uniform proxy,0.808333333333,,,,0.0129985720307,,,,,,0.325833333333
balanced,43,Always ship,0.666666666667,0.666666666667,1,0,0.0369757791798,40,20,0,0,60,0.386666666667
balanced,43,Never ship,0.333333333333,,0,1,0.0532813599316,0,0,40,20,60,0.613333333333
balanced,44,PROXIMA,0.916666666667,1,0,0.161290322581,0.00151419151245,26,0,5,29,60,0.14
balanced,44,Correlation,0.716666666667,0.645833333333,0.586206896552,0,0.011443228973,31,17,0,12,60,0.293333333333
balanced,44,Decision only,0.916666666667,0.90625,0.103448275862,0.0645161290323,0.000882253362753,29,3,2,26,60,0.37
balanced,44,Local only,0.916666666667,1,0,0.161290322581,0.00151419151245,26,0,5,29,60,0.14
balanced,44,Equal weights,0.916666666667,1,0,0.161290322581,0.00151419151245,26,0,5,29,60,0.14
balanced,44,No local component,0.916666666667,0.90625,0.103448275862,0.0645161290323,0.000882253362753,29,3,2,26,60,0.37
balanced,44,Fixed faithful,0.916666666667,1,0,0.161290322581,0.00151419151245,26,0,5,29,60,0.14
balanced,44,Fixed offset,0.716666666667,0.645833333333,0.586206896552,0,0.011443228973,31,17,0,12,60,0.293333333333
balanced,44,Fixed local_reversal,0.916666666667,0.90625,0.103448275862,0.0645161290323,0.000882253362753,29,3,2,26,60,0.37
balanced,44,Fixed unrelated,0.383333333333,0.392857142857,0.586206896552,0.645161290323,0.0494365629107,11,17,20,12,60,0.523333333333
balanced,44,Uniform proxy,0.733333333333,,,,0.0158190591897,,,,,,0.331666666667
balanced,44,Always ship,0.516666666667,0.516666666667,1,0,0.0466714278845,31,29,0,0,60,0.486666666667
balanced,44,Never ship,0.483333333333,,0,1,0.0487761210808,0,0,31,29,60,0.513333333333
balanced,45,PROXIMA,0.816666666667,0.866666666667,0.148148148148,0.212121212121,0.00187843788685,26,4,7,23,60,0.146666666667
balanced,45,Correlation,0.683333333333,0.634615384615,0.703703703704,0,0.011537123295,33,19,0,8,60,0.256666666667
balanced,45,Decision only,0.816666666667,0.866666666667,0.148148148148,0.212121212121,0.00187843788685,26,4,7,23,60,0.146666666667
balanced,45,Local only,0.816666666667,0.866666666667,0.148148148148,0.212121212121,0.00187843788685,26,4,7,23,60,0.146666666667
balanced,45,Equal weights,0.816666666667,0.866666666667,0.148148148148,0.212121212121,0.00187843788685,26,4,7,23,60,0.146666666667
balanced,45,No local component,0.933333333333,0.967741935484,0.037037037037,0.0909090909091,0.000260699094871,30,1,3,26,60,0.403333333333
balanced,45,Fixed faithful,0.816666666667,0.866666666667,0.148148148148,0.212121212121,0.00187843788685,26,4,7,23,60,0.146666666667
balanced,45,Fixed offset,0.683333333333,0.634615384615,0.703703703704,0,0.011537123295,33,19,0,8,60,0.256666666667
balanced,45,Fixed local_reversal,0.933333333333,0.967741935484,0.037037037037,0.0909090909091,0.000260699094871,30,1,3,26,60,0.403333333333
balanced,45,Fixed unrelated,0.466666666667,0.515151515152,0.592592592593,0.484848484848,0.0426399021254,17,16,16,11,60,0.49
balanced,45,Uniform proxy,0.725,,,,0.0140790406005,,,,,,0.324166666667
balanced,45,Always ship,0.55,0.55,1,0,0.0343701735032,33,27,0,0,60,0.426666666667
balanced,45,Never ship,0.45,,0,1,0.051454107116,0,0,33,27,60,0.573333333333
balanced,46,PROXIMA,0.916666666667,0.888888888889,0.0882352941176,0.0769230769231,0.00237678157905,24,3,2,31,60,0.116666666667
balanced,46,Correlation,0.633333333333,0.541666666667,0.647058823529,0,0.0240205976926,26,22,0,12,60,0.363333333333
balanced,46,Decision only,0.983333333333,0.962962962963,0.0294117647059,0,3.79244978744e-05,26,1,0,33,60,0.286666666667
balanced,46,Local only,0.916666666667,0.888888888889,0.0882352941176,0.0769230769231,0.00237678157905,24,3,2,31,60,0.116666666667
balanced,46,Equal weights,0.916666666667,0.888888888889,0.0882352941176,0.0769230769231,0.00237678157905,24,3,2,31,60,0.116666666667
balanced,46,No local component,0.983333333333,0.962962962963,0.0294117647059,0,3.79244978744e-05,26,1,0,33,60,0.286666666667
balanced,46,Fixed faithful,0.916666666667,0.888888888889,0.0882352941176,0.0769230769231,0.00237678157905,24,3,2,31,60,0.116666666667
balanced,46,Fixed offset,0.633333333333,0.541666666667,0.647058823529,0,0.0240205976926,26,22,0,12,60,0.363333333333
balanced,46,Fixed local_reversal,0.983333333333,0.962962962963,0.0294117647059,0,3.79244978744e-05,26,1,0,33,60,0.286666666667
balanced,46,Fixed unrelated,0.5,0.433333333333,0.5,0.5,0.0502218256848,13,17,13,17,60,0.456666666667
balanced,46,Uniform proxy,0.758333333333,,,,0.0191642823636,,,,,,0.305833333333
balanced,46,Always ship,0.433333333333,0.433333333333,1,0,0.055186017693,26,34,0,0,60,0.583333333333
balanced,46,Never ship,0.566666666667,,0,1,0.0443245096224,0,0,26,34,60,0.416666666667
balanced,47,PROXIMA,0.916666666667,0.935483870968,0.0714285714286,0.09375,0.00237581801221,29,2,3,26,60,0.146666666667
balanced,47,Correlation,0.916666666667,0.935483870968,0.0714285714286,0.09375,0.00102109721764,29,2,3,26,60,0.356666666667
balanced,47,Decision only,0.916666666667,0.935483870968,0.0714285714286,0.09375,0.00102109721764,29,2,3,26,60,0.356666666667
balanced,47,Local only,0.916666666667,0.935483870968,0.0714285714286,0.09375,0.00237581801221,29,2,3,26,60,0.146666666667
balanced,47,Equal weights,0.916666666667,0.935483870968,0.0714285714286,0.09375,0.00237581801221,29,2,3,26,60,0.146666666667
balanced,47,No local component,0.916666666667,0.935483870968,0.0714285714286,0.09375,0.00102109721764,29,2,3,26,60,0.356666666667
balanced,47,Fixed faithful,0.916666666667,0.935483870968,0.0714285714286,0.09375,0.00237581801221,29,2,3,26,60,0.146666666667
balanced,47,Fixed offset,0.716666666667,0.65306122449,0.607142857143,0,0.0159454073188,32,17,0,11,60,0.276666666667
balanced,47,Fixed local_reversal,0.916666666667,0.935483870968,0.0714285714286,0.09375,0.00102109721764,29,2,3,26,60,0.356666666667
balanced,47,Fixed unrelated,0.416666666667,0.459459459459,0.714285714286,0.46875,0.0644435167347,17,20,15,8,60,0.516666666667
balanced,47,Uniform proxy,0.741666666667,,,,0.0209464598208,,,,,,0.324166666667
balanced,47,Always ship,0.533333333333,0.533333333333,1,0,0.0482025027995,32,28,0,0,60,0.496666666667
balanced,47,Never ship,0.466666666667,,0,1,0.0537945172942,0,0,32,28,60,0.503333333333
balanced,48,PROXIMA,0.9,0.913043478261,0.0571428571429,0.16,0.00133016981067,21,2,4,33,60,0.166666666667
balanced,48,Correlation,0.616666666667,0.520833333333,0.657142857143,0,0.0210591843349,25,23,0,12,60,0.316666666667
balanced,48,Decision only,0.9,0.913043478261,0.0571428571429,0.16,0.00133016981067,21,2,4,33,60,0.166666666667
balanced,48,Local only,0.9,0.913043478261,0.0571428571429,0.16,0.00133016981067,21,2,4,33,60,0.166666666667
balanced,48,Equal weights,0.9,0.913043478261,0.0571428571429,0.16,0.00133016981067,21,2,4,33,60,0.166666666667
balanced,48,No local component,0.9,0.913043478261,0.0571428571429,0.16,0.00133016981067,21,2,4,33,60,0.166666666667
balanced,48,Fixed faithful,0.9,0.913043478261,0.0571428571429,0.16,0.00133016981067,21,2,4,33,60,0.166666666667
balanced,48,Fixed offset,0.616666666667,0.520833333333,0.657142857143,0,0.0210591843349,25,23,0,12,60,0.316666666667
balanced,48,Fixed local_reversal,0.983333333333,0.961538461538,0.0285714285714,0,0.000118575472336,25,1,0,34,60,0.346666666667
balanced,48,Fixed unrelated,0.6,0.518518518519,0.371428571429,0.44,0.0369783557532,14,13,11,22,60,0.49
balanced,48,Uniform proxy,0.775,,,,0.0148715713428,,,,,,0.33
balanced,48,Always ship,0.416666666667,0.416666666667,1,0,0.056714019619,25,35,0,0,60,0.55
balanced,48,Never ship,0.583333333333,,0,1,0.0386049575696,0,0,25,35,60,0.45
balanced,49,PROXIMA,0.933333333333,0.92,0.0571428571429,0.08,0.000701026702669,23,2,2,33,60,0.133333333333
balanced,49,Correlation,0.9,0.88,0.0857142857143,0.12,0.00132639847383,22,3,3,32,60,0.336666666667
balanced,49,Decision only,0.9,0.88,0.0857142857143,0.12,0.00132639847383,22,3,3,32,60,0.336666666667
balanced,49,Local only,0.933333333333,0.92,0.0571428571429,0.08,0.000701026702669,23,2,2,33,60,0.133333333333
balanced,49,Equal weights,0.933333333333,0.92,0.0571428571429,0.08,0.000701026702669,23,2,2,33,60,0.133333333333
balanced,49,No local component,0.9,0.88,0.0857142857143,0.12,0.00132639847383,22,3,3,32,60,0.336666666667
balanced,49,Fixed faithful,0.933333333333,0.92,0.0571428571429,0.08,0.000701026702669,23,2,2,33,60,0.133333333333
balanced,49,Fixed offset,0.616666666667,0.520833333333,0.657142857143,0,0.0223871239333,25,23,0,12,60,0.363333333333
balanced,49,Fixed local_reversal,0.9,0.88,0.0857142857143,0.12,0.00132639847383,22,3,3,32,60,0.336666666667
balanced,49,Fixed unrelated,0.583333333333,0.5,0.485714285714,0.32,0.0324425499112,17,17,8,18,60,0.463333333333
balanced,49,Uniform proxy,0.758333333333,,,,0.0142142747553,,,,,,0.324166666667
balanced,49,Always ship,0.416666666667,0.416666666667,1,0,0.053810316945,25,35,0,0,60,0.58
balanced,49,Never ship,0.583333333333,,0,1,0.0293594349708,0,0,25,35,60,0.42
balanced,50,PROXIMA,0.916666666667,0.9375,0.0740740740741,0.0909090909091,0.00148967883555,30,2,3,25,60,0.156666666667
balanced,50,Correlation,0.65,0.611111111111,0.777777777778,0,0.0182765354093,33,21,0,6,60,0.293333333333
balanced,50,Decision only,0.933333333333,0.939393939394,0.0740740740741,0.0606060606061,0.00106560091819,31,2,2,25,60,0.353333333333
balanced,50,Local only,0.916666666667,0.9375,0.0740740740741,0.0909090909091,0.00148967883555,30,2,3,25,60,0.156666666667
balanced,50,Equal weights,0.916666666667,0.9375,0.0740740740741,0.0909090909091,0.00148967883555,30,2,3,25,60,0.156666666667
balanced,50,No local component,0.933333333333,0.939393939394,0.0740740740741,0.0606060606061,0.00106560091819,31,2,2,25,60,0.353333333333
balanced,50,Fixed faithful,0.916666666667,0.9375,0.0740740740741,0.0909090909091,0.00148967883555,30,2,3,25,60,0.156666666667
balanced,50,Fixed offset,0.65,0.611111111111,0.777777777778,0,0.0182765354093,33,21,0,6,60,0.293333333333
balanced,50,Fixed local_reversal,0.933333333333,0.939393939394,0.0740740740741,0.0606060606061,0.00106560091819,31,2,2,25,60,0.353333333333
balanced,50,Fixed unrelated,0.55,0.615384615385,0.37037037037,0.515151515152,0.0476867508726,16,10,17,17,60,0.473333333333
balanced,50,Uniform proxy,0.7625,,,,0.0171296415089,,,,,,0.319166666667
balanced,50,Always ship,0.55,0.55,1,0,0.0356655148672,33,27,0,0,60,0.44
balanced,50,Never ship,0.45,,0,1,0.0528359795708,0,0,33,27,60,0.56
balanced,51,PROXIMA,0.933333333333,0.888888888889,0.0857142857143,0.04,0.000402627690439,24,3,1,32,60,0.143333333333
balanced,51,Correlation,0.55,0.480769230769,0.771428571429,0,0.0306086533849,25,27,0,8,60,0.336666666667
balanced,51,Decision only,0.933333333333,0.888888888889,0.0857142857143,0.04,0.000402627690439,24,3,1,32,60,0.143333333333
balanced,51,Local only,0.933333333333,0.888888888889,0.0857142857143,0.04,0.000402627690439,24,3,1,32,60,0.143333333333
balanced,51,Equal weights,0.933333333333,0.888888888889,0.0857142857143,0.04,0.000402627690439,24,3,1,32,60,0.143333333333
balanced,51,No local component,0.933333333333,0.888888888889,0.0857142857143,0.04,0.000402627690439,24,3,1,32,60,0.143333333333
balanced,51,Fixed faithful,0.933333333333,0.888888888889,0.0857142857143,0.04,0.000402627690439,24,3,1,32,60,0.143333333333
balanced,51,Fixed offset,0.55,0.480769230769,0.771428571429,0,0.0306086533849,25,27,0,8,60,0.336666666667
balanced,51,Fixed local_reversal,0.916666666667,0.916666666667,0.0571428571429,0.12,0.00142609628106,22,2,3,33,60,0.34
balanced,51,Fixed unrelated,0.5,0.413793103448,0.485714285714,0.52,0.0484984855775,12,17,13,18,60,0.483333333333
balanced,51,Uniform proxy,0.725,,,,0.0202339657335,,,,,,0.325833333333
balanced,51,Always ship,0.416666666667,0.416666666667,1,0,0.0528807526007,25,35,0,0,60,0.553333333333
balanced,51,Never ship,0.583333333333,,0,1,0.0380537914127,0,0,25,35,60,0.446666666667
balanced,52,PROXIMA,0.95,0.935483870968,0.0666666666667,0.0333333333333,0.000664883292755,29,2,1,28,60,0.116666666667
balanced,52,Correlation,0.966666666667,0.966666666667,0.0333333333333,0.0333333333333,0.000567268444427,29,1,1,29,60,0.263333333333
balanced,52,Decision only,0.966666666667,0.966666666667,0.0333333333333,0.0333333333333,0.000567268444427,29,1,1,29,60,0.263333333333
balanced,52,Local only,0.95,0.935483870968,0.0666666666667,0.0333333333333,0.000664883292755,29,2,1,28,60,0.116666666667
balanced,52,Equal weights,0.95,0.935483870968,0.0666666666667,0.0333333333333,0.000664883292755,29,2,1,28,60,0.116666666667
balanced,52,No local component,0.966666666667,0.966666666667,0.0333333333333,0.0333333333333,0.000567268444427,29,1,1,29,60,0.263333333333
balanced,52,Fixed faithful,0.95,0.935483870968,0.0666666666667,0.0333333333333,0.000664883292755,29,2,1,28,60,0.116666666667
balanced,52,Fixed offset,0.766666666667,0.681818181818,0.466666666667,0,0.0124986293446,30,14,0,16,60,0.226666666667
balanced,52,Fixed local_reversal,0.966666666667,0.966666666667,0.0333333333333,0.0333333333333,0.000567268444427,29,1,1,29,60,0.263333333333
balanced,52,Fixed unrelated,0.5,0.5,0.533333333333,0.466666666667,0.0555577647502,16,16,14,14,60,0.513333333333
balanced,52,Uniform proxy,0.795833333333,,,,0.017322136458,,,,,,0.28
balanced,52,Always ship,0.5,0.5,1,0,0.0550834032678,30,30,0,0,60,0.483333333333
balanced,52,Never ship,0.5,,0,1,0.0542092765178,0,0,30,30,60,0.516666666667
balanced,53,PROXIMA,0.833333333333,0.888888888889,0.103448275862,0.225806451613,0.00367553698776,24,3,7,26,60,0.156666666667
balanced,53,Correlation,0.666666666667,0.607843137255,0.689655172414,0,0.0162169211152,31,20,0,9,60,0.316666666667
balanced,53,Decision only,0.833333333333,0.888888888889,0.103448275862,0.225806451613,0.00367553698776,24,3,7,26,60,0.156666666667
balanced,53,Local only,0.833333333333,0.888888888889,0.103448275862,0.225806451613,0.00367553698776,24,3,7,26,60,0.156666666667
balanced,53,Equal weights,0.833333333333,0.888888888889,0.103448275862,0.225806451613,0.00367553698776,24,3,7,26,60,0.156666666667
balanced,53,No local component,0.833333333333,0.888888888889,0.103448275862,0.225806451613,0.00367553698776,24,3,7,26,60,0.156666666667
balanced,53,Fixed faithful,0.833333333333,0.888888888889,0.103448275862,0.225806451613,0.00367553698776,24,3,7,26,60,0.156666666667
balanced,53,Fixed offset,0.666666666667,0.607843137255,0.689655172414,0,0.0162169211152,31,20,0,9,60,0.316666666667
balanced,53,Fixed local_reversal,0.9,0.962962962963,0.0344827586207,0.161290322581,0.00172610300738,26,1,5,28,60,0.49
balanced,53,Fixed unrelated,0.483333333333,0.5,0.448275862069,0.58064516129,0.0467398229709,13,13,18,16,60,0.523333333333
balanced,53,Uniform proxy,0.720833333333,,,,0.0170895960203,,,,,,0.371666666667
balanced,53,Always ship,0.516666666667,0.516666666667,1,0,0.041278333101,31,29,0,0,60,0.52
balanced,53,Never ship,0.483333333333,,0,1,0.0366743894322,0,0,31,29,60,0.48
balanced,54,PROXIMA,0.95,0.935483870968,0.0666666666667,0.0333333333333,0.000809448752382,29,2,1,28,60,0.123333333333
balanced,54,Correlation,0.933333333333,0.933333333333,0.0666666666667,0.0666666666667,0.000560327718049,28,2,2,28,60,0.36
balanced,54,Decision only,0.933333333333,0.933333333333,0.0666666666667,0.0666666666667,0.000560327718049,28,2,2,28,60,0.36
balanced,54,Local only,0.95,0.935483870968,0.0666666666667,0.0333333333333,0.000809448752382,29,2,1,28,60,0.123333333333
balanced,54,Equal weights,0.95,0.935483870968,0.0666666666667,0.0333333333333,0.000809448752382,29,2,1,28,60,0.123333333333
balanced,54,No local component,0.933333333333,0.933333333333,0.0666666666667,0.0666666666667,0.000560327718049,28,2,2,28,60,0.36
balanced,54,Fixed faithful,0.95,0.935483870968,0.0666666666667,0.0333333333333,0.000809448752382,29,2,1,28,60,0.123333333333
balanced,54,Fixed offset,0.633333333333,0.576923076923,0.733333333333,0,0.0203090593573,30,22,0,8,60,0.316666666667
balanced,54,Fixed local_reversal,0.933333333333,0.933333333333,0.0666666666667,0.0666666666667,0.000560327718049,28,2,2,28,60,0.36
balanced,54,Fixed unrelated,0.533333333333,0.533333333333,0.466666666667,0.466666666667,0.0569781120889,16,14,14,16,60,0.51
balanced,54,Uniform proxy,0.7625,,,,0.0196642369791,,,,,,0.3275
balanced,54,Always ship,0.5,0.5,1,0,0.0452748782218,30,30,0,0,60,0.503333333333
balanced,54,Never ship,0.5,,0,1,0.060246519591,0,0,30,30,60,0.496666666667
balanced,55,PROXIMA,0.983333333333,1,0,0.0333333333333,0.000254781638506,29,0,1,30,60,0.126666666667
balanced,55,Correlation,1,1,0,0,0,30,0,0,30,60,0.283333333333
balanced,55,Decision only,1,1,0,0,0,30,0,0,30,60,0.283333333333
balanced,55,Local only,0.983333333333,1,0,0.0333333333333,0.000254781638506,29,0,1,30,60,0.126666666667
balanced,55,Equal weights,0.983333333333,1,0,0.0333333333333,0.000254781638506,29,0,1,30,60,0.126666666667
balanced,55,No local component,1,1,0,0,0,30,0,0,30,60,0.283333333333
balanced,55,Fixed faithful,0.983333333333,1,0,0.0333333333333,0.000254781638506,29,0,1,30,60,0.126666666667
balanced,55,Fixed offset,0.7,0.625,0.6,0,0.0151274166319,30,18,0,12,60,0.286666666667
balanced,55,Fixed local_reversal,1,1,0,0,0,30,0,0,30,60,0.283333333333
balanced,55,Fixed unrelated,0.466666666667,0.466666666667,0.533333333333,0.533333333333,0.0569314824272,14,16,16,14,60,0.493333333333
balanced,55,Uniform proxy,0.7875,,,,0.0180784201744,,,,,,0.2975
balanced,55,Always ship,0.5,0.5,1,0,0.0540538127656,30,30,0,0,60,0.493333333333
balanced,55,Never ship,0.5,,0,1,0.0580713474784,0,0,30,30,60,0.506666666667
balanced,56,PROXIMA,0.916666666667,0.923076923077,0.0606060606061,0.111111111111,0.00132592744161,24,2,3,31,60,0.12
balanced,56,Correlation,0.933333333333,0.896551724138,0.0909090909091,0.037037037037,0.000420410723998,26,3,1,30,60,0.36
balanced,56,Decision only,0.933333333333,0.896551724138,0.0909090909091,0.037037037037,0.000420410723998,26,3,1,30,60,0.36
balanced,56,Local only,0.916666666667,0.923076923077,0.0606060606061,0.111111111111,0.00132592744161,24,2,3,31,60,0.12
balanced,56,Equal weights,0.916666666667,0.923076923077,0.0606060606061,0.111111111111,0.00132592744161,24,2,3,31,60,0.12
balanced,56,No local component,0.933333333333,0.896551724138,0.0909090909091,0.037037037037,0.000420410723998,26,3,1,30,60,0.36
balanced,56,Fixed faithful,0.916666666667,0.923076923077,0.0606060606061,0.111111111111,0.00132592744161,24,2,3,31,60,0.12
balanced,56,Fixed offset,0.566666666667,0.509433962264,0.787878787879,0,0.0252788685089,27,26,0,7,60,0.31
balanced,56,Fixed local_reversal,0.933333333333,0.896551724138,0.0909090909091,0.037037037037,0.000420410723998,26,3,1,30,60,0.36
balanced,56,Fixed unrelated,0.55,0.5,0.424242424242,0.481481481481,0.0427517998638,14,14,13,19,60,0.483333333333
balanced,56,Uniform proxy,0.741666666667,,,,0.0174442516346,,,,,,0.318333333333
balanced,56,Always ship,0.45,0.45,1,0,0.0479062736142,27,33,0,0,60,0.52
balanced,56,Never ship,0.55,,0,1,0.0442234043338,0,0,27,33,60,0.48
balanced,57,PROXIMA,0.866666666667,0.75,0.184210526316,0.0454545454545,0.00182737120835,21,7,1,31,60,0.223333333333
balanced,57,Correlation,0.95,0.88,0.0789473684211,0,0.000240716121438,22,3,0,35,60,0.393333333333
balanced,57,Decision only,0.95,0.88,0.0789473684211,0,0.000240716121438,22,3,0,35,60,0.393333333333
balanced,57,Local only,0.866666666667,0.75,0.184210526316,0.0454545454545,0.00182737120835,21,7,1,31,60,0.223333333333
balanced,57,Equal weights,0.866666666667,0.75,0.184210526316,0.0454545454545,0.00182737120835,21,7,1,31,60,0.223333333333
balanced,57,No local component,0.95,0.88,0.0789473684211,0,0.000240716121438,22,3,0,35,60,0.393333333333
balanced,57,Fixed faithful,0.866666666667,0.75,0.184210526316,0.0454545454545,0.00182737120835,21,7,1,31,60,0.223333333333
balanced,57,Fixed offset,0.466666666667,0.407407407407,0.842105263158,0,0.0271669397627,22,32,0,6,60,0.373333333333
balanced,57,Fixed local_reversal,0.95,0.88,0.0789473684211,0,0.000240716121438,22,3,0,35,60,0.393333333333
balanced,57,Fixed unrelated,0.566666666667,0.433333333333,0.447368421053,0.409090909091,0.0363965092478,13,17,9,21,60,0.466666666667
balanced,57,Uniform proxy,0.7125,,,,0.0164078840851,,,,,,0.364166666667
balanced,57,Always ship,0.366666666667,0.366666666667,1,0,0.0430434141688,22,38,0,0,60,0.56
balanced,57,Never ship,0.633333333333,,0,1,0.0329871492353,0,0,22,38,60,0.44
balanced,58,PROXIMA,0.95,0.941176470588,0.0740740740741,0.030303030303,0.00175605290202,32,2,1,25,60,0.17
balanced,58,Correlation,0.666666666667,0.622641509434,0.740740740741,0,0.0161755668396,33,20,0,7,60,0.29
balanced,58,Decision only,0.933333333333,0.967741935484,0.037037037037,0.0909090909091,0.000888179251565,30,1,3,26,60,0.39
balanced,58,Local only,0.95,0.941176470588,0.0740740740741,0.030303030303,0.00175605290202,32,2,1,25,60,0.17
balanced,58,Equal weights,0.95,0.941176470588,0.0740740740741,0.030303030303,0.00175605290202,32,2,1,25,60,0.17
balanced,58,No local component,0.933333333333,0.967741935484,0.037037037037,0.0909090909091,0.000888179251565,30,1,3,26,60,0.39
balanced,58,Fixed faithful,0.95,0.941176470588,0.0740740740741,0.030303030303,0.00175605290202,32,2,1,25,60,0.17
balanced,58,Fixed offset,0.666666666667,0.622641509434,0.740740740741,0,0.0161755668396,33,20,0,7,60,0.29
balanced,58,Fixed local_reversal,0.933333333333,0.967741935484,0.037037037037,0.0909090909091,0.000888179251565,30,1,3,26,60,0.39
balanced,58,Fixed unrelated,0.566666666667,0.6,0.518518518519,0.363636363636,0.0312197695553,21,14,12,13,60,0.506666666667
balanced,58,Uniform proxy,0.779166666667,,,,0.0125098921371,,,,,,0.339166666667
balanced,58,Always ship,0.55,0.55,1,0,0.0349917876452,33,27,0,0,60,0.44
balanced,58,Never ship,0.45,,0,1,0.0425551800639,0,0,33,27,60,0.56
balanced,59,PROXIMA,0.95,1,0,0.0909090909091,0.00128194912585,30,0,3,27,60,0.18
balanced,59,Correlation,0.983333333333,0.970588235294,0.037037037037,0,0.000229938980475,33,1,0,26,60,0.323333333333
balanced,59,Decision only,0.983333333333,0.970588235294,0.037037037037,0,0.000229938980475,33,1,0,26,60,0.323333333333
balanced,59,Local only,0.95,1,0,0.0909090909091,0.00128194912585,30,0,3,27,60,0.18
balanced,59,Equal weights,0.95,1,0,0.0909090909091,0.00128194912585,30,0,3,27,60,0.18
balanced,59,No local component,0.983333333333,0.970588235294,0.037037037037,0,0.000229938980475,33,1,0,26,60,0.323333333333
balanced,59,Fixed faithful,0.95,1,0,0.0909090909091,0.00128194912585,30,0,3,27,60,0.18
balanced,59,Fixed offset,0.75,0.6875,0.555555555556,0,0.0132601568004,33,15,0,12,60,0.25
balanced,59,Fixed local_reversal,0.983333333333,0.970588235294,0.037037037037,0,0.000229938980475,33,1,0,26,60,0.323333333333
balanced,59,Fixed unrelated,0.433333333333,0.481481481481,0.518518518519,0.606060606061,0.0612497575436,13,14,20,13,60,0.476666666667
balanced,59,Uniform proxy,0.779166666667,,,,0.0190054506126,,,,,,0.3075
balanced,59,Always ship,0.55,0.55,1,0,0.0518575930107,33,27,0,0,60,0.476666666667
balanced,59,Never ship,0.45,,0,1,0.0483231349563,0,0,33,27,60,0.523333333333
balanced,60,PROXIMA,0.966666666667,0.96875,0.0357142857143,0.03125,0.000484496577067,31,1,1,27,60,0.123333333333
balanced,60,Correlation,0.766666666667,0.695652173913,0.5,0,0.0127053096837,32,14,0,14,60,0.236666666667
balanced,60,Decision only,0.966666666667,0.96875,0.0357142857143,0.03125,0.000484496577067,31,1,1,27,60,0.123333333333
balanced,60,Local only,0.966666666667,0.96875,0.0357142857143,0.03125,0.000484496577067,31,1,1,27,60,0.123333333333
balanced,60,Equal weights,0.966666666667,0.96875,0.0357142857143,0.03125,0.000484496577067,31,1,1,27,60,0.123333333333
balanced,60,No local component,0.933333333333,0.966666666667,0.0357142857143,0.09375,0.000884916122797,29,1,3,27,60,0.31
balanced,60,Fixed faithful,0.966666666667,0.96875,0.0357142857143,0.03125,0.000484496577067,31,1,1,27,60,0.123333333333
balanced,60,Fixed offset,0.766666666667,0.695652173913,0.5,0,0.0127053096837,32,14,0,14,60,0.236666666667
balanced,60,Fixed local_reversal,0.933333333333,0.966666666667,0.0357142857143,0.09375,0.000884916122797,29,1,3,27,60,0.31
balanced,60,Fixed unrelated,0.383333333333,0.407407407407,0.571428571429,0.65625,0.0762354249595,11,16,21,12,60,0.52
balanced,60,Uniform proxy,0.7625,,,,0.0225775368358,,,,,,0.2975
balanced,60,Always ship,0.533333333333,0.533333333333,1,0,0.0598405191677,32,28,0,0,60,0.483333333333
balanced,60,Never ship,0.466666666667,,0,1,0.0498352406168,0,0,32,28,60,0.516666666667
balanced,61,PROXIMA,0.866666666667,0.878787878788,0.148148148148,0.121212121212,0.00367139918472,29,4,4,23,60,0.18
balanced,61,Correlation,0.7,0.647058823529,0.666666666667,0,0.0125214155142,33,18,0,9,60,0.3
balanced,61,Decision only,0.933333333333,0.891891891892,0.148148148148,0,0.000885049160122,33,4,0,23,60,0.37
balanced,61,Local only,0.866666666667,0.878787878788,0.148148148148,0.121212121212,0.00367139918472,29,4,4,23,60,0.18
balanced,61,Equal weights,0.866666666667,0.878787878788,0.148148148148,0.121212121212,0.00367139918472,29,4,4,23,60,0.18
balanced,61,No local component,0.933333333333,0.891891891892,0.148148148148,0,0.000885049160122,33,4,0,23,60,0.37
balanced,61,Fixed faithful,0.866666666667,0.878787878788,0.148148148148,0.121212121212,0.00367139918472,29,4,4,23,60,0.18
balanced,61,Fixed offset,0.7,0.647058823529,0.666666666667,0,0.0125214155142,33,18,0,9,60,0.3
balanced,61,Fixed local_reversal,0.933333333333,0.891891891892,0.148148148148,0,0.000885049160122,33,4,0,23,60,0.37
balanced,61,Fixed unrelated,0.583333333333,0.642857142857,0.37037037037,0.454545454545,0.0301648770914,18,10,15,17,60,0.47
balanced,61,Uniform proxy,0.770833333333,,,,0.0118106852376,,,,,,0.33
balanced,61,Always ship,0.55,0.55,1,0,0.0444280407403,33,27,0,0,60,0.456666666667
balanced,61,Never ship,0.45,,0,1,0.0420261869649,0,0,33,27,60,0.543333333333
balanced,62,PROXIMA,0.9,0.92,0.0606060606061,0.148148148148,0.00172029292414,23,2,4,31,60,0.18
balanced,62,Correlation,0.666666666667,0.574468085106,0.606060606061,0,0.0152308048896,27,20,0,13,60,0.313333333333
balanced,62,Decision only,0.9,0.92,0.0606060606061,0.148148148148,0.00172029292414,23,2,4,31,60,0.18
balanced,62,Local only,0.9,0.92,0.0606060606061,0.148148148148,0.00172029292414,23,2,4,31,60,0.18
balanced,62,Equal weights,0.9,0.92,0.0606060606061,0.148148148148,0.00172029292414,23,2,4,31,60,0.18
balanced,62,No local component,0.9,0.92,0.0606060606061,0.148148148148,0.00172029292414,23,2,4,31,60,0.18
balanced,62,Fixed faithful,0.9,0.92,0.0606060606061,0.148148148148,0.00172029292414,23,2,4,31,60,0.18
balanced,62,Fixed offset,0.666666666667,0.574468085106,0.606060606061,0,0.0152308048896,27,20,0,13,60,0.313333333333
balanced,62,Fixed local_reversal,0.966666666667,0.962962962963,0.030303030303,0.037037037037,0.000128447595079,26,1,1,32,60,0.296666666667
balanced,62,Fixed unrelated,0.583333333333,0.533333333333,0.424242424242,0.407407407407,0.0394039281221,16,14,11,19,60,0.48
balanced,62,Uniform proxy,0.779166666667,,,,0.0141208683827,,,,,,0.3175
balanced,62,Always ship,0.45,0.45,1,0,0.0535069471827,27,33,0,0,60,0.55
balanced,62,Never ship,0.55,,0,1,0.0408102464517,0,0,27,33,60,0.45
balanced,63,PROXIMA,0.95,0.925925925926,0.0588235294118,0.0384615384615,0.0020486307675,25,2,1,32,60,0.173333333333
balanced,63,Correlation,0.583333333333,0.509803921569,0.735294117647,0,0.0268086039312,26,25,0,9,60,0.303333333333
balanced,63,Decision only,0.966666666667,0.961538461538,0.0294117647059,0.0384615384615,0.000401597518421,25,1,1,33,60,0.31
balanced,63,Local only,0.95,0.925925925926,0.0588235294118,0.0384615384615,0.0020486307675,25,2,1,32,60,0.173333333333
balanced,63,Equal weights,0.95,0.925925925926,0.0588235294118,0.0384615384615,0.0020486307675,25,2,1,32,60,0.173333333333
balanced,63,No local component,0.966666666667,0.961538461538,0.0294117647059,0.0384615384615,0.000401597518421,25,1,1,33,60,0.31
balanced,63,Fixed faithful,0.95,0.925925925926,0.0588235294118,0.0384615384615,0.0020486307675,25,2,1,32,60,0.173333333333
balanced,63,Fixed offset,0.583333333333,0.509803921569,0.735294117647,0,0.0268086039312,26,25,0,9,60,0.303333333333
balanced,63,Fixed local_reversal,0.966666666667,0.961538461538,0.0294117647059,0.0384615384615,0.000401597518421,25,1,1,33,60,0.31
balanced,63,Fixed unrelated,0.466666666667,0.411764705882,0.588235294118,0.461538461538,0.0672837545736,14,20,12,14,60,0.506666666667
balanced,63,Uniform proxy,0.741666666667,,,,0.0241356466977,,,,,,0.323333333333
balanced,63,Always ship,0.433333333333,0.433333333333,1,0,0.0567900718578,26,34,0,0,60,0.533333333333
balanced,63,Never ship,0.566666666667,,0,1,0.0463883536921,0,0,26,34,60,0.466666666667
balanced,64,PROXIMA,0.9,0.861111111111,0.178571428571,0.03125,0.00186457229953,31,5,1,23,60,0.153333333333
balanced,64,Correlation,0.666666666667,0.615384615385,0.714285714286,0,0.0171645564528,32,20,0,8,60,0.323333333333
balanced,64,Decision only,0.9,0.861111111111,0.178571428571,0.03125,0.00186457229953,31,5,1,23,60,0.153333333333
balanced,64,Local only,0.9,0.861111111111,0.178571428571,0.03125,0.00186457229953,31,5,1,23,60,0.153333333333
balanced,64,Equal weights,0.9,0.861111111111,0.178571428571,0.03125,0.00186457229953,31,5,1,23,60,0.153333333333
balanced,64,No local component,0.916666666667,0.909090909091,0.107142857143,0.0625,0.00152156773999,30,3,2,25,60,0.373333333333
balanced,64,Fixed faithful,0.9,0.861111111111,0.178571428571,0.03125,0.00186457229953,31,5,1,23,60,0.153333333333
balanced,64,Fixed offset,0.666666666667,0.615384615385,0.714285714286,0,0.0171645564528,32,20,0,8,60,0.323333333333
balanced,64,Fixed local_reversal,0.916666666667,0.909090909091,0.107142857143,0.0625,0.00152156773999,30,3,2,25,60,0.373333333333
balanced,64,Fixed unrelated,0.383333333333,0.4,0.535714285714,0.6875,0.0514269976156,10,15,22,13,60,0.506666666667
balanced,64,Uniform proxy,0.716666666667,,,,0.017994423527,,,,,,0.339166666667
balanced,64,Always ship,0.533333333333,0.533333333333,1,0,0.0372970566048,32,28,0,0,60,0.496666666667
balanced,64,Never ship,0.466666666667,,0,1,0.051604415668,0,0,32,28,60,0.503333333333
balanced,65,PROXIMA,0.9,0.862068965517,0.121212121212,0.0740740740741,0.00291268159443,25,4,2,29,60,0.14
balanced,65,Correlation,0.966666666667,0.962962962963,0.030303030303,0.037037037037,0.000438263628837,26,1,1,32,60,0.343333333333
balanced,65,Decision only,0.966666666667,0.962962962963,0.030303030303,0.037037037037,0.000438263628837,26,1,1,32,60,0.343333333333
balanced,65,Local only,0.9,0.862068965517,0.121212121212,0.0740740740741,0.00291268159443,25,4,2,29,60,0.14
balanced,65,Equal weights,0.9,0.862068965517,0.121212121212,0.0740740740741,0.00291268159443,25,4,2,29,60,0.14
balanced,65,No local component,0.966666666667,0.962962962963,0.030303030303,0.037037037037,0.000438263628837,26,1,1,32,60,0.343333333333
balanced,65,Fixed faithful,0.9,0.862068965517,0.121212121212,0.0740740740741,0.00291268159443,25,4,2,29,60,0.14
balanced,65,Fixed offset,0.6,0.529411764706,0.727272727273,0,0.0243588581029,27,24,0,9,60,0.303333333333
balanced,65,Fixed local_reversal,0.966666666667,0.962962962963,0.030303030303,0.037037037037,0.000438263628837,26,1,1,32,60,0.343333333333
balanced,65,Fixed unrelated,0.516666666667,0.466666666667,0.484848484848,0.481481481481,0.0544236832709,14,16,13,17,60,0.496666666667
balanced,65,Uniform proxy,0.745833333333,,,,0.0205333716493,,,,,,0.320833333333
balanced,65,Always ship,0.45,0.45,1,0,0.0521929860468,27,33,0,0,60,0.513333333333
balanced,65,Never ship,0.55,,0,1,0.047617816544,0,0,27,33,60,0.486666666667
balanced,66,PROXIMA,0.916666666667,0.892857142857,0.0909090909091,0.0740740740741,0.00102083864943,25,3,2,30,60,0.126666666667
balanced,66,Correlation,0.6,0.529411764706,0.727272727273,0,0.0237510508256,27,24,0,9,60,0.326666666667
balanced,66,Decision only,0.916666666667,0.892857142857,0.0909090909091,0.0740740740741,0.00102083864943,25,3,2,30,60,0.126666666667
balanced,66,Local only,0.916666666667,0.892857142857,0.0909090909091,0.0740740740741,0.00102083864943,25,3,2,30,60,0.126666666667
balanced,66,Equal weights,0.916666666667,0.892857142857,0.0909090909091,0.0740740740741,0.00102083864943,25,3,2,30,60,0.126666666667
balanced,66,No local component,0.966666666667,0.931034482759,0.0606060606061,0,0.000553390996271,27,2,0,31,60,0.343333333333
balanced,66,Fixed faithful,0.916666666667,0.892857142857,0.0909090909091,0.0740740740741,0.00102083864943,25,3,2,30,60,0.126666666667
balanced,66,Fixed offset,0.6,0.529411764706,0.727272727273,0,0.0237510508256,27,24,0,9,60,0.326666666667
balanced,66,Fixed local_reversal,0.966666666667,0.931034482759,0.0606060606061,0,0.000553390996271,27,2,0,31,60,0.343333333333
balanced,66,Fixed unrelated,0.466666666667,0.413793103448,0.515151515152,0.555555555556,0.0518068387585,12,17,15,16,60,0.49
balanced,66,Uniform proxy,0.7375,,,,0.0192830298075,,,,,,0.321666666667
balanced,66,Always ship,0.45,0.45,1,0,0.0553509432573,27,33,0,0,60,0.553333333333
balanced,66,Never ship,0.55,,0,1,0.0370778642526,0,0,27,33,60,0.446666666667
balanced,67,PROXIMA,0.966666666667,0.942857142857,0.0740740740741,0,0.000297494291963,33,2,0,25,60,0.156666666667
balanced,67,Correlation,0.983333333333,0.970588235294,0.037037037037,0,0.00062868585401,33,1,0,26,60,0.326666666667
balanced,67,Decision only,0.966666666667,0.942857142857,0.0740740740741,0,0.000297494291963,33,2,0,25,60,0.156666666667
balanced,67,Local only,0.966666666667,0.942857142857,0.0740740740741,0,0.000297494291963,33,2,0,25,60,0.156666666667
balanced,67,Equal weights,0.966666666667,0.942857142857,0.0740740740741,0,0.000297494291963,33,2,0,25,60,0.156666666667
balanced,67,No local component,0.983333333333,0.970588235294,0.037037037037,0,0.00062868585401,33,1,0,26,60,0.326666666667
balanced,67,Fixed faithful,0.966666666667,0.942857142857,0.0740740740741,0,0.000297494291963,33,2,0,25,60,0.156666666667
balanced,67,Fixed offset,0.75,0.6875,0.555555555556,0,0.0130026087502,33,15,0,12,60,0.273333333333
balanced,67,Fixed local_reversal,0.983333333333,0.970588235294,0.037037037037,0,0.00062868585401,33,1,0,26,60,0.326666666667
balanced,67,Fixed unrelated,0.483333333333,0.535714285714,0.481481481481,0.545454545455,0.0556526541089,15,13,18,14,60,0.536666666667
balanced,67,Uniform proxy,0.795833333333,,,,0.0173953607513,,,,,,0.323333333333
balanced,67,Always ship,0.55,0.55,1,0,0.0482504129251,33,27,0,0,60,0.473333333333
balanced,67,Never ship,0.45,,0,1,0.0531834245687,0,0,33,27,60,0.526666666667
balanced,68,PROXIMA,0.95,0.973684210526,0.047619047619,0.0512820512821,0.00160520229143,37,1,2,20,60,0.123333333333
balanced,68,Correlation,0.95,0.973684210526,0.047619047619,0.0512820512821,0.000623386273507,37,1,2,20,60,0.35
balanced,68,Decision only,0.95,0.973684210526,0.047619047619,0.0512820512821,0.00160520229143,37,1,2,20,60,0.123333333333
balanced,68,Local only,0.95,0.973684210526,0.047619047619,0.0512820512821,0.00160520229143,37,1,2,20,60,0.123333333333
balanced,68,Equal weights,0.95,0.973684210526,0.047619047619,0.0512820512821,0.00160520229143,37,1,2,20,60,0.123333333333
balanced,68,No local component,0.95,0.973684210526,0.047619047619,0.0512820512821,0.00160520229143,37,1,2,20,60,0.123333333333
balanced,68,Fixed faithful,0.95,0.973684210526,0.047619047619,0.0512820512821,0.00160520229143,37,1,2,20,60,0.123333333333
balanced,68,Fixed offset,0.833333333333,0.795918367347,0.47619047619,0,0.00757308378418,39,10,0,11,60,0.253333333333
balanced,68,Fixed local_reversal,0.95,0.973684210526,0.047619047619,0.0512820512821,0.000623386273507,37,1,2,20,60,0.35
balanced,68,Fixed unrelated,0.416666666667,0.576923076923,0.52380952381,0.615384615385,0.067227564064,15,11,24,10,60,0.553333333333
balanced,68,Uniform proxy,0.7875,,,,0.0192573091033,,,,,,0.32
balanced,68,Always ship,0.65,0.65,1,0,0.0431196933992,39,21,0,0,60,0.423333333333
balanced,68,Never ship,0.35,,0,1,0.0566636020656,0,0,39,21,60,0.576666666667
balanced,69,PROXIMA,0.9,0.9,0.1,0.1,0.0017900110218,27,3,3,27,60,0.123333333333
balanced,69,Correlation,0.666666666667,0.6,0.666666666667,0,0.0225144678619,30,20,0,10,60,0.32
balanced,69,Decision only,0.983333333333,1,0,0.0333333333333,3.63097800285e-05,29,0,1,30,60,0.27
balanced,69,Local only,0.9,0.9,0.1,0.1,0.0017900110218,27,3,3,27,60,0.123333333333
balanced,69,Equal weights,0.9,0.9,0.1,0.1,0.0017900110218,27,3,3,27,60,0.123333333333
balanced,69,No local component,0.983333333333,1,0,0.0333333333333,3.63097800285e-05,29,0,1,30,60,0.27
balanced,69,Fixed faithful,0.9,0.9,0.1,0.1,0.0017900110218,27,3,3,27,60,0.123333333333
balanced,69,Fixed offset,0.666666666667,0.6,0.666666666667,0,0.0225144678619,30,20,0,10,60,0.32
balanced,69,Fixed local_reversal,0.983333333333,1,0,0.0333333333333,3.63097800285e-05,29,0,1,30,60,0.27
balanced,69,Fixed unrelated,0.583333333333,0.586206896552,0.4,0.433333333333,0.0473135928222,17,12,13,18,60,0.486666666667
balanced,69,Uniform proxy,0.783333333333,,,,0.0179135953715,,,,,,0.3
balanced,69,Always ship,0.5,0.5,1,0,0.0512180279867,30,30,0,0,60,0.506666666667
balanced,69,Never ship,0.5,,0,1,0.051284223561,0,0,30,30,60,0.493333333333
balanced,70,PROXIMA,0.9,0.864864864865,0.185185185185,0.030303030303,0.00160765718236,32,5,1,22,60,0.153333333333
balanced,70,Correlation,0.7,0.647058823529,0.666666666667,0,0.011084354907,33,18,0,9,60,0.21
balanced,70,Decision only,0.933333333333,0.914285714286,0.111111111111,0.030303030303,0.000780760865875,32,3,1,24,60,0.29
balanced,70,Local only,0.9,0.864864864865,0.185185185185,0.030303030303,0.00160765718236,32,5,1,22,60,0.153333333333
balanced,70,Equal weights,0.9,0.864864864865,0.185185185185,0.030303030303,0.00160765718236,32,5,1,22,60,0.153333333333
balanced,70,No local component,0.933333333333,0.914285714286,0.111111111111,0.030303030303,0.000780760865875,32,3,1,24,60,0.29
balanced,70,Fixed faithful,0.9,0.864864864865,0.185185185185,0.030303030303,0.00160765718236,32,5,1,22,60,0.153333333333
balanced,70,Fixed offset,0.7,0.647058823529,0.666666666667,0,0.011084354907,33,18,0,9,60,0.21
balanced,70,Fixed local_reversal,0.933333333333,0.914285714286,0.111111111111,0.030303030303,0.000780760865875,32,3,1,24,60,0.29
balanced,70,Fixed unrelated,0.45,0.5,0.592592592593,0.515151515152,0.0516977533842,16,16,17,11,60,0.45
balanced,70,Uniform proxy,0.745833333333,,,,0.0162926315849,,,,,,0.275833333333
balanced,70,Always ship,0.55,0.55,1,0,0.0412095883476,33,27,0,0,60,0.41
balanced,70,Never ship,0.45,,0,1,0.0754813749306,0,0,33,27,60,0.59
balanced,71,PROXIMA,0.983333333333,0.970588235294,0.037037037037,0,8.90523591798e-05,33,1,0,26,60,0.12
balanced,71,Correlation,0.95,0.916666666667,0.111111111111,0,0.000854926221407,33,3,0,24,60,0.323333333333
balanced,71,Decision only,0.95,0.916666666667,0.111111111111,0,0.000854926221407,33,3,0,24,60,0.323333333333
balanced,71,Local only,0.983333333333,0.970588235294,0.037037037037,0,8.90523591798e-05,33,1,0,26,60,0.12
balanced,71,Equal weights,0.983333333333,0.970588235294,0.037037037037,0,8.90523591798e-05,33,1,0,26,60,0.12
balanced,71,No local component,0.95,0.916666666667,0.111111111111,0,0.000854926221407,33,3,0,24,60,0.323333333333
balanced,71,Fixed faithful,0.983333333333,0.970588235294,0.037037037037,0,8.90523591798e-05,33,1,0,26,60,0.12
balanced,71,Fixed offset,0.716666666667,0.66,0.62962962963,0,0.0158892135681,33,17,0,10,60,0.263333333333
balanced,71,Fixed local_reversal,0.95,0.916666666667,0.111111111111,0,0.000854926221407,33,3,0,24,60,0.323333333333
balanced,71,Fixed unrelated,0.483333333333,0.533333333333,0.518518518519,0.515151515152,0.052524358924,16,14,17,13,60,0.53
balanced,71,Uniform proxy,0.783333333333,,,,0.0173393877682,,,,,,0.309166666667
balanced,71,Always ship,0.55,0.55,1,0,0.0473373789299,33,27,0,0,60,0.45
balanced,71,Never ship,0.45,,0,1,0.0610618023734,0,0,33,27,60,0.55
balanced,72,PROXIMA,0.966666666667,1,0,0.0571428571429,0.000529091816197,33,0,2,25,60,0.16
balanced,72,Correlation,0.75,0.7,0.6,0,0.0150944621872,35,15,0,10,60,0.26
balanced,72,Decision only,0.95,1,0,0.0857142857143,0.000976680993322,32,0,3,25,60,0.36
balanced,72,Local only,0.966666666667,1,0,0.0571428571429,0.000529091816197,33,0,2,25,60,0.16
balanced,72,Equal weights,0.966666666667,1,0,0.0571428571429,0.000529091816197,33,0,2,25,60,0.16
balanced,72,No local component,0.95,1,0,0.0857142857143,0.000976680993322,32,0,3,25,60,0.36
balanced,72,Fixed faithful,0.966666666667,1,0,0.0571428571429,0.000529091816197,33,0,2,25,60,0.16
balanced,72,Fixed offset,0.75,0.7,0.6,0,0.0150944621872,35,15,0,10,60,0.26
balanced,72,Fixed local_reversal,0.95,1,0,0.0857142857143,0.000976680993322,32,0,3,25,60,0.36
balanced,72,Fixed unrelated,0.516666666667,0.59375,0.52,0.457142857143,0.0518081229631,19,13,16,12,60,0.476666666667
balanced,72,Uniform proxy,0.795833333333,,,,0.0171020894899,,,,,,0.314166666667
balanced,72,Always ship,0.583333333333,0.583333333333,1,0,0.0461750506602,35,25,0,0,60,0.46
balanced,72,Never ship,0.416666666667,,0,1,0.053149656126,0,0,35,25,60,0.54
balanced,73,PROXIMA,0.866666666667,0.892857142857,0.1,0.166666666667,0.00399792290651,25,3,5,27,60,0.16
balanced,73,Correlation,0.683333333333,0.612244897959,0.633333333333,0,0.0159570980202,30,19,0,11,60,0.323333333333
balanced,73,Decision only,0.95,0.935483870968,0.0666666666667,0.0333333333333,0.000997001160426,29,2,1,28,60,0.34
balanced,73,Local only,0.866666666667,0.892857142857,0.1,0.166666666667,0.00399792290651,25,3,5,27,60,0.16
balanced,73,Equal weights,0.866666666667,0.892857142857,0.1,0.166666666667,0.00399792290651,25,3,5,27,60,0.16
balanced,73,No local component,0.95,0.935483870968,0.0666666666667,0.0333333333333,0.000997001160426,29,2,1,28,60,0.34
balanced,73,Fixed faithful,0.866666666667,0.892857142857,0.1,0.166666666667,0.00399792290651,25,3,5,27,60,0.16
balanced,73,Fixed offset,0.683333333333,0.612244897959,0.633333333333,0,0.0159570980202,30,19,0,11,60,0.323333333333
balanced,73,Fixed local_reversal,0.95,0.935483870968,0.0666666666667,0.0333333333333,0.000997001160426,29,2,1,28,60,0.34
balanced,73,Fixed unrelated,0.433333333333,0.441176470588,0.633333333333,0.5,0.0712330158711,15,19,15,11,60,0.53
balanced,73,Uniform proxy,0.733333333333,,,,0.0230462594896,,,,,,0.338333333333
balanced,73,Always ship,0.5,0.5,1,0,0.0502518597537,30,30,0,0,60,0.5
balanced,73,Never ship,0.5,,0,1,0.055022891818,0,0,30,30,60,0.5
balanced,74,PROXIMA,0.866666666667,0.965517241379,0.04,0.2,0.00314999913922,28,1,7,24,60,0.203333333333
balanced,74,Correlation,0.75,0.7,0.6,0,0.0149694546569,35,15,0,10,60,0.296666666667
balanced,74,Decision only,0.933333333333,0.969696969697,0.04,0.0857142857143,0.00038871771606,32,1,3,24,60,0.363333333333
balanced,74,Local only,0.866666666667,0.965517241379,0.04,0.2,0.00314999913922,28,1,7,24,60,0.203333333333
balanced,74,Equal weights,0.866666666667,0.965517241379,0.04,0.2,0.00314999913922,28,1,7,24,60,0.203333333333
balanced,74,No local component,0.933333333333,0.969696969697,0.04,0.0857142857143,0.00038871771606,32,1,3,24,60,0.363333333333
balanced,74,Fixed faithful,0.866666666667,0.965517241379,0.04,0.2,0.00314999913922,28,1,7,24,60,0.203333333333
balanced,74,Fixed offset,0.75,0.7,0.6,0,0.0149694546569,35,15,0,10,60,0.296666666667
balanced,74,Fixed local_reversal,0.933333333333,0.969696969697,0.04,0.0857142857143,0.00038871771606,32,1,3,24,60,0.363333333333
balanced,74,Fixed unrelated,0.516666666667,0.607142857143,0.44,0.514285714286,0.0398927618539,17,11,18,14,60,0.513333333333
balanced,74,Uniform proxy,0.766666666667,,,,0.0146002333415,,,,,,0.344166666667
balanced,74,Always ship,0.583333333333,0.583333333333,1,0,0.044677711397,35,25,0,0,60,0.48
balanced,74,Never ship,0.416666666667,,0,1,0.0418456134324,0,0,35,25,60,0.52
balanced,75,PROXIMA,0.933333333333,0.923076923077,0.0588235294118,0.0769230769231,0.000624737174923,24,2,2,32,60,0.126666666667
balanced,75,Correlation,0.666666666667,0.565217391304,0.588235294118,0,0.0203466714228,26,20,0,14,60,0.313333333333
balanced,75,Decision only,0.933333333333,0.923076923077,0.0588235294118,0.0769230769231,0.000624737174923,24,2,2,32,60,0.126666666667
balanced,75,Local only,0.933333333333,0.923076923077,0.0588235294118,0.0769230769231,0.000624737174923,24,2,2,32,60,0.126666666667
balanced,75,Equal weights,0.933333333333,0.923076923077,0.0588235294118,0.0769230769231,0.000624737174923,24,2,2,32,60,0.126666666667
balanced,75,No local component,0.95,0.925925925926,0.0588235294118,0.0384615384615,0.000965012538949,25,2,1,32,60,0.293333333333
balanced,75,Fixed faithful,0.933333333333,0.923076923077,0.0588235294118,0.0769230769231,0.000624737174923,24,2,2,32,60,0.126666666667
balanced,75,Fixed offset,0.666666666667,0.565217391304,0.588235294118,0,0.0203466714228,26,20,0,14,60,0.313333333333
balanced,75,Fixed local_reversal,0.95,0.925925925926,0.0588235294118,0.0384615384615,0.000965012538949,25,2,1,32,60,0.293333333333
balanced,75,Fixed unrelated,0.55,0.478260869565,0.352941176471,0.576923076923,0.0415357552129,11,12,15,22,60,0.48
balanced,75,Uniform proxy,0.775,,,,0.0158680440874,,,,,,0.303333333333
balanced,75,Always ship,0.433333333333,0.433333333333,1,0,0.0657515225086,26,34,0,0,60,0.573333333333
balanced,75,Never ship,0.566666666667,,0,1,0.0376824365454,0,0,26,34,60,0.426666666667
balanced,76,PROXIMA,0.933333333333,0.911764705882,0.107142857143,0.03125,0.00135122435387,31,3,1,25,60,0.143333333333
balanced,76,Correlation,0.633333333333,0.592592592593,0.785714285714,0,0.0216392860132,32,22,0,6,60,0.283333333333
balanced,76,Decision only,0.966666666667,0.941176470588,0.0714285714286,0,0.000802370914708,32,2,0,26,60,0.34
balanced,76,Local only,0.933333333333,0.911764705882,0.107142857143,0.03125,0.00135122435387,31,3,1,25,60,0.143333333333
balanced,76,Equal weights,0.933333333333,0.911764705882,0.107142857143,0.03125,0.00135122435387,31,3,1,25,60,0.143333333333
balanced,76,No local component,0.966666666667,0.941176470588,0.0714285714286,0,0.000802370914708,32,2,0,26,60,0.34
balanced,76,Fixed faithful,0.933333333333,0.911764705882,0.107142857143,0.03125,0.00135122435387,31,3,1,25,60,0.143333333333
balanced,76,Fixed offset,0.633333333333,0.592592592593,0.785714285714,0,0.0216392860132,32,22,0,6,60,0.283333333333
balanced,76,Fixed local_reversal,0.966666666667,0.941176470588,0.0714285714286,0,0.000802370914708,32,2,0,26,60,0.34
balanced,76,Fixed unrelated,0.533333333333,0.576923076923,0.392857142857,0.53125,0.0507495110543,15,11,17,17,60,0.48
balanced,76,Uniform proxy,0.766666666667,,,,0.018635598084,,,,,,0.311666666667
balanced,76,Always ship,0.533333333333,0.533333333333,1,0,0.0406965475015,32,28,0,0,60,0.463333333333
balanced,76,Never ship,0.466666666667,,0,1,0.0582601084225,0,0,32,28,60,0.536666666667
balanced,77,PROXIMA,0.916666666667,0.903225806452,0.1,0.0666666666667,0.00129912145328,28,3,2,27,60,0.136666666667
balanced,77,Correlation,0.966666666667,0.966666666667,0.0333333333333,0.0333333333333,0.00052325468034,29,1,1,29,60,0.303333333333
balanced,77,Decision only,0.916666666667,0.903225806452,0.1,0.0666666666667,0.00129912145328,28,3,2,27,60,0.136666666667
balanced,77,Local only,0.916666666667,0.903225806452,0.1,0.0666666666667,0.00129912145328,28,3,2,27,60,0.136666666667
balanced,77,Equal weights,0.916666666667,0.903225806452,0.1,0.0666666666667,0.00129912145328,28,3,2,27,60,0.136666666667
balanced,77,No local component,0.966666666667,0.966666666667,0.0333333333333,0.0333333333333,0.00052325468034,29,1,1,29,60,0.303333333333
balanced,77,Fixed faithful,0.916666666667,0.903225806452,0.1,0.0666666666667,0.00129912145328,28,3,2,27,60,0.136666666667
balanced,77,Fixed offset,0.633333333333,0.576923076923,0.733333333333,0,0.0195936962284,30,22,0,8,60,0.296666666667
balanced,77,Fixed local_reversal,0.966666666667,0.966666666667,0.0333333333333,0.0333333333333,0.00052325468034,29,1,1,29,60,0.303333333333
balanced,77,Fixed unrelated,0.383333333333,0.393939393939,0.666666666667,0.566666666667,0.053466280824,13,20,17,10,60,0.48
balanced,77,Uniform proxy,0.725,,,,0.0187205882965,,,,,,0.304166666667
balanced,77,Always ship,0.5,0.5,1,0,0.0404914643077,30,30,0,0,60,0.47
balanced,77,Never ship,0.5,,0,1,0.0526499096928,0,0,30,30,60,0.53
balanced,78,PROXIMA,0.9,0.964285714286,0.0357142857143,0.15625,0.00271328203048,27,1,5,27,60,0.15
balanced,78,Correlation,0.966666666667,0.96875,0.0357142857143,0.03125,0.00070280429066,31,1,1,27,60,0.313333333333
balanced,78,Decision only,0.966666666667,0.96875,0.0357142857143,0.03125,0.00070280429066,31,1,1,27,60,0.313333333333
balanced,78,Local only,0.9,0.964285714286,0.0357142857143,0.15625,0.00271328203048,27,1,5,27,60,0.15
balanced,78,Equal weights,0.9,0.964285714286,0.0357142857143,0.15625,0.00271328203048,27,1,5,27,60,0.15
balanced,78,No local component,0.966666666667,0.96875,0.0357142857143,0.03125,0.00070280429066,31,1,1,27,60,0.313333333333
balanced,78,Fixed faithful,0.9,0.964285714286,0.0357142857143,0.15625,0.00271328203048,27,1,5,27,60,0.15
balanced,78,Fixed offset,0.733333333333,0.666666666667,0.571428571429,0,0.013007149589,32,16,0,12,60,0.253333333333
balanced,78,Fixed local_reversal,0.966666666667,0.96875,0.0357142857143,0.03125,0.00070280429066,31,1,1,27,60,0.313333333333
balanced,78,Fixed unrelated,0.466666666667,0.5,0.392857142857,0.65625,0.0602458878506,11,11,21,17,60,0.5
balanced,78,Uniform proxy,0.766666666667,,,,0.0191672809402,,,,,,0.304166666667
balanced,78,Always ship,0.533333333333,0.533333333333,1,0,0.0492441853196,32,28,0,0,60,0.48
balanced,78,Never ship,0.466666666667,,0,1,0.0558694084429,0,0,32,28,60,0.52
balanced,79,PROXIMA,0.866666666667,0.896551724138,0.103448275862,0.161290322581,0.00149703474806,26,3,5,26,60,0.113333333333
balanced,79,Correlation,0.95,0.9375,0.0689655172414,0.0322580645161,0.00101250822256,30,2,1,27,60,0.363333333333
balanced,79,Decision only,0.95,0.9375,0.0689655172414,0.0322580645161,0.00101250822256,30,2,1,27,60,0.363333333333
balanced,79,Local only,0.866666666667,0.896551724138,0.103448275862,0.161290322581,0.00149703474806,26,3,5,26,60,0.113333333333
balanced,79,Equal weights,0.866666666667,0.896551724138,0.103448275862,0.161290322581,0.00149703474806,26,3,5,26,60,0.113333333333
balanced,79,No local component,0.95,0.9375,0.0689655172414,0.0322580645161,0.00101250822256,30,2,1,27,60,0.363333333333
balanced,79,Fixed faithful,0.866666666667,0.896551724138,0.103448275862,0.161290322581,0.00149703474806,26,3,5,26,60,0.113333333333
balanced,79,Fixed offset,0.633333333333,0.584905660377,0.758620689655,0,0.0224288777549,31,22,0,7,60,0.3
balanced,79,Fixed local_reversal,0.95,0.9375,0.0689655172414,0.0322580645161,0.00101250822256,30,2,1,27,60,0.363333333333
balanced,79,Fixed unrelated,0.55,0.566666666667,0.448275862069,0.451612903226,0.0459813518931,17,13,14,16,60,0.456666666667
balanced,79,Uniform proxy,0.75,,,,0.0177299431546,,,,,,0.308333333333
balanced,79,Always ship,0.516666666667,0.516666666667,1,0,0.041776162868,31,29,0,0,60,0.483333333333
balanced,79,Never ship,0.483333333333,,0,1,0.0529395122534,0,0,31,29,60,0.516666666667
balanced,80,PROXIMA,0.933333333333,0.958333333333,0.0294117647059,0.115384615385,0.000721572048235,23,1,3,33,60,0.133333333333
balanced,80,Correlation,0.966666666667,1,0,0.0769230769231,0.000225140146711,24,0,2,34,60,0.34
balanced,80,Decision only,0.966666666667,1,0,0.0769230769231,0.000225140146711,24,0,2,34,60,0.34
balanced,80,Local only,0.933333333333,0.958333333333,0.0294117647059,0.115384615385,0.000721572048235,23,1,3,33,60,0.133333333333
balanced,80,Equal weights,0.933333333333,0.958333333333,0.0294117647059,0.115384615385,0.000721572048235,23,1,3,33,60,0.133333333333
balanced,80,No local component,0.966666666667,1,0,0.0769230769231,0.000225140146711,24,0,2,34,60,0.34
balanced,80,Fixed faithful,0.933333333333,0.958333333333,0.0294117647059,0.115384615385,0.000721572048235,23,1,3,33,60,0.133333333333
balanced,80,Fixed offset,0.65,0.553191489362,0.617647058824,0,0.0196099265172,26,21,0,13,60,0.316666666667
balanced,80,Fixed local_reversal,0.966666666667,1,0,0.0769230769231,0.000225140146711,24,0,2,34,60,0.34
balanced,80,Fixed unrelated,0.583333333333,0.518518518519,0.382352941176,0.461538461538,0.0425308187506,14,13,12,21,60,0.493333333333
balanced,80,Uniform proxy,0.783333333333,,,,0.0157718643657,,,,,,0.320833333333
balanced,80,Always ship,0.433333333333,0.433333333333,1,0,0.0554107230846,26,34,0,0,60,0.56
balanced,80,Never ship,0.566666666667,,0,1,0.0393359652509,0,0,26,34,60,0.44
balanced,81,PROXIMA,0.95,0.942857142857,0.0769230769231,0.0294117647059,0.00117567549495,33,2,1,24,60,0.14
balanced,81,Correlation,0.95,0.969696969697,0.0384615384615,0.0588235294118,0.00107836859739,32,1,2,25,60,0.383333333333
balanced,81,Decision only,0.95,0.942857142857,0.0769230769231,0.0294117647059,0.00117567549495,33,2,1,24,60,0.14
balanced,81,Local only,0.95,0.942857142857,0.0769230769231,0.0294117647059,0.00117567549495,33,2,1,24,60,0.14
balanced,81,Equal weights,0.95,0.942857142857,0.0769230769231,0.0294117647059,0.00117567549495,33,2,1,24,60,0.14
balanced,81,No local component,0.95,0.969696969697,0.0384615384615,0.0588235294118,0.00107836859739,32,1,2,25,60,0.383333333333
balanced,81,Fixed faithful,0.95,0.942857142857,0.0769230769231,0.0294117647059,0.00117567549495,33,2,1,24,60,0.14
balanced,81,Fixed offset,0.716666666667,0.666666666667,0.653846153846,0,0.0169053423769,34,17,0,9,60,0.31
balanced,81,Fixed local_reversal,0.95,0.969696969697,0.0384615384615,0.0588235294118,0.00107836859739,32,1,2,25,60,0.383333333333
balanced,81,Fixed unrelated,0.433333333333,0.5,0.538461538462,0.588235294118,0.0619688342589,14,14,20,12,60,0.446666666667
balanced,81,Uniform proxy,0.7625,,,,0.020282055182,,,,,,0.32
balanced,81,Always ship,0.566666666667,0.566666666667,1,0,0.0454960368903,34,26,0,0,60,0.52
balanced,81,Never ship,0.433333333333,,0,1,0.0516754367169,0,0,34,26,60,0.48
balanced,82,PROXIMA,0.933333333333,0.96,0.030303030303,0.111111111111,0.00120863872343,24,1,3,32,60,0.13
balanced,82,Correlation,0.95,0.928571428571,0.0606060606061,0.037037037037,0.000889522480617,26,2,1,31,60,0.28
balanced,82,Decision only,0.95,0.928571428571,0.0606060606061,0.037037037037,0.000889522480617,26,2,1,31,60,0.28
balanced,82,Local only,0.933333333333,0.96,0.030303030303,0.111111111111,0.00120863872343,24,1,3,32,60,0.13
balanced,82,Equal weights,0.933333333333,0.96,0.030303030303,0.111111111111,0.00120863872343,24,1,3,32,60,0.13
balanced,82,No local component,0.95,0.928571428571,0.0606060606061,0.037037037037,0.000889522480617,26,2,1,31,60,0.28
balanced,82,Fixed faithful,0.933333333333,0.96,0.030303030303,0.111111111111,0.00120863872343,24,1,3,32,60,0.13
balanced,82,Fixed offset,0.666666666667,0.574468085106,0.606060606061,0,0.0180205009159,27,20,0,13,60,0.3
balanced,82,Fixed local_reversal,0.95,0.928571428571,0.0606060606061,0.037037037037,0.000889522480617,26,2,1,31,60,0.28
balanced,82,Fixed unrelated,0.4,0.363636363636,0.636363636364,0.555555555556,0.0642647777592,12,21,15,12,60,0.483333333333
balanced,82,Uniform proxy,0.7375,,,,0.0210958599698,,,,,,0.298333333333
balanced,82,Always ship,0.45,0.45,1,0,0.0528735675227,27,33,0,0,60,0.523333333333
balanced,82,Never ship,0.55,,0,1,0.0485841355187,0,0,27,33,60,0.476666666667
balanced,83,PROXIMA,0.866666666667,0.814814814815,0.142857142857,0.12,0.00311918830013,22,5,3,30,60,0.17
balanced,83,Correlation,0.966666666667,0.96,0.0285714285714,0.04,0.000394535311321,24,1,1,34,60,0.433333333333
balanced,83,Decision only,0.966666666667,0.96,0.0285714285714,0.04,0.000394535311321,24,1,1,34,60,0.433333333333
balanced,83,Local only,0.866666666667,0.814814814815,0.142857142857,0.12,0.00311918830013,22,5,3,30,60,0.17
balanced,83,Equal weights,0.866666666667,0.814814814815,0.142857142857,0.12,0.00311918830013,22,5,3,30,60,0.17
balanced,83,No local component,0.966666666667,0.96,0.0285714285714,0.04,0.000394535311321,24,1,1,34,60,0.433333333333
balanced,83,Fixed faithful,0.866666666667,0.814814814815,0.142857142857,0.12,0.00311918830013,22,5,3,30,60,0.17
balanced,83,Fixed offset,0.5,0.454545454545,0.857142857143,0,0.030674552364,25,30,0,5,60,0.386666666667
balanced,83,Fixed local_reversal,0.966666666667,0.96,0.0285714285714,0.04,0.000394535311321,24,1,1,34,60,0.433333333333
balanced,83,Fixed unrelated,0.416666666667,0.307692307692,0.514285714286,0.68,0.0450936083364,8,18,17,17,60,0.486666666667
balanced,83,Uniform proxy,0.6875,,,,0.019820471078,,,,,,0.369166666667
balanced,83,Always ship,0.416666666667,0.416666666667,1,0,0.0436825939034,25,35,0,0,60,0.556666666667
balanced,83,Never ship,0.583333333333,,0,1,0.0344795369554,0,0,25,35,60,0.443333333333
balanced,84,PROXIMA,0.95,0.933333333333,0.0645161290323,0.0344827586207,0.000471085115254,28,2,1,29,60,0.113333333333
balanced,84,Correlation,0.95,1,0,0.103448275862,0.000453966515822,26,0,3,31,60,0.366666666667
balanced,84,Decision only,0.95,1,0,0.103448275862,0.000453966515822,26,0,3,31,60,0.366666666667
balanced,84,Local only,0.95,0.933333333333,0.0645161290323,0.0344827586207,0.000471085115254,28,2,1,29,60,0.113333333333
balanced,84,Equal weights,0.95,0.933333333333,0.0645161290323,0.0344827586207,0.000471085115254,28,2,1,29,60,0.113333333333
balanced,84,No local component,0.95,1,0,0.103448275862,0.000453966515822,26,0,3,31,60,0.366666666667
balanced,84,Fixed faithful,0.95,0.933333333333,0.0645161290323,0.0344827586207,0.000471085115254,28,2,1,29,60,0.113333333333
balanced,84,Fixed offset,0.616666666667,0.557692307692,0.741935483871,0,0.0230052091154,29,23,0,8,60,0.253333333333
balanced,84,Fixed local_reversal,0.95,1,0,0.103448275862,0.000453966515822,26,0,3,31,60,0.366666666667
balanced,84,Fixed unrelated,0.516666666667,0.5,0.516129032258,0.448275862069,0.0408074320321,16,16,13,15,60,0.51
balanced,84,Uniform proxy,0.758333333333,,,,0.0161844231946,,,,,,0.310833333333
balanced,84,Always ship,0.483333333333,0.483333333333,1,0,0.0474085977423,29,31,0,0,60,0.483333333333
balanced,84,Never ship,0.516666666667,,0,1,0.0457231532015,0,0,29,31,60,0.516666666667
balanced,85,PROXIMA,0.966666666667,0.967741935484,0.0344827586207,0.0322580645161,8.16718275623e-05,30,1,1,28,60,0.116666666667
balanced,85,Correlation,0.966666666667,1,0,0.0645161290323,0.000496891078145,29,0,2,29,60,0.253333333333
balanced,85,Decision only,0.966666666667,0.967741935484,0.0344827586207,0.0322580645161,8.16718275623e-05,30,1,1,28,60,0.116666666667
balanced,85,Local only,0.966666666667,0.967741935484,0.0344827586207,0.0322580645161,8.16718275623e-05,30,1,1,28,60,0.116666666667
balanced,85,Equal weights,0.966666666667,0.967741935484,0.0344827586207,0.0322580645161,8.16718275623e-05,30,1,1,28,60,0.116666666667
balanced,85,No local component,0.966666666667,1,0,0.0645161290323,0.000496891078145,29,0,2,29,60,0.253333333333
balanced,85,Fixed faithful,0.966666666667,0.967741935484,0.0344827586207,0.0322580645161,8.16718275623e-05,30,1,1,28,60,0.116666666667
balanced,85,Fixed offset,0.716666666667,0.645833333333,0.586206896552,0,0.0192132824238,31,17,0,12,60,0.28
balanced,85,Fixed local_reversal,0.966666666667,1,0,0.0645161290323,0.000496891078145,29,0,2,29,60,0.253333333333
balanced,85,Fixed unrelated,0.333333333333,0.354838709677,0.689655172414,0.645161290323,0.0762339441342,11,20,20,9,60,0.546666666667
balanced,85,Uniform proxy,0.745833333333,,,,0.0240064473659,,,,,,0.299166666667
balanced,85,Always ship,0.516666666667,0.516666666667,1,0,0.0519152761331,31,29,0,0,60,0.483333333333
balanced,85,Never ship,0.483333333333,,0,1,0.0588106183884,0,0,31,29,60,0.516666666667
balanced,86,PROXIMA,0.933333333333,0.964285714286,0.0333333333333,0.1,0.00105679750492,27,1,3,29,60,0.123333333333
balanced,86,Correlation,0.633333333333,0.576923076923,0.733333333333,0,0.0212504850516,30,22,0,8,60,0.313333333333
balanced,86,Decision only,0.933333333333,0.933333333333,0.0666666666667,0.0666666666667,0.00106320945935,28,2,2,28,60,0.366666666667
balanced,86,Local only,0.933333333333,0.964285714286,0.0333333333333,0.1,0.00105679750492,27,1,3,29,60,0.123333333333
balanced,86,Equal weights,0.933333333333,0.964285714286,0.0333333333333,0.1,0.00105679750492,27,1,3,29,60,0.123333333333
balanced,86,No local component,0.933333333333,0.933333333333,0.0666666666667,0.0666666666667,0.00106320945935,28,2,2,28,60,0.366666666667
balanced,86,Fixed faithful,0.933333333333,0.964285714286,0.0333333333333,0.1,0.00105679750492,27,1,3,29,60,0.123333333333
balanced,86,Fixed offset,0.633333333333,0.576923076923,0.733333333333,0,0.0212504850516,30,22,0,8,60,0.313333333333
balanced,86,Fixed local_reversal,0.933333333333,0.933333333333,0.0666666666667,0.0666666666667,0.00106320945935,28,2,2,28,60,0.366666666667
balanced,86,Fixed unrelated,0.533333333333,0.535714285714,0.433333333333,0.5,0.0343330486082,15,13,15,17,60,0.503333333333
balanced,86,Uniform proxy,0.758333333333,,,,0.014425885156,,,,,,0.326666666667
balanced,86,Always ship,0.5,0.5,1,0,0.0511648993034,30,30,0,0,60,0.513333333333
balanced,86,Never ship,0.5,,0,1,0.0429924983086,0,0,30,30,60,0.486666666667
balanced,87,PROXIMA,0.916666666667,0.882352941176,0.137931034483,0.0322580645161,0.00207607316353,30,4,1,25,60,0.16
balanced,87,Correlation,0.683333333333,0.62,0.655172413793,0,0.0195254346883,31,19,0,10,60,0.326666666667
balanced,87,Decision only,0.95,0.966666666667,0.0344827586207,0.0645161290323,0.000855316145256,29,1,2,28,60,0.37
balanced,87,Local only,0.916666666667,0.882352941176,0.137931034483,0.0322580645161,0.00207607316353,30,4,1,25,60,0.16
balanced,87,Equal weights,0.916666666667,0.882352941176,0.137931034483,0.0322580645161,0.00207607316353,30,4,1,25,60,0.16
balanced,87,No local component,0.95,0.966666666667,0.0344827586207,0.0645161290323,0.000855316145256,29,1,2,28,60,0.37
balanced,87,Fixed faithful,0.916666666667,0.882352941176,0.137931034483,0.0322580645161,0.00207607316353,30,4,1,25,60,0.16
balanced,87,Fixed offset,0.683333333333,0.62,0.655172413793,0,0.0195254346883,31,19,0,10,60,0.326666666667
balanced,87,Fixed local_reversal,0.95,0.966666666667,0.0344827586207,0.0645161290323,0.000855316145256,29,1,2,28,60,0.37
balanced,87,Fixed unrelated,0.516666666667,0.533333333333,0.48275862069,0.483870967742,0.0472106427864,16,14,15,15,60,0.49
balanced,87,Uniform proxy,0.766666666667,,,,0.0174168666959,,,,,,0.336666666667
balanced,87,Always ship,0.516666666667,0.516666666667,1,0,0.0480264952575,31,29,0,0,60,0.523333333333
balanced,87,Never ship,0.483333333333,,0,1,0.039022982209,0,0,31,29,60,0.476666666667
balanced,88,PROXIMA,0.933333333333,0.931034482759,0.0645161290323,0.0689655172414,0.0014777875884,27,2,2,29,60,0.183333333333
balanced,88,Correlation,0.566666666667,0.527272727273,0.838709677419,0,0.0239259426069,29,26,0,5,60,0.333333333333
balanced,88,Decision only,0.95,0.964285714286,0.0322580645161,0.0689655172414,0.000942952530553,27,1,2,30,60,0.366666666667
balanced,88,Local only,0.933333333333,0.931034482759,0.0645161290323,0.0689655172414,0.0014777875884,27,2,2,29,60,0.183333333333
balanced,88,Equal weights,0.933333333333,0.931034482759,0.0645161290323,0.0689655172414,0.0014777875884,27,2,2,29,60,0.183333333333
balanced,88,No local component,0.95,0.964285714286,0.0322580645161,0.0689655172414,0.000942952530553,27,1,2,30,60,0.366666666667
balanced,88,Fixed faithful,0.933333333333,0.931034482759,0.0645161290323,0.0689655172414,0.0014777875884,27,2,2,29,60,0.183333333333
balanced,88,Fixed offset,0.566666666667,0.527272727273,0.838709677419,0,0.0239259426069,29,26,0,5,60,0.333333333333
balanced,88,Fixed local_reversal,0.95,0.964285714286,0.0322580645161,0.0689655172414,0.000942952530553,27,1,2,30,60,0.366666666667
balanced,88,Fixed unrelated,0.45,0.441176470588,0.612903225806,0.48275862069,0.0415839241115,15,19,14,12,60,0.493333333333
balanced,88,Uniform proxy,0.725,,,,0.0169826517093,,,,,,0.344166666667
balanced,88,Always ship,0.483333333333,0.483333333333,1,0,0.0357750389306,29,31,0,0,60,0.466666666667
balanced,88,Never ship,0.516666666667,,0,1,0.0442957112102,0,0,29,31,60,0.533333333333
balanced,89,PROXIMA,0.916666666667,0.892857142857,0.0909090909091,0.0740740740741,0.00114516252986,25,3,2,30,60,0.126666666667
balanced,89,Correlation,0.9,0.888888888889,0.0909090909091,0.111111111111,0.00179303295696,24,3,3,30,60,0.34
balanced,89,Decision only,0.9,0.888888888889,0.0909090909091,0.111111111111,0.00179303295696,24,3,3,30,60,0.34
balanced,89,Local only,0.916666666667,0.892857142857,0.0909090909091,0.0740740740741,0.00114516252986,25,3,2,30,60,0.126666666667
balanced,89,Equal weights,0.916666666667,0.892857142857,0.0909090909091,0.0740740740741,0.00114516252986,25,3,2,30,60,0.126666666667
balanced,89,No local component,0.9,0.888888888889,0.0909090909091,0.111111111111,0.00179303295696,24,3,3,30,60,0.34
balanced,89,Fixed faithful,0.916666666667,0.892857142857,0.0909090909091,0.0740740740741,0.00114516252986,25,3,2,30,60,0.126666666667
balanced,89,Fixed offset,0.633333333333,0.551020408163,0.666666666667,0,0.0190017672325,27,22,0,11,60,0.263333333333
balanced,89,Fixed local_reversal,0.9,0.888888888889,0.0909090909091,0.111111111111,0.00179303295696,24,3,3,30,60,0.34
balanced,89,Fixed unrelated,0.516666666667,0.46875,0.515151515152,0.444444444444,0.0581035856896,15,17,12,16,60,0.453333333333
balanced,89,Uniform proxy,0.741666666667,,,,0.0200108871022,,,,,,0.295833333333
balanced,89,Always ship,0.45,0.45,1,0,0.0541167053998,27,33,0,0,60,0.506666666667
balanced,89,Never ship,0.55,,0,1,0.0508690961878,0,0,27,33,60,0.493333333333
balanced,90,PROXIMA,0.95,1,0,0.0909090909091,0.000637974508147,30,0,3,27,60,0.133333333333
balanced,90,Correlation,0.983333333333,1,0,0.030303030303,0.000155795144221,32,0,1,27,60,0.293333333333
balanced,90,Decision only,0.95,1,0,0.0909090909091,0.000637974508147,30,0,3,27,60,0.133333333333
balanced,90,Local only,0.95,1,0,0.0909090909091,0.000637974508147,30,0,3,27,60,0.133333333333
balanced,90,Equal weights,0.95,1,0,0.0909090909091,0.000637974508147,30,0,3,27,60,0.133333333333
balanced,90,No local component,0.983333333333,1,0,0.030303030303,0.000155795144221,32,0,1,27,60,0.293333333333
balanced,90,Fixed faithful,0.95,1,0,0.0909090909091,0.000637974508147,30,0,3,27,60,0.133333333333
balanced,90,Fixed offset,0.75,0.6875,0.555555555556,0,0.0122714944588,33,15,0,12,60,0.253333333333
balanced,90,Fixed local_reversal,0.983333333333,1,0,0.030303030303,0.000155795144221,32,0,1,27,60,0.293333333333
balanced,90,Fixed unrelated,0.433333333333,0.48275862069,0.555555555556,0.575757575758,0.0642632104228,14,15,19,12,60,0.493333333333
balanced,90,Uniform proxy,0.779166666667,,,,0.0193321186335,,,,,,0.293333333333
balanced,90,Always ship,0.55,0.55,1,0,0.0477025292537,33,27,0,0,60,0.463333333333
balanced,90,Never ship,0.45,,0,1,0.0659090602122,0,0,33,27,60,0.536666666667
balanced,91,PROXIMA,0.916666666667,0.870967741935,0.125,0.0357142857143,0.0012896577383,27,4,1,28,60,0.14
balanced,91,Correlation,0.9,0.84375,0.15625,0.0357142857143,0.00203736956315,27,5,1,27,60,0.38
balanced,91,Decision only,0.9,0.84375,0.15625,0.0357142857143,0.00203736956315,27,5,1,27,60,0.38
balanced,91,Local only,0.916666666667,0.870967741935,0.125,0.0357142857143,0.0012896577383,27,4,1,28,60,0.14
balanced,91,Equal weights,0.916666666667,0.870967741935,0.125,0.0357142857143,0.0012896577383,27,4,1,28,60,0.14
balanced,91,No local component,0.9,0.84375,0.15625,0.0357142857143,0.00203736956315,27,5,1,27,60,0.38
balanced,91,Fixed faithful,0.916666666667,0.870967741935,0.125,0.0357142857143,0.0012896577383,27,4,1,28,60,0.14
balanced,91,Fixed offset,0.65,0.571428571429,0.65625,0,0.015465646093,28,21,0,11,60,0.3
balanced,91,Fixed local_reversal,0.9,0.84375,0.15625,0.0357142857143,0.00203736956315,27,5,1,27,60,0.38
balanced,91,Fixed unrelated,0.566666666667,0.538461538462,0.375,0.5,0.0420218946058,14,12,14,20,60,0.506666666667
balanced,91,Uniform proxy,0.758333333333,,,,0.0152036420001,,,,,,0.331666666667
balanced,91,Always ship,0.466666666667,0.466666666667,1,0,0.0577714293598,28,32,0,0,60,0.526666666667
balanced,91,Never ship,0.533333333333,,0,1,0.0447385579057,0,0,28,32,60,0.473333333333
balanced,92,PROXIMA,0.85,0.904761904762,0.0588235294118,0.269230769231,0.00176600392902,19,2,7,32,60,0.166666666667
balanced,92,Correlation,0.616666666667,0.530612244898,0.676470588235,0,0.0183069980602,26,23,0,11,60,0.346666666667
balanced,92,Decision only,0.916666666667,0.888888888889,0.0882352941176,0.0769230769231,0.000327357653342,24,3,2,31,60,0.39
balanced,92,Local only,0.85,0.904761904762,0.0588235294118,0.269230769231,0.00176600392902,19,2,7,32,60,0.166666666667
balanced,92,Equal weights,0.85,0.904761904762,0.0588235294118,0.269230769231,0.00176600392902,19,2,7,32,60,0.166666666667
balanced,92,No local component,0.916666666667,0.888888888889,0.0882352941176,0.0769230769231,0.000327357653342,24,3,2,31,60,0.39
balanced,92,Fixed faithful,0.85,0.904761904762,0.0588235294118,0.269230769231,0.00176600392902,19,2,7,32,60,0.166666666667
balanced,92,Fixed offset,0.616666666667,0.530612244898,0.676470588235,0,0.0183069980602,26,23,0,11,60,0.346666666667
balanced,92,Fixed local_reversal,0.916666666667,0.888888888889,0.0882352941176,0.0769230769231,0.000327357653342,24,3,2,31,60,0.39
balanced,92,Fixed unrelated,0.4,0.307692307692,0.529411764706,0.692307692308,0.0387980889824,8,18,18,16,60,0.473333333333
balanced,92,Uniform proxy,0.695833333333,,,,0.0147996121562,,,,,,0.344166666667
balanced,92,Always ship,0.433333333333,0.433333333333,1,0,0.0494223753058,26,34,0,0,60,0.566666666667
balanced,92,Never ship,0.566666666667,,0,1,0.0286710670156,0,0,26,34,60,0.433333333333
balanced,93,PROXIMA,0.9,0.923076923077,0.0625,0.142857142857,0.00227808375275,24,2,4,30,60,0.18
balanced,93,Correlation,0.616666666667,0.549019607843,0.71875,0,0.0183379078888,28,23,0,9,60,0.293333333333
balanced,93,Decision only,0.983333333333,1,0,0.0357142857143,5.14029959807e-05,27,0,1,32,60,0.426666666667
balanced,93,Local only,0.9,0.923076923077,0.0625,0.142857142857,0.00227808375275,24,2,4,30,60,0.18
balanced,93,Equal weights,0.9,0.923076923077,0.0625,0.142857142857,0.00227808375275,24,2,4,30,60,0.18
balanced,93,No local component,0.983333333333,1,0,0.0357142857143,5.14029959807e-05,27,0,1,32,60,0.426666666667
balanced,93,Fixed faithful,0.9,0.923076923077,0.0625,0.142857142857,0.00227808375275,24,2,4,30,60,0.18
balanced,93,Fixed offset,0.616666666667,0.549019607843,0.71875,0,0.0183379078888,28,23,0,9,60,0.293333333333
balanced,93,Fixed local_reversal,0.983333333333,1,0,0.0357142857143,5.14029959807e-05,27,0,1,32,60,0.426666666667
balanced,93,Fixed unrelated,0.5,0.470588235294,0.5625,0.428571428571,0.051151219777,16,18,12,14,60,0.436666666667
balanced,93,Uniform proxy,0.75,,,,0.0179546536036,,,,,,0.334166666667
balanced,93,Always ship,0.466666666667,0.466666666667,1,0,0.0495731405539,28,32,0,0,60,0.52
balanced,93,Never ship,0.533333333333,,0,1,0.0399501341651,0,0,28,32,60,0.48
balanced,94,PROXIMA,0.85,0.815789473684,0.259259259259,0.0606060606061,0.00198979091133,31,7,2,20,60,0.2
balanced,94,Correlation,0.933333333333,0.914285714286,0.111111111111,0.030303030303,0.000577346345589,32,3,1,24,60,0.396666666667
balanced,94,Decision only,0.933333333333,0.914285714286,0.111111111111,0.030303030303,0.000577346345589,32,3,1,24,60,0.396666666667
balanced,94,Local only,0.85,0.815789473684,0.259259259259,0.0606060606061,0.00198979091133,31,7,2,20,60,0.2
balanced,94,Equal weights,0.85,0.815789473684,0.259259259259,0.0606060606061,0.00198979091133,31,7,2,20,60,0.2
balanced,94,No local component,0.933333333333,0.914285714286,0.111111111111,0.030303030303,0.000577346345589,32,3,1,24,60,0.396666666667
balanced,94,Fixed faithful,0.85,0.815789473684,0.259259259259,0.0606060606061,0.00198979091133,31,7,2,20,60,0.2
balanced,94,Fixed offset,0.683333333333,0.634615384615,0.703703703704,0,0.0112256297076,33,19,0,8,60,0.28
balanced,94,Fixed local_reversal,0.933333333333,0.914285714286,0.111111111111,0.030303030303,0.000577346345589,32,3,1,24,60,0.396666666667
balanced,94,Fixed unrelated,0.566666666667,0.620689655172,0.407407407407,0.454545454545,0.0415202462246,18,11,15,16,60,0.533333333333
balanced,94,Uniform proxy,0.758333333333,,,,0.0138282532973,,,,,,0.3525
balanced,94,Always ship,0.55,0.55,1,0,0.0386005266681,33,27,0,0,60,0.456666666667
balanced,94,Never ship,0.45,,0,1,0.0420491494567,0,0,33,27,60,0.543333333333
balanced,95,PROXIMA,0.883333333333,0.970588235294,0.047619047619,0.153846153846,0.0022230894961,33,1,6,20,60,0.153333333333
balanced,95,Correlation,0.9,0.945945945946,0.0952380952381,0.102564102564,0.000969550712282,35,2,4,19,60,0.366666666667
balanced,95,Decision only,0.9,0.945945945946,0.0952380952381,0.102564102564,0.000969550712282,35,2,4,19,60,0.366666666667
balanced,95,Local only,0.883333333333,0.970588235294,0.047619047619,0.153846153846,0.0022230894961,33,1,6,20,60,0.153333333333
balanced,95,Equal weights,0.883333333333,0.970588235294,0.047619047619,0.153846153846,0.0022230894961,33,1,6,20,60,0.153333333333
balanced,95,No local component,0.9,0.945945945946,0.0952380952381,0.102564102564,0.000969550712282,35,2,4,19,60,0.366666666667
balanced,95,Fixed faithful,0.883333333333,0.970588235294,0.047619047619,0.153846153846,0.0022230894961,33,1,6,20,60,0.153333333333
balanced,95,Fixed offset,0.75,0.722222222222,0.714285714286,0,0.0168814638048,39,15,0,6,60,0.28
balanced,95,Fixed local_reversal,0.9,0.945945945946,0.0952380952381,0.102564102564,0.000969550712282,35,2,4,19,60,0.366666666667
balanced,95,Fixed unrelated,0.5,0.628571428571,0.619047619048,0.435897435897,0.0516049260307,22,13,17,8,60,0.51
balanced,95,Uniform proxy,0.758333333333,,,,0.017919757511,,,,,,0.3275
balanced,95,Always ship,0.65,0.65,1,0,0.0352176301621,39,21,0,0,60,0.426666666667
balanced,95,Never ship,0.35,,0,1,0.0487330770012,0,0,39,21,60,0.573333333333
balanced,96,PROXIMA,0.9,0.878787878788,0.137931034483,0.0645161290323,0.00143207483646,29,4,2,25,60,0.146666666667
balanced,96,Correlation,0.983333333333,1,0,0.0322580645161,0.000260499215903,30,0,1,29,60,0.393333333333
balanced,96,Decision only,0.9,0.878787878788,0.137931034483,0.0645161290323,0.00143207483646,29,4,2,25,60,0.146666666667
balanced,96,Local only,0.9,0.878787878788,0.137931034483,0.0645161290323,0.00143207483646,29,4,2,25,60,0.146666666667
balanced,96,Equal weights,0.9,0.878787878788,0.137931034483,0.0645161290323,0.00143207483646,29,4,2,25,60,0.146666666667
balanced,96,No local component,0.983333333333,1,0,0.0322580645161,0.000260499215903,30,0,1,29,60,0.393333333333
balanced,96,Fixed faithful,0.9,0.878787878788,0.137931034483,0.0645161290323,0.00143207483646,29,4,2,25,60,0.146666666667
balanced,96,Fixed offset,0.666666666667,0.607843137255,0.689655172414,0,0.0162538014967,31,20,0,9,60,0.316666666667
balanced,96,Fixed local_reversal,0.983333333333,1,0,0.0322580645161,0.000260499215903,30,0,1,29,60,0.393333333333
balanced,96,Fixed unrelated,0.533333333333,0.551724137931,0.448275862069,0.483870967742,0.0420511100572,16,13,15,16,60,0.503333333333
balanced,96,Uniform proxy,0.770833333333,,,,0.0149993714016,,,,,,0.34
balanced,96,Always ship,0.516666666667,0.516666666667,1,0,0.0422244694097,31,29,0,0,60,0.493333333333
balanced,96,Never ship,0.483333333333,,0,1,0.0489859090063,0,0,31,29,60,0.506666666667
balanced,97,PROXIMA,0.9,0.884615384615,0.0882352941176,0.115384615385,0.00304239570507,23,3,3,31,60,0.116666666667
balanced,97,Correlation,0.616666666667,0.530612244898,0.676470588235,0,0.0230397984191,26,23,0,11,60,0.283333333333
balanced,97,Decision only,0.983333333333,1,0,0.0384615384615,0.000313772532656,25,0,1,34,60,0.336666666667
balanced,97,Local only,0.9,0.884615384615,0.0882352941176,0.115384615385,0.00304239570507,23,3,3,31,60,0.116666666667
balanced,97,Equal weights,0.9,0.884615384615,0.0882352941176,0.115384615385,0.00304239570507,23,3,3,31,60,0.116666666667
balanced,97,No local component,0.983333333333,1,0,0.0384615384615,0.000313772532656,25,0,1,34,60,0.336666666667
balanced,97,Fixed faithful,0.9,0.884615384615,0.0882352941176,0.115384615385,0.00304239570507,23,3,3,31,60,0.116666666667
balanced,97,Fixed offset,0.616666666667,0.530612244898,0.676470588235,0,0.0230397984191,26,23,0,11,60,0.283333333333
balanced,97,Fixed local_reversal,0.983333333333,1,0,0.0384615384615,0.000313772532656,25,0,1,34,60,0.336666666667
balanced,97,Fixed unrelated,0.533333333333,0.470588235294,0.529411764706,0.384615384615,0.0583791643211,16,18,10,16,60,0.513333333333
balanced,97,Uniform proxy,0.758333333333,,,,0.0211937827445,,,,,,0.3125
balanced,97,Always ship,0.433333333333,0.433333333333,1,0,0.0555209866325,26,34,0,0,60,0.52
balanced,97,Never ship,0.566666666667,,0,1,0.0463662463813,0,0,26,34,60,0.48
balanced,98,PROXIMA,0.883333333333,0.92,0.0625,0.178571428571,0.00299090414342,23,2,5,30,60,0.15
balanced,98,Correlation,0.65,0.571428571429,0.65625,0,0.0248058388013,28,21,0,11,60,0.296666666667
balanced,98,Decision only,0.883333333333,0.92,0.0625,0.178571428571,0.00299090414342,23,2,5,30,60,0.15
balanced,98,Local only,0.883333333333,0.92,0.0625,0.178571428571,0.00299090414342,23,2,5,30,60,0.15
balanced,98,Equal weights,0.883333333333,0.92,0.0625,0.178571428571,0.00299090414342,23,2,5,30,60,0.15
balanced,98,No local component,0.983333333333,1,0,0.0357142857143,1.98669156801e-05,27,0,1,32,60,0.27
balanced,98,Fixed faithful,0.883333333333,0.92,0.0625,0.178571428571,0.00299090414342,23,2,5,30,60,0.15
balanced,98,Fixed offset,0.65,0.571428571429,0.65625,0,0.0248058388013,28,21,0,11,60,0.296666666667
balanced,98,Fixed local_reversal,0.983333333333,1,0,0.0357142857143,1.98669156801e-05,27,0,1,32,60,0.27
balanced,98,Fixed unrelated,0.45,0.41935483871,0.5625,0.535714285714,0.0575596330733,13,18,15,14,60,0.526666666667
balanced,98,Uniform proxy,0.741666666667,,,,0.0213440607334,,,,,,0.310833333333
balanced,98,Always ship,0.466666666667,0.466666666667,1,0,0.0592954673802,28,32,0,0,60,0.536666666667
balanced,98,Never ship,0.533333333333,,0,1,0.0451002549439,0,0,28,32,60,0.463333333333
balanced,99,PROXIMA,0.95,0.914285714286,0.107142857143,0,0.00081055893714,32,3,0,25,60,0.18
balanced,99,Correlation,0.7,0.64,0.642857142857,0,0.0129132675847,32,18,0,10,60,0.253333333333
balanced,99,Decision only,0.966666666667,0.941176470588,0.0714285714286,0,0.000909057937936,32,2,0,26,60,0.35
balanced,99,Local only,0.95,0.914285714286,0.107142857143,0,0.00081055893714,32,3,0,25,60,0.18
balanced,99,Equal weights,0.95,0.914285714286,0.107142857143,0,0.00081055893714,32,3,0,25,60,0.18
balanced,99,No local component,0.966666666667,0.941176470588,0.0714285714286,0,0.000909057937936,32,2,0,26,60,0.35
balanced,99,Fixed faithful,0.95,0.914285714286,0.107142857143,0,0.00081055893714,32,3,0,25,60,0.18
balanced,99,Fixed offset,0.7,0.64,0.642857142857,0,0.0129132675847,32,18,0,10,60,0.253333333333
balanced,99,Fixed local_reversal,0.966666666667,0.941176470588,0.0714285714286,0,0.000909057937936,32,2,0,26,60,0.35
balanced,99,Fixed unrelated,0.5,0.53125,0.535714285714,0.46875,0.0441586760561,17,15,15,13,60,0.476666666667
balanced,99,Uniform proxy,0.779166666667,,,,0.014697890129,,,,,,0.315
balanced,99,Always ship,0.533333333333,0.533333333333,1,0,0.0426499294665,32,28,0,0,60,0.446666666667
balanced,99,Never ship,0.466666666667,,0,1,0.0513749197482,0,0,32,28,60,0.553333333333
heterogeneous,0,PROXIMA,0.966666666667,0.928571428571,0.0588235294118,0,0.000614704337918,26,2,0,32,60,0.0966666666667
heterogeneous,0,Correlation,0.566666666667,0.5,0.764705882353,0,0.0289682839724,26,26,0,8,60,0.246666666667
heterogeneous,0,Decision only,0.95,0.925925925926,0.0588235294118,0.0384615384615,0.000810793050759,25,2,1,32,60,0.64
heterogeneous,0,Local only,0.966666666667,0.928571428571,0.0588235294118,0,0.000614704337918,26,2,0,32,60,0.0966666666667
heterogeneous,0,Equal weights,0.966666666667,0.928571428571,0.0588235294118,0,0.000614704337918,26,2,0,32,60,0.0966666666667
heterogeneous,0,No local component,0.95,0.925925925926,0.0588235294118,0.0384615384615,0.000810793050759,25,2,1,32,60,0.64
heterogeneous,0,Fixed faithful,0.966666666667,0.928571428571,0.0588235294118,0,0.000614704337918,26,2,0,32,60,0.0966666666667
heterogeneous,0,Fixed offset,0.566666666667,0.5,0.764705882353,0,0.0289682839724,26,26,0,8,60,0.246666666667
heterogeneous,0,Fixed local_reversal,0.95,0.925925925926,0.0588235294118,0.0384615384615,0.000810793050759,25,2,1,32,60,0.64
heterogeneous,0,Fixed unrelated,0.483333333333,0.428571428571,0.588235294118,0.423076923077,0.0447282762545,15,20,11,14,60,0.486666666667
heterogeneous,0,Uniform proxy,0.741666666667,,,,0.0187805144039,,,,,,0.3675
heterogeneous,0,Always ship,0.433333333333,0.433333333333,1,0,0.051457693524,26,34,0,0,60,0.54
heterogeneous,0,Never ship,0.566666666667,,0,1,0.0423257257916,0,0,26,34,60,0.46
heterogeneous,1,PROXIMA,0.85,0.818181818182,0.2,0.1,0.00489740803225,27,6,3,24,60,0.106666666667
heterogeneous,1,Correlation,0.633333333333,0.576923076923,0.733333333333,0,0.0176221467127,30,22,0,8,60,0.18
heterogeneous,1,Decision only,0.966666666667,0.9375,0.0666666666667,0,0.00057738442107,30,2,0,28,60,0.583333333333
heterogeneous,1,Local only,0.85,0.818181818182,0.2,0.1,0.00489740803225,27,6,3,24,60,0.106666666667
heterogeneous,1,Equal weights,0.85,0.818181818182,0.2,0.1,0.00489740803225,27,6,3,24,60,0.106666666667
heterogeneous,1,No local component,0.966666666667,0.9375,0.0666666666667,0,0.00057738442107,30,2,0,28,60,0.583333333333
heterogeneous,1,Fixed faithful,0.85,0.818181818182,0.2,0.1,0.00489740803225,27,6,3,24,60,0.106666666667
heterogeneous,1,Fixed offset,0.633333333333,0.576923076923,0.733333333333,0,0.0176221467127,30,22,0,8,60,0.18
heterogeneous,1,Fixed local_reversal,0.966666666667,0.9375,0.0666666666667,0,0.00057738442107,30,2,0,28,60,0.583333333333
heterogeneous,1,Fixed unrelated,0.483333333333,0.48,0.433333333333,0.6,0.0591148820871,12,13,18,17,60,0.503333333333
heterogeneous,1,Uniform proxy,0.733333333333,,,,0.0205529553133,,,,,,0.343333333333
heterogeneous,1,Always ship,0.5,0.5,1,0,0.0401165541314,30,30,0,0,60,0.436666666667
heterogeneous,1,Never ship,0.5,,0,1,0.0628670979431,0,0,30,30,60,0.563333333333
heterogeneous,2,PROXIMA,0.95,0.969696969697,0.0384615384615,0.0588235294118,0.000420355961293,32,1,2,25,60,0.0833333333333
heterogeneous,2,Correlation,0.65,0.618181818182,0.807692307692,0,0.0228951451888,34,21,0,5,60,0.243333333333
heterogeneous,2,Decision only,0.95,1,0,0.0882352941176,0.000433456622807,31,0,3,26,60,0.69
heterogeneous,2,Local only,0.95,0.969696969697,0.0384615384615,0.0588235294118,0.000420355961293,32,1,2,25,60,0.0833333333333
heterogeneous,2,Equal weights,0.95,0.969696969697,0.0384615384615,0.0588235294118,0.000420355961293,32,1,2,25,60,0.0833333333333
heterogeneous,2,No local component,0.95,1,0,0.0882352941176,0.000433456622807,31,0,3,26,60,0.69
heterogeneous,2,Fixed faithful,0.95,0.969696969697,0.0384615384615,0.0588235294118,0.000420355961293,32,1,2,25,60,0.0833333333333
heterogeneous,2,Fixed offset,0.65,0.618181818182,0.807692307692,0,0.0228951451888,34,21,0,5,60,0.243333333333
heterogeneous,2,Fixed local_reversal,0.95,1,0,0.0882352941176,0.000433456622807,31,0,3,26,60,0.69
heterogeneous,2,Fixed unrelated,0.5,0.5625,0.538461538462,0.470588235294,0.0399321032676,18,14,16,12,60,0.533333333333
heterogeneous,2,Uniform proxy,0.7625,,,,0.0159202652601,,,,,,0.3875
heterogeneous,2,Always ship,0.566666666667,0.566666666667,1,0,0.0402540139684,34,26,0,0,60,0.503333333333
heterogeneous,2,Never ship,0.433333333333,,0,1,0.0375214908795,0,0,34,26,60,0.496666666667
heterogeneous,3,PROXIMA,0.966666666667,0.928571428571,0.0588235294118,0,0.00127366020302,26,2,0,32,60,0.0933333333333
heterogeneous,3,Correlation,1,1,0,0,0,26,0,0,34,60,0.606666666667
heterogeneous,3,Decision only,1,1,0,0,0,26,0,0,34,60,0.606666666667
heterogeneous,3,Local only,0.966666666667,0.928571428571,0.0588235294118,0,0.00127366020302,26,2,0,32,60,0.0933333333333
heterogeneous,3,Equal weights,0.966666666667,0.928571428571,0.0588235294118,0,0.00127366020302,26,2,0,32,60,0.0933333333333
heterogeneous,3,No local component,1,1,0,0,0,26,0,0,34,60,0.606666666667
heterogeneous,3,Fixed faithful,0.966666666667,0.928571428571,0.0588235294118,0,0.00127366020302,26,2,0,32,60,0.0933333333333
heterogeneous,3,Fixed offset,0.633333333333,0.541666666667,0.647058823529,0,0.0244448401334,26,22,0,12,60,0.19
heterogeneous,3,Fixed local_reversal,1,1,0,0,0,26,0,0,34,60,0.606666666667
heterogeneous,3,Fixed unrelated,0.55,0.481481481481,0.411764705882,0.5,0.0538626420991,13,14,13,20,60,0.46
heterogeneous,3,Uniform proxy,0.7875,,,,0.0198952856089,,,,,,0.3375
heterogeneous,3,Always ship,0.433333333333,0.433333333333,1,0,0.055166266391,26,34,0,0,60,0.513333333333
heterogeneous,3,Never ship,0.566666666667,,0,1,0.0558376861556,0,0,26,34,60,0.486666666667
heterogeneous,4,PROXIMA,0.916666666667,0.878787878788,0.133333333333,0.0333333333333,0.00196588721659,29,4,1,26,60,0.113333333333
heterogeneous,4,Correlation,0.583333333333,0.545454545455,0.833333333333,0,0.0209802608495,30,25,0,5,60,0.243333333333
heterogeneous,4,Decision only,0.95,0.965517241379,0.0333333333333,0.0666666666667,0.000190639784785,28,1,2,29,60,0.686666666667
heterogeneous,4,Local only,0.916666666667,0.878787878788,0.133333333333,0.0333333333333,0.00196588721659,29,4,1,26,60,0.113333333333
heterogeneous,4,Equal weights,0.916666666667,0.878787878788,0.133333333333,0.0333333333333,0.00196588721659,29,4,1,26,60,0.113333333333
heterogeneous,4,No local component,0.95,0.965517241379,0.0333333333333,0.0666666666667,0.000190639784785,28,1,2,29,60,0.686666666667
heterogeneous,4,Fixed faithful,0.916666666667,0.878787878788,0.133333333333,0.0333333333333,0.00196588721659,29,4,1,26,60,0.113333333333
heterogeneous,4,Fixed offset,0.583333333333,0.545454545455,0.833333333333,0,0.0209802608495,30,25,0,5,60,0.243333333333
heterogeneous,4,Fixed local_reversal,0.95,0.965517241379,0.0333333333333,0.0666666666667,0.000190639784785,28,1,2,29,60,0.686666666667
heterogeneous,4,Fixed unrelated,0.4,0.40625,0.633333333333,0.566666666667,0.0486084097083,13,19,17,11,60,0.513333333333
heterogeneous,4,Uniform proxy,0.7125,,,,0.0179362993898,,,,,,0.389166666667
heterogeneous,4,Always ship,0.5,0.5,1,0,0.0369574933002,30,30,0,0,60,0.493333333333
heterogeneous,4,Never ship,0.5,,0,1,0.0445768024366,0,0,30,30,60,0.506666666667
heterogeneous,5,PROXIMA,0.816666666667,0.814814814815,0.15625,0.214285714286,0.00361680183827,22,5,6,27,60,0.14
heterogeneous,5,Correlation,0.95,0.962962962963,0.03125,0.0714285714286,0.000656611628896,26,1,2,31,60,0.613333333333
heterogeneous,5,Decision only,0.95,0.962962962963,0.03125,0.0714285714286,0.000656611628896,26,1,2,31,60,0.613333333333
heterogeneous,5,Local only,0.816666666667,0.814814814815,0.15625,0.214285714286,0.00361680183827,22,5,6,27,60,0.14
heterogeneous,5,Equal weights,0.816666666667,0.814814814815,0.15625,0.214285714286,0.00361680183827,22,5,6,27,60,0.14
heterogeneous,5,No local component,0.95,0.962962962963,0.03125,0.0714285714286,0.000656611628896,26,1,2,31,60,0.613333333333
heterogeneous,5,Fixed faithful,0.816666666667,0.814814814815,0.15625,0.214285714286,0.00361680183827,22,5,6,27,60,0.14
heterogeneous,5,Fixed offset,0.616666666667,0.549019607843,0.71875,0,0.0171194067388,28,23,0,9,60,0.236666666667
heterogeneous,5,Fixed local_reversal,0.95,0.962962962963,0.03125,0.0714285714286,0.000656611628896,26,1,2,31,60,0.613333333333
heterogeneous,5,Fixed unrelated,0.4,0.366666666667,0.59375,0.607142857143,0.0556162309109,11,19,17,13,60,0.486666666667
heterogeneous,5,Uniform proxy,0.695833333333,,,,0.0192522627792,,,,,,0.369166666667
heterogeneous,5,Always ship,0.466666666667,0.466666666667,1,0,0.0448074553952,28,32,0,0,60,0.49
heterogeneous,5,Never ship,0.533333333333,,0,1,0.0400719880658,0,0,28,32,60,0.51
heterogeneous,6,PROXIMA,0.95,0.933333333333,0.0645161290323,0.0344827586207,0.0012589172067,28,2,1,29,60,0.106666666667
heterogeneous,6,Correlation,0.65,0.58,0.677419354839,0,0.0208575780751,29,21,0,10,60,0.176666666667
heterogeneous,6,Decision only,0.983333333333,0.966666666667,0.0322580645161,0,0.000184205974358,29,1,0,30,60,0.593333333333
heterogeneous,6,Local only,0.95,0.933333333333,0.0645161290323,0.0344827586207,0.0012589172067,28,2,1,29,60,0.106666666667
heterogeneous,6,Equal weights,0.95,0.933333333333,0.0645161290323,0.0344827586207,0.0012589172067,28,2,1,29,60,0.106666666667
heterogeneous,6,No local component,0.983333333333,0.966666666667,0.0322580645161,0,0.000184205974358,29,1,0,30,60,0.593333333333
heterogeneous,6,Fixed faithful,0.95,0.933333333333,0.0645161290323,0.0344827586207,0.0012589172067,28,2,1,29,60,0.106666666667
heterogeneous,6,Fixed offset,0.65,0.58,0.677419354839,0,0.0208575780751,29,21,0,10,60,0.176666666667
heterogeneous,6,Fixed local_reversal,0.983333333333,0.966666666667,0.0322580645161,0,0.000184205974358,29,1,0,30,60,0.593333333333
heterogeneous,6,Fixed unrelated,0.483333333333,0.473684210526,0.645161290323,0.379310344828,0.0493802900723,18,20,11,11,60,0.493333333333
heterogeneous,6,Uniform proxy,0.766666666667,,,,0.0179202478321,,,,,,0.3425
heterogeneous,6,Always ship,0.483333333333,0.483333333333,1,0,0.0534580436587,29,31,0,0,60,0.483333333333
heterogeneous,6,Never ship,0.516666666667,,0,1,0.0464817879359,0,0,29,31,60,0.516666666667
heterogeneous,7,PROXIMA,0.966666666667,0.933333333333,0.0625,0,0.000634316416125,28,2,0,30,60,0.123333333333
heterogeneous,7,Correlation,0.633333333333,0.56,0.6875,0,0.0210093752432,28,22,0,10,60,0.24
heterogeneous,7,Decision only,1,1,0,0,0,28,0,0,32,60,0.593333333333
heterogeneous,7,Local only,0.966666666667,0.933333333333,0.0625,0,0.000634316416125,28,2,0,30,60,0.123333333333
heterogeneous,7,Equal weights,0.966666666667,0.933333333333,0.0625,0,0.000634316416125,28,2,0,30,60,0.123333333333
heterogeneous,7,No local component,1,1,0,0,0,28,0,0,32,60,0.593333333333
heterogeneous,7,Fixed faithful,0.966666666667,0.933333333333,0.0625,0,0.000634316416125,28,2,0,30,60,0.123333333333
heterogeneous,7,Fixed offset,0.633333333333,0.56,0.6875,0,0.0210093752432,28,22,0,10,60,0.24
heterogeneous,7,Fixed local_reversal,1,1,0,0,0,28,0,0,32,60,0.593333333333
heterogeneous,7,Fixed unrelated,0.566666666667,0.533333333333,0.4375,0.428571428571,0.0462186528892,16,14,12,18,60,0.433333333333
heterogeneous,7,Uniform proxy,0.791666666667,,,,0.0169655861371,,,,,,0.3475
heterogeneous,7,Always ship,0.466666666667,0.466666666667,1,0,0.0521336216747,28,32,0,0,60,0.503333333333
heterogeneous,7,Never ship,0.533333333333,,0,1,0.0471068174211,0,0,28,32,60,0.496666666667
heterogeneous,8,PROXIMA,0.95,0.962962962963,0.03125,0.0714285714286,0.000658808436025,26,1,2,31,60,0.1
heterogeneous,8,Correlation,0.616666666667,0.549019607843,0.71875,0,0.0226346136391,28,23,0,9,60,0.22
heterogeneous,8,Decision only,0.966666666667,1,0,0.0714285714286,0.000687242696277,26,0,2,32,60,0.62
heterogeneous,8,Local only,0.95,0.962962962963,0.03125,0.0714285714286,0.000658808436025,26,1,2,31,60,0.1
heterogeneous,8,Equal weights,0.95,0.962962962963,0.03125,0.0714285714286,0.000658808436025,26,1,2,31,60,0.1
heterogeneous,8,No local component,0.966666666667,1,0,0.0714285714286,0.000687242696277,26,0,2,32,60,0.62
heterogeneous,8,Fixed faithful,0.95,0.962962962963,0.03125,0.0714285714286,0.000658808436025,26,1,2,31,60,0.1
heterogeneous,8,Fixed offset,0.616666666667,0.549019607843,0.71875,0,0.0226346136391,28,23,0,9,60,0.22
heterogeneous,8,Fixed local_reversal,0.966666666667,1,0,0.0714285714286,0.000687242696277,26,0,2,32,60,0.62
heterogeneous,8,Fixed unrelated,0.583333333333,0.555555555556,0.375,0.464285714286,0.0517218208791,15,12,13,20,60,0.543333333333
heterogeneous,8,Uniform proxy,0.779166666667,,,,0.0189256214126,,,,,,0.370833333333
heterogeneous,8,Always ship,0.466666666667,0.466666666667,1,0,0.0511216406091,28,32,0,0,60,0.523333333333
heterogeneous,8,Never ship,0.533333333333,,0,1,0.0454300840475,0,0,28,32,60,0.476666666667
heterogeneous,9,PROXIMA,0.966666666667,1,0,0.0625,0.000496316858659,30,0,2,28,60,0.0733333333333
heterogeneous,9,Correlation,0.966666666667,0.96875,0.0357142857143,0.03125,0.000115021242855,31,1,1,27,60,0.566666666667
heterogeneous,9,Decision only,0.966666666667,0.96875,0.0357142857143,0.03125,0.000115021242855,31,1,1,27,60,0.566666666667
heterogeneous,9,Local only,0.966666666667,1,0,0.0625,0.000496316858659,30,0,2,28,60,0.0733333333333
heterogeneous,9,Equal weights,0.966666666667,1,0,0.0625,0.000496316858659,30,0,2,28,60,0.0733333333333
heterogeneous,9,No local component,0.966666666667,0.96875,0.0357142857143,0.03125,0.000115021242855,31,1,1,27,60,0.566666666667
heterogeneous,9,Fixed faithful,0.966666666667,1,0,0.0625,0.000496316858659,30,0,2,28,60,0.0733333333333
heterogeneous,9,Fixed offset,0.7,0.64,0.642857142857,0,0.0181432913223,32,18,0,10,60,0.19
heterogeneous,9,Fixed local_reversal,0.966666666667,0.96875,0.0357142857143,0.03125,0.000115021242855,31,1,1,27,60,0.566666666667
heterogeneous,9,Fixed unrelated,0.483333333333,0.518518518519,0.464285714286,0.5625,0.0470120780283,14,13,18,15,60,0.53
heterogeneous,9,Uniform proxy,0.779166666667,,,,0.016441676863,,,,,,0.34
heterogeneous,9,Always ship,0.533333333333,0.533333333333,1,0,0.0536350066977,32,28,0,0,60,0.483333333333
heterogeneous,9,Never ship,0.466666666667,,0,1,0.0543366863183,0,0,32,28,60,0.516666666667
heterogeneous,10,PROXIMA,0.966666666667,0.9375,0.0666666666667,0,0.000449190551497,30,2,0,28,60,0.113333333333
heterogeneous,10,Correlation,0.7,0.625,0.6,0,0.013537535801,30,18,0,12,60,0.166666666667
heterogeneous,10,Decision only,0.966666666667,0.9375,0.0666666666667,0,0.000449190551497,30,2,0,28,60,0.113333333333
heterogeneous,10,Local only,0.966666666667,0.9375,0.0666666666667,0,0.000449190551497,30,2,0,28,60,0.113333333333
heterogeneous,10,Equal weights,0.966666666667,0.9375,0.0666666666667,0,0.000449190551497,30,2,0,28,60,0.113333333333
heterogeneous,10,No local component,0.966666666667,0.9375,0.0666666666667,0,0.000449190551497,30,2,0,28,60,0.113333333333
heterogeneous,10,Fixed faithful,0.966666666667,0.9375,0.0666666666667,0,0.000449190551497,30,2,0,28,60,0.113333333333
heterogeneous,10,Fixed offset,0.7,0.625,0.6,0,0.013537535801,30,18,0,12,60,0.166666666667
heterogeneous,10,Fixed local_reversal,0.966666666667,0.966666666667,0.0333333333333,0.0333333333333,0.000163283831407,29,1,1,29,60,0.623333333333
heterogeneous,10,Fixed unrelated,0.516666666667,0.516129032258,0.5,0.466666666667,0.045833654556,16,15,14,15,60,0.466666666667
heterogeneous,10,Uniform proxy,0.7875,,,,0.014995916185,,,,,,0.3425
heterogeneous,10,Always ship,0.5,0.5,1,0,0.0532804520325,30,30,0,0,60,0.49
heterogeneous,10,Never ship,0.5,,0,1,0.0489458041719,0,0,30,30,60,0.51
heterogeneous,11,PROXIMA,0.933333333333,0.964285714286,0.0333333333333,0.1,0.00241381832817,27,1,3,29,60,0.103333333333
heterogeneous,11,Correlation,0.633333333333,0.576923076923,0.733333333333,0,0.0227634230906,30,22,0,8,60,0.206666666667
heterogeneous,11,Decision only,0.933333333333,0.964285714286,0.0333333333333,0.1,0.00241381832817,27,1,3,29,60,0.103333333333
heterogeneous,11,Local only,0.933333333333,0.964285714286,0.0333333333333,0.1,0.00241381832817,27,1,3,29,60,0.103333333333
heterogeneous,11,Equal weights,0.933333333333,0.964285714286,0.0333333333333,0.1,0.00241381832817,27,1,3,29,60,0.103333333333
heterogeneous,11,No local component,0.966666666667,1,0,0.0666666666667,0.00101915802314,28,0,2,30,60,0.593333333333
heterogeneous,11,Fixed faithful,0.933333333333,0.964285714286,0.0333333333333,0.1,0.00241381832817,27,1,3,29,60,0.103333333333
heterogeneous,11,Fixed offset,0.633333333333,0.576923076923,0.733333333333,0,0.0227634230906,30,22,0,8,60,0.206666666667
heterogeneous,11,Fixed local_reversal,0.966666666667,1,0,0.0666666666667,0.00101915802314,28,0,2,30,60,0.593333333333
heterogeneous,11,Fixed unrelated,0.366666666667,0.318181818182,0.5,0.766666666667,0.0549028771003,7,15,23,15,60,0.52
heterogeneous,11,Uniform proxy,0.725,,,,0.0202748191356,,,,,,0.355833333333
heterogeneous,11,Always ship,0.5,0.5,1,0,0.0454692800315,30,30,0,0,60,0.493333333333
heterogeneous,11,Never ship,0.5,,0,1,0.0448658990992,0,0,30,30,60,0.506666666667
heterogeneous,12,PROXIMA,0.966666666667,0.961538461538,0.0294117647059,0.0384615384615,0.00108195873666,25,1,1,33,60,0.113333333333
heterogeneous,12,Correlation,0.633333333333,0.541666666667,0.647058823529,0,0.0246465489632,26,22,0,12,60,0.2
heterogeneous,12,Decision only,0.983333333333,0.962962962963,0.0294117647059,0,0.000189035513529,26,1,0,33,60,0.626666666667
heterogeneous,12,Local only,0.966666666667,0.961538461538,0.0294117647059,0.0384615384615,0.00108195873666,25,1,1,33,60,0.113333333333
heterogeneous,12,Equal weights,0.966666666667,0.961538461538,0.0294117647059,0.0384615384615,0.00108195873666,25,1,1,33,60,0.113333333333
heterogeneous,12,No local component,0.983333333333,0.962962962963,0.0294117647059,0,0.000189035513529,26,1,0,33,60,0.626666666667
heterogeneous,12,Fixed faithful,0.966666666667,0.961538461538,0.0294117647059,0.0384615384615,0.00108195873666,25,1,1,33,60,0.113333333333
heterogeneous,12,Fixed offset,0.633333333333,0.541666666667,0.647058823529,0,0.0246465489632,26,22,0,12,60,0.2
heterogeneous,12,Fixed local_reversal,0.983333333333,0.962962962963,0.0294117647059,0,0.000189035513529,26,1,0,33,60,0.626666666667
heterogeneous,12,Fixed unrelated,0.5,0.447368421053,0.617647058824,0.346153846154,0.0545872047758,17,21,9,13,60,0.426666666667
heterogeneous,12,Uniform proxy,0.770833333333,,,,0.0201261869973,,,,,,0.341666666667
heterogeneous,12,Always ship,0.433333333333,0.433333333333,1,0,0.0598587882841,26,34,0,0,60,0.523333333333
heterogeneous,12,Never ship,0.566666666667,,0,1,0.0461146603143,0,0,26,34,60,0.476666666667
heterogeneous,13,PROXIMA,0.966666666667,0.964285714286,0.03125,0.0357142857143,0.000879450147407,27,1,1,31,60,0.13
heterogeneous,13,Correlation,0.933333333333,0.875,0.125,0,0.000687956777057,28,4,0,28,60,0.67
heterogeneous,13,Decision only,0.933333333333,0.875,0.125,0,0.000687956777057,28,4,0,28,60,0.67
heterogeneous,13,Local only,0.966666666667,0.964285714286,0.03125,0.0357142857143,0.000879450147407,27,1,1,31,60,0.13
heterogeneous,13,Equal weights,0.966666666667,0.964285714286,0.03125,0.0357142857143,0.000879450147407,27,1,1,31,60,0.13
heterogeneous,13,No local component,0.933333333333,0.875,0.125,0,0.000687956777057,28,4,0,28,60,0.67
heterogeneous,13,Fixed faithful,0.966666666667,0.964285714286,0.03125,0.0357142857143,0.000879450147407,27,1,1,31,60,0.13
heterogeneous,13,Fixed offset,0.616666666667,0.549019607843,0.71875,0,0.0168807445411,28,23,0,9,60,0.24
heterogeneous,13,Fixed local_reversal,0.933333333333,0.875,0.125,0,0.000687956777057,28,4,0,28,60,0.67
heterogeneous,13,Fixed unrelated,0.55,0.514285714286,0.53125,0.357142857143,0.0407749272954,18,17,10,15,60,0.5
heterogeneous,13,Uniform proxy,0.766666666667,,,,0.0148057696902,,,,,,0.385
heterogeneous,13,Always ship,0.466666666667,0.466666666667,1,0,0.0441781843099,28,32,0,0,60,0.506666666667
heterogeneous,13,Never ship,0.533333333333,,0,1,0.0473017082338,0,0,28,32,60,0.493333333333
heterogeneous,14,PROXIMA,0.916666666667,0.84,0.105263157895,0.0454545454545,0.00180203961537,21,4,1,34,60,0.0933333333333
heterogeneous,14,Correlation,1,1,0,0,0,22,0,0,38,60,0.706666666667
heterogeneous,14,Decision only,1,1,0,0,0,22,0,0,38,60,0.706666666667
heterogeneous,14,Local only,0.916666666667,0.84,0.105263157895,0.0454545454545,0.00180203961537,21,4,1,34,60,0.0933333333333
heterogeneous,14,Equal weights,0.916666666667,0.84,0.105263157895,0.0454545454545,0.00180203961537,21,4,1,34,60,0.0933333333333
heterogeneous,14,No local component,1,1,0,0,0,22,0,0,38,60,0.706666666667
heterogeneous,14,Fixed faithful,0.916666666667,0.84,0.105263157895,0.0454545454545,0.00180203961537,21,4,1,34,60,0.0933333333333
heterogeneous,14,Fixed offset,0.466666666667,0.407407407407,0.842105263158,0,0.0292596573081,22,32,0,6,60,0.2
heterogeneous,14,Fixed local_reversal,1,1,0,0,0,22,0,0,38,60,0.706666666667
heterogeneous,14,Fixed unrelated,0.5,0.388888888889,0.578947368421,0.363636363636,0.0409396669773,14,22,8,16,60,0.51
heterogeneous,14,Uniform proxy,0.720833333333,,,,0.0180003409752,,,,,,0.3775
heterogeneous,14,Always ship,0.366666666667,0.366666666667,1,0,0.0449862123318,22,38,0,0,60,0.51
heterogeneous,14,Never ship,0.633333333333,,0,1,0.0348357500762,0,0,22,38,60,0.49
heterogeneous,15,PROXIMA,0.866666666667,0.888888888889,0.0967741935484,0.172413793103,0.0021538770035,24,3,5,28,60,0.0933333333333
heterogeneous,15,Correlation,0.916666666667,0.9,0.0967741935484,0.0689655172414,0.000722986692331,27,3,2,28,60,0.636666666667
heterogeneous,15,Decision only,0.916666666667,0.9,0.0967741935484,0.0689655172414,0.000722986692331,27,3,2,28,60,0.636666666667
heterogeneous,15,Local only,0.866666666667,0.888888888889,0.0967741935484,0.172413793103,0.0021538770035,24,3,5,28,60,0.0933333333333
heterogeneous,15,Equal weights,0.866666666667,0.888888888889,0.0967741935484,0.172413793103,0.0021538770035,24,3,5,28,60,0.0933333333333
heterogeneous,15,No local component,0.916666666667,0.9,0.0967741935484,0.0689655172414,0.000722986692331,27,3,2,28,60,0.636666666667
heterogeneous,15,Fixed faithful,0.866666666667,0.888888888889,0.0967741935484,0.172413793103,0.0021538770035,24,3,5,28,60,0.0933333333333
heterogeneous,15,Fixed offset,0.583333333333,0.537037037037,0.806451612903,0,0.0212727913402,29,25,0,6,60,0.206666666667
heterogeneous,15,Fixed local_reversal,0.916666666667,0.9,0.0967741935484,0.0689655172414,0.000722986692331,27,3,2,28,60,0.636666666667
heterogeneous,15,Fixed unrelated,0.533333333333,0.51724137931,0.451612903226,0.48275862069,0.0338806008338,15,14,14,17,60,0.526666666667
heterogeneous,15,Uniform proxy,0.725,,,,0.0145075639674,,,,,,0.365833333333
heterogeneous,15,Always ship,0.483333333333,0.483333333333,1,0,0.0396796388913,29,31,0,0,60,0.496666666667
heterogeneous,15,Never ship,0.516666666667,,0,1,0.045016662094,0,0,29,31,60,0.503333333333
heterogeneous,16,PROXIMA,0.866666666667,0.852941176471,0.178571428571,0.09375,0.00236079801525,29,5,3,23,60,0.11
heterogeneous,16,Correlation,0.716666666667,0.65306122449,0.607142857143,0,0.0153878731726,32,17,0,11,60,0.213333333333
heterogeneous,16,Decision only,0.966666666667,0.96875,0.0357142857143,0.03125,0.000402095715876,31,1,1,27,60,0.62
heterogeneous,16,Local only,0.866666666667,0.852941176471,0.178571428571,0.09375,0.00236079801525,29,5,3,23,60,0.11
heterogeneous,16,Equal weights,0.866666666667,0.852941176471,0.178571428571,0.09375,0.00236079801525,29,5,3,23,60,0.11
heterogeneous,16,No local component,0.966666666667,0.96875,0.0357142857143,0.03125,0.000402095715876,31,1,1,27,60,0.62
heterogeneous,16,Fixed faithful,0.866666666667,0.852941176471,0.178571428571,0.09375,0.00236079801525,29,5,3,23,60,0.11
heterogeneous,16,Fixed offset,0.716666666667,0.65306122449,0.607142857143,0,0.0153878731726,32,17,0,11,60,0.213333333333
heterogeneous,16,Fixed local_reversal,0.966666666667,0.96875,0.0357142857143,0.03125,0.000402095715876,31,1,1,27,60,0.62
heterogeneous,16,Fixed unrelated,0.416666666667,0.451612903226,0.607142857143,0.5625,0.0566028961591,14,17,18,11,60,0.51
heterogeneous,16,Uniform proxy,0.741666666667,,,,0.0186884157657,,,,,,0.363333333333
heterogeneous,16,Always ship,0.533333333333,0.533333333333,1,0,0.0466375113036,32,28,0,0,60,0.503333333333
heterogeneous,16,Never ship,0.466666666667,,0,1,0.0420754519335,0,0,32,28,60,0.496666666667
heterogeneous,17,PROXIMA,0.866666666667,0.806451612903,0.181818181818,0.0740740740741,0.0022785335784,25,6,2,27,60,0.0866666666667
heterogeneous,17,Correlation,0.583333333333,0.519230769231,0.757575757576,0,0.0234122525727,27,25,0,8,60,0.193333333333
heterogeneous,17,Decision only,0.95,0.928571428571,0.0606060606061,0.037037037037,0.000275714707576,26,2,1,31,60,0.676666666667
heterogeneous,17,Local only,0.866666666667,0.806451612903,0.181818181818,0.0740740740741,0.0022785335784,25,6,2,27,60,0.0866666666667
heterogeneous,17,Equal weights,0.866666666667,0.806451612903,0.181818181818,0.0740740740741,0.0022785335784,25,6,2,27,60,0.0866666666667
heterogeneous,17,No local component,0.95,0.928571428571,0.0606060606061,0.037037037037,0.000275714707576,26,2,1,31,60,0.676666666667
heterogeneous,17,Fixed faithful,0.866666666667,0.806451612903,0.181818181818,0.0740740740741,0.0022785335784,25,6,2,27,60,0.0866666666667
heterogeneous,17,Fixed offset,0.583333333333,0.519230769231,0.757575757576,0,0.0234122525727,27,25,0,8,60,0.193333333333
heterogeneous,17,Fixed local_reversal,0.95,0.928571428571,0.0606060606061,0.037037037037,0.000275714707576,26,2,1,31,60,0.676666666667
heterogeneous,17,Fixed unrelated,0.533333333333,0.473684210526,0.30303030303,0.666666666667,0.0486559548692,9,10,18,23,60,0.47
heterogeneous,17,Uniform proxy,0.733333333333,,,,0.018655613932,,,,,,0.356666666667
heterogeneous,17,Always ship,0.45,0.45,1,0,0.0431028980769,27,33,0,0,60,0.486666666667
heterogeneous,17,Never ship,0.55,,0,1,0.0410177105909,0,0,27,33,60,0.513333333333
heterogeneous,18,PROXIMA,0.9,0.923076923077,0.0625,0.142857142857,0.00289178568184,24,2,4,30,60,0.11
heterogeneous,18,Correlation,0.95,0.962962962963,0.03125,0.0714285714286,0.000468730130825,26,1,2,31,60,0.676666666667
heterogeneous,18,Decision only,0.95,0.962962962963,0.03125,0.0714285714286,0.000468730130825,26,1,2,31,60,0.676666666667
heterogeneous,18,Local only,0.9,0.923076923077,0.0625,0.142857142857,0.00289178568184,24,2,4,30,60,0.11
heterogeneous,18,Equal weights,0.9,0.923076923077,0.0625,0.142857142857,0.00289178568184,24,2,4,30,60,0.11
heterogeneous,18,No local component,0.95,0.962962962963,0.03125,0.0714285714286,0.000468730130825,26,1,2,31,60,0.676666666667
heterogeneous,18,Fixed faithful,0.9,0.923076923077,0.0625,0.142857142857,0.00289178568184,24,2,4,30,60,0.11
heterogeneous,18,Fixed offset,0.583333333333,0.528301886792,0.78125,0,0.0198952391474,28,25,0,7,60,0.23
heterogeneous,18,Fixed local_reversal,0.95,0.962962962963,0.03125,0.0714285714286,0.000468730130825,26,1,2,31,60,0.676666666667
heterogeneous,18,Fixed unrelated,0.416666666667,0.37037037037,0.53125,0.642857142857,0.0528483979859,10,17,18,15,60,0.54
heterogeneous,18,Uniform proxy,0.7125,,,,0.0190260382365,,,,,,0.389166666667
heterogeneous,18,Always ship,0.466666666667,0.466666666667,1,0,0.0420407487986,28,32,0,0,60,0.493333333333
heterogeneous,18,Never ship,0.533333333333,,0,1,0.0422090654392,0,0,28,32,60,0.506666666667
heterogeneous,19,PROXIMA,0.933333333333,0.941176470588,0.0769230769231,0.0588235294118,0.000752020952041,32,2,2,24,60,0.0966666666667
heterogeneous,19,Correlation,0.95,0.942857142857,0.0769230769231,0.0294117647059,0.000549926173208,33,2,1,24,60,0.546666666667
heterogeneous,19,Decision only,0.933333333333,0.941176470588,0.0769230769231,0.0588235294118,0.000752020952041,32,2,2,24,60,0.0966666666667
heterogeneous,19,Local only,0.933333333333,0.941176470588,0.0769230769231,0.0588235294118,0.000752020952041,32,2,2,24,60,0.0966666666667
heterogeneous,19,Equal weights,0.933333333333,0.941176470588,0.0769230769231,0.0588235294118,0.000752020952041,32,2,2,24,60,0.0966666666667
heterogeneous,19,No local component,0.95,0.942857142857,0.0769230769231,0.0294117647059,0.000549926173208,33,2,1,24,60,0.546666666667
heterogeneous,19,Fixed faithful,0.933333333333,0.941176470588,0.0769230769231,0.0588235294118,0.000752020952041,32,2,2,24,60,0.0966666666667
heterogeneous,19,Fixed offset,0.666666666667,0.62962962963,0.769230769231,0,0.0159222529967,34,20,0,6,60,0.243333333333
heterogeneous,19,Fixed local_reversal,0.95,0.942857142857,0.0769230769231,0.0294117647059,0.000549926173208,33,2,1,24,60,0.546666666667
heterogeneous,19,Fixed unrelated,0.533333333333,0.575,0.653846153846,0.323529411765,0.0486119752614,23,17,11,9,60,0.523333333333
heterogeneous,19,Uniform proxy,0.770833333333,,,,0.0164590438458,,,,,,0.3525
heterogeneous,19,Always ship,0.566666666667,0.566666666667,1,0,0.0361368445679,34,26,0,0,60,0.466666666667
heterogeneous,19,Never ship,0.433333333333,,0,1,0.0577726274705,0,0,34,26,60,0.533333333333
heterogeneous,20,PROXIMA,0.883333333333,0.84375,0.161290322581,0.0689655172414,0.00168184254143,27,5,2,26,60,0.06
heterogeneous,20,Correlation,0.95,0.933333333333,0.0645161290323,0.0344827586207,0.000323196258678,28,2,1,29,60,0.586666666667
heterogeneous,20,Decision only,0.95,0.933333333333,0.0645161290323,0.0344827586207,0.000323196258678,28,2,1,29,60,0.586666666667
heterogeneous,20,Local only,0.883333333333,0.84375,0.161290322581,0.0689655172414,0.00168184254143,27,5,2,26,60,0.06
heterogeneous,20,Equal weights,0.883333333333,0.84375,0.161290322581,0.0689655172414,0.00168184254143,27,5,2,26,60,0.06
heterogeneous,20,No local component,0.95,0.933333333333,0.0645161290323,0.0344827586207,0.000323196258678,28,2,1,29,60,0.586666666667
heterogeneous,20,Fixed faithful,0.883333333333,0.84375,0.161290322581,0.0689655172414,0.00168184254143,27,5,2,26,60,0.06
heterogeneous,20,Fixed offset,0.7,0.617021276596,0.58064516129,0,0.0110431865426,29,18,0,13,60,0.176666666667
heterogeneous,20,Fixed local_reversal,0.95,0.933333333333,0.0645161290323,0.0344827586207,0.000323196258678,28,2,1,29,60,0.586666666667
heterogeneous,20,Fixed unrelated,0.35,0.333333333333,0.645161290323,0.655172413793,0.0655340354866,10,20,19,11,60,0.536666666667
heterogeneous,20,Uniform proxy,0.720833333333,,,,0.0196455652073,,,,,,0.34
heterogeneous,20,Always ship,0.483333333333,0.483333333333,1,0,0.0516667926147,29,31,0,0,60,0.483333333333
heterogeneous,20,Never ship,0.516666666667,,0,1,0.04159570139,0,0,29,31,60,0.516666666667
heterogeneous,21,PROXIMA,0.933333333333,1,0,0.129032258065,0.000492586004186,27,0,4,29,60,0.0733333333333
heterogeneous,21,Correlation,0.933333333333,1,0,0.129032258065,0.000593032127225,27,0,4,29,60,0.63
heterogeneous,21,Decision only,0.933333333333,1,0,0.129032258065,0.000593032127225,27,0,4,29,60,0.63
heterogeneous,21,Local only,0.933333333333,1,0,0.129032258065,0.000492586004186,27,0,4,29,60,0.0733333333333
heterogeneous,21,Equal weights,0.933333333333,1,0,0.129032258065,0.000492586004186,27,0,4,29,60,0.0733333333333
heterogeneous,21,No local component,0.933333333333,1,0,0.129032258065,0.000593032127225,27,0,4,29,60,0.63
heterogeneous,21,Fixed faithful,0.933333333333,1,0,0.129032258065,0.000492586004186,27,0,4,29,60,0.0733333333333
heterogeneous,21,Fixed offset,0.7,0.632653061224,0.620689655172,0,0.0191666967906,31,18,0,11,60,0.23
heterogeneous,21,Fixed local_reversal,0.933333333333,1,0,0.129032258065,0.000593032127225,27,0,4,29,60,0.63
heterogeneous,21,Fixed unrelated,0.533333333333,0.545454545455,0.51724137931,0.41935483871,0.0520190292132,18,15,13,14,60,0.496666666667
heterogeneous,21,Uniform proxy,0.775,,,,0.0180678360338,,,,,,0.3575
heterogeneous,21,Always ship,0.516666666667,0.516666666667,1,0,0.0598212914283,31,29,0,0,60,0.523333333333
heterogeneous,21,Never ship,0.483333333333,,0,1,0.0480868627613,0,0,31,29,60,0.476666666667
heterogeneous,22,PROXIMA,0.9,0.866666666667,0.125,0.0714285714286,0.00133854521232,26,4,2,28,60,0.0866666666667
heterogeneous,22,Correlation,0.966666666667,0.964285714286,0.03125,0.0357142857143,0.000804690580431,27,1,1,31,60,0.596666666667
heterogeneous,22,Decision only,0.966666666667,0.964285714286,0.03125,0.0357142857143,0.000804690580431,27,1,1,31,60,0.596666666667
heterogeneous,22,Local only,0.9,0.866666666667,0.125,0.0714285714286,0.00133854521232,26,4,2,28,60,0.0866666666667
heterogeneous,22,Equal weights,0.9,0.866666666667,0.125,0.0714285714286,0.00133854521232,26,4,2,28,60,0.0866666666667
heterogeneous,22,No local component,0.966666666667,0.964285714286,0.03125,0.0357142857143,0.000804690580431,27,1,1,31,60,0.596666666667
heterogeneous,22,Fixed faithful,0.9,0.866666666667,0.125,0.0714285714286,0.00133854521232,26,4,2,28,60,0.0866666666667
heterogeneous,22,Fixed offset,0.616666666667,0.549019607843,0.71875,0,0.0200283955231,28,23,0,9,60,0.196666666667
heterogeneous,22,Fixed local_reversal,0.966666666667,0.964285714286,0.03125,0.0357142857143,0.000804690580431,27,1,1,31,60,0.596666666667
heterogeneous,22,Fixed unrelated,0.466666666667,0.433333333333,0.53125,0.535714285714,0.0515479194273,13,17,15,15,60,0.496666666667
heterogeneous,22,Uniform proxy,0.7375,,,,0.0184298876858,,,,,,0.344166666667
heterogeneous,22,Always ship,0.466666666667,0.466666666667,1,0,0.0438394572225,28,32,0,0,60,0.473333333333
heterogeneous,22,Never ship,0.533333333333,,0,1,0.0587319098822,0,0,28,32,60,0.526666666667
heterogeneous,23,PROXIMA,1,1,0,0,0,27,0,0,33,60,0.0833333333333
heterogeneous,23,Correlation,0.983333333333,0.964285714286,0.030303030303,0,0.000372374536703,27,1,0,32,60,0.57
heterogeneous,23,Decision only,1,1,0,0,0,27,0,0,33,60,0.0833333333333
heterogeneous,23,Local only,1,1,0,0,0,27,0,0,33,60,0.0833333333333
heterogeneous,23,Equal weights,1,1,0,0,0,27,0,0,33,60,0.0833333333333
heterogeneous,23,No local component,0.983333333333,0.964285714286,0.030303030303,0,0.000372374536703,27,1,0,32,60,0.57
heterogeneous,23,Fixed faithful,1,1,0,0,0,27,0,0,33,60,0.0833333333333
heterogeneous,23,Fixed offset,0.716666666667,0.613636363636,0.515151515152,0,0.0168401589156,27,17,0,16,60,0.206666666667
heterogeneous,23,Fixed local_reversal,0.983333333333,0.964285714286,0.030303030303,0,0.000372374536703,27,1,0,32,60,0.57
heterogeneous,23,Fixed unrelated,0.466666666667,0.428571428571,0.606060606061,0.444444444444,0.0633952800592,15,20,12,13,60,0.496666666667
heterogeneous,23,Uniform proxy,0.791666666667,,,,0.0201519533779,,,,,,0.339166666667
heterogeneous,23,Always ship,0.45,0.45,1,0,0.063106206542,27,33,0,0,60,0.516666666667
heterogeneous,23,Never ship,0.55,,0,1,0.0535140958039,0,0,27,33,60,0.483333333333
heterogeneous,24,PROXIMA,0.95,0.925925925926,0.0588235294118,0.0384615384615,0.000688717475572,25,2,1,32,60,0.09
heterogeneous,24,Correlation,0.633333333333,0.541666666667,0.647058823529,0,0.0149579372224,26,22,0,12,60,0.173333333333
heterogeneous,24,Decision only,0.95,0.925925925926,0.0588235294118,0.0384615384615,0.000688717475572,25,2,1,32,60,0.09
heterogeneous,24,Local only,0.95,0.925925925926,0.0588235294118,0.0384615384615,0.000688717475572,25,2,1,32,60,0.09
heterogeneous,24,Equal weights,0.95,0.925925925926,0.0588235294118,0.0384615384615,0.000688717475572,25,2,1,32,60,0.09
heterogeneous,24,No local component,0.916666666667,0.888888888889,0.0882352941176,0.0769230769231,0.000903674931127,24,3,2,31,60,0.693333333333
heterogeneous,24,Fixed faithful,0.95,0.925925925926,0.0588235294118,0.0384615384615,0.000688717475572,25,2,1,32,60,0.09
heterogeneous,24,Fixed offset,0.633333333333,0.541666666667,0.647058823529,0,0.0149579372224,26,22,0,12,60,0.173333333333
heterogeneous,24,Fixed local_reversal,0.916666666667,0.888888888889,0.0882352941176,0.0769230769231,0.000903674931127,24,3,2,31,60,0.693333333333
heterogeneous,24,Fixed unrelated,0.5,0.444444444444,0.588235294118,0.384615384615,0.0458926618619,16,20,10,14,60,0.546666666667
heterogeneous,24,Uniform proxy,0.75,,,,0.0156107478727,,,,,,0.375833333333
heterogeneous,24,Always ship,0.433333333333,0.433333333333,1,0,0.0528607198495,26,34,0,0,60,0.526666666667
heterogeneous,24,Never ship,0.566666666667,,0,1,0.0301392715608,0,0,26,34,60,0.473333333333
heterogeneous,25,PROXIMA,0.95,0.935483870968,0.0666666666667,0.0333333333333,0.000183060350634,29,2,1,28,60,0.09
heterogeneous,25,Correlation,0.683333333333,0.612244897959,0.633333333333,0,0.0162519434699,30,19,0,11,60,0.17
heterogeneous,25,Decision only,0.95,0.935483870968,0.0666666666667,0.0333333333333,0.000217841763122,29,2,1,28,60,0.61
heterogeneous,25,Local only,0.95,0.935483870968,0.0666666666667,0.0333333333333,0.000183060350634,29,2,1,28,60,0.09
heterogeneous,25,Equal weights,0.95,0.935483870968,0.0666666666667,0.0333333333333,0.000183060350634,29,2,1,28,60,0.09
heterogeneous,25,No local component,0.95,0.935483870968,0.0666666666667,0.0333333333333,0.000217841763122,29,2,1,28,60,0.61
heterogeneous,25,Fixed faithful,0.95,0.935483870968,0.0666666666667,0.0333333333333,0.000183060350634,29,2,1,28,60,0.09
heterogeneous,25,Fixed offset,0.683333333333,0.612244897959,0.633333333333,0,0.0162519434699,30,19,0,11,60,0.17
heterogeneous,25,Fixed local_reversal,0.95,0.935483870968,0.0666666666667,0.0333333333333,0.000217841763122,29,2,1,28,60,0.61
heterogeneous,25,Fixed unrelated,0.616666666667,0.62962962963,0.333333333333,0.433333333333,0.043561122313,17,10,13,20,60,0.476666666667
heterogeneous,25,Uniform proxy,0.8,,,,0.0150534919742,,,,,,0.336666666667
heterogeneous,25,Always ship,0.5,0.5,1,0,0.046828256351,30,30,0,0,60,0.483333333333
heterogeneous,25,Never ship,0.5,,0,1,0.0492766227137,0,0,30,30,60,0.516666666667
heterogeneous,26,PROXIMA,0.916666666667,0.958333333333,0.030303030303,0.148148148148,0.00157175601322,23,1,4,32,60,0.116666666667
heterogeneous,26,Correlation,0.983333333333,1,0,0.037037037037,0.000764529960272,26,0,1,33,60,0.653333333333
heterogeneous,26,Decision only,0.983333333333,1,0,0.037037037037,0.000764529960272,26,0,1,33,60,0.653333333333
heterogeneous,26,Local only,0.916666666667,0.958333333333,0.030303030303,0.148148148148,0.00157175601322,23,1,4,32,60,0.116666666667
heterogeneous,26,Equal weights,0.916666666667,0.958333333333,0.030303030303,0.148148148148,0.00157175601322,23,1,4,32,60,0.116666666667
heterogeneous,26,No local component,0.983333333333,1,0,0.037037037037,0.000764529960272,26,0,1,33,60,0.653333333333
heterogeneous,26,Fixed faithful,0.916666666667,0.958333333333,0.030303030303,0.148148148148,0.00157175601322,23,1,4,32,60,0.116666666667
heterogeneous,26,Fixed offset,0.65,0.5625,0.636363636364,0,0.0185216394207,27,21,0,12,60,0.173333333333
heterogeneous,26,Fixed local_reversal,0.983333333333,1,0,0.037037037037,0.000764529960272,26,0,1,33,60,0.653333333333
heterogeneous,26,Fixed unrelated,0.35,0.323529411765,0.69696969697,0.592592592593,0.0549562176385,11,23,16,10,60,0.456666666667
heterogeneous,26,Uniform proxy,0.725,,,,0.0189535357582,,,,,,0.35
heterogeneous,26,Always ship,0.45,0.45,1,0,0.0505566121392,27,33,0,0,60,0.48
heterogeneous,26,Never ship,0.55,,0,1,0.0418033202511,0,0,27,33,60,0.52
heterogeneous,27,PROXIMA,0.9,0.914285714286,0.12,0.0857142857143,0.00302687176317,32,3,3,22,60,0.09
heterogeneous,27,Correlation,0.7,0.660377358491,0.72,0,0.0161573295525,35,18,0,7,60,0.203333333333
heterogeneous,27,Decision only,0.966666666667,0.945945945946,0.08,0,0.000137740389582,35,2,0,23,60,0.6
heterogeneous,27,Local only,0.9,0.914285714286,0.12,0.0857142857143,0.00302687176317,32,3,3,22,60,0.09
heterogeneous,27,Equal weights,0.9,0.914285714286,0.12,0.0857142857143,0.00302687176317,32,3,3,22,60,0.09
heterogeneous,27,No local component,0.966666666667,0.945945945946,0.08,0,0.000137740389582,35,2,0,23,60,0.6
heterogeneous,27,Fixed faithful,0.9,0.914285714286,0.12,0.0857142857143,0.00302687176317,32,3,3,22,60,0.09
heterogeneous,27,Fixed offset,0.7,0.660377358491,0.72,0,0.0161573295525,35,18,0,7,60,0.203333333333
heterogeneous,27,Fixed local_reversal,0.966666666667,0.945945945946,0.08,0,0.000137740389582,35,2,0,23,60,0.6
heterogeneous,27,Fixed unrelated,0.55,0.633333333333,0.44,0.457142857143,0.0433202370611,19,11,16,14,60,0.443333333333
heterogeneous,27,Uniform proxy,0.779166666667,,,,0.0156605446916,,,,,,0.334166666667
heterogeneous,27,Always ship,0.583333333333,0.583333333333,1,0,0.0425322595219,35,25,0,0,60,0.486666666667
heterogeneous,27,Never ship,0.416666666667,,0,1,0.0525009932755,0,0,35,25,60,0.513333333333
heterogeneous,28,PROXIMA,0.95,0.971428571429,0.0416666666667,0.0555555555556,0.000620673218205,34,1,2,23,60,0.0733333333333
heterogeneous,28,Correlation,0.766666666667,0.72,0.583333333333,0,0.0130705846623,36,14,0,10,60,0.213333333333
heterogeneous,28,Decision only,0.95,0.945945945946,0.0833333333333,0.0277777777778,0.000658816373365,35,2,1,22,60,0.626666666667
heterogeneous,28,Local only,0.95,0.971428571429,0.0416666666667,0.0555555555556,0.000620673218205,34,1,2,23,60,0.0733333333333
heterogeneous,28,Equal weights,0.95,0.971428571429,0.0416666666667,0.0555555555556,0.000620673218205,34,1,2,23,60,0.0733333333333
heterogeneous,28,No local component,0.95,0.945945945946,0.0833333333333,0.0277777777778,0.000658816373365,35,2,1,22,60,0.626666666667
heterogeneous,28,Fixed faithful,0.95,0.971428571429,0.0416666666667,0.0555555555556,0.000620673218205,34,1,2,23,60,0.0733333333333
heterogeneous,28,Fixed offset,0.766666666667,0.72,0.583333333333,0,0.0130705846623,36,14,0,10,60,0.213333333333
heterogeneous,28,Fixed local_reversal,0.95,0.945945945946,0.0833333333333,0.0277777777778,0.000658816373365,35,2,1,22,60,0.626666666667
heterogeneous,28,Fixed unrelated,0.383333333333,0.48,0.541666666667,0.666666666667,0.0569852466721,12,13,24,11,60,0.453333333333
heterogeneous,28,Uniform proxy,0.7625,,,,0.0178338302315,,,,,,0.341666666667
heterogeneous,28,Always ship,0.6,0.6,1,0,0.0478541051338,36,24,0,0,60,0.483333333333
heterogeneous,28,Never ship,0.4,,0,1,0.0485726107606,0,0,36,24,60,0.516666666667
heterogeneous,29,PROXIMA,0.866666666667,0.916666666667,0.0625,0.214285714286,0.00184014372305,22,2,6,30,60,0.09
heterogeneous,29,Correlation,0.933333333333,0.928571428571,0.0625,0.0714285714286,0.00110010762881,26,2,2,30,60,0.673333333333
heterogeneous,29,Decision only,0.933333333333,0.928571428571,0.0625,0.0714285714286,0.00110010762881,26,2,2,30,60,0.673333333333
heterogeneous,29,Local only,0.866666666667,0.916666666667,0.0625,0.214285714286,0.00184014372305,22,2,6,30,60,0.09
heterogeneous,29,Equal weights,0.866666666667,0.916666666667,0.0625,0.214285714286,0.00184014372305,22,2,6,30,60,0.09
heterogeneous,29,No local component,0.933333333333,0.928571428571,0.0625,0.0714285714286,0.00110010762881,26,2,2,30,60,0.673333333333
heterogeneous,29,Fixed faithful,0.866666666667,0.916666666667,0.0625,0.214285714286,0.00184014372305,22,2,6,30,60,0.09
heterogeneous,29,Fixed offset,0.633333333333,0.56,0.6875,0,0.0179343383252,28,22,0,10,60,0.193333333333
heterogeneous,29,Fixed local_reversal,0.933333333333,0.928571428571,0.0625,0.0714285714286,0.00110010762881,26,2,2,30,60,0.673333333333
heterogeneous,29,Fixed unrelated,0.416666666667,0.393939393939,0.625,0.535714285714,0.0536663428847,13,20,15,12,60,0.5
heterogeneous,29,Uniform proxy,0.7125,,,,0.0186352331404,,,,,,0.364166666667
heterogeneous,29,Always ship,0.466666666667,0.466666666667,1,0,0.0515651588267,28,32,0,0,60,0.506666666667
heterogeneous,29,Never ship,0.533333333333,,0,1,0.0380461219128,0,0,28,32,60,0.493333333333
heterogeneous,30,PROXIMA,0.916666666667,0.911764705882,0.111111111111,0.0606060606061,0.00291034101071,31,3,2,24,60,0.103333333333
heterogeneous,30,Correlation,0.733333333333,0.673469387755,0.592592592593,0,0.0155098684028,33,16,0,11,60,0.2
heterogeneous,30,Decision only,0.983333333333,0.970588235294,0.037037037037,0,0.000294201274538,33,1,0,26,60,0.573333333333
heterogeneous,30,Local only,0.916666666667,0.911764705882,0.111111111111,0.0606060606061,0.00291034101071,31,3,2,24,60,0.103333333333
heterogeneous,30,Equal weights,0.916666666667,0.911764705882,0.111111111111,0.0606060606061,0.00291034101071,31,3,2,24,60,0.103333333333
heterogeneous,30,No local component,0.983333333333,0.970588235294,0.037037037037,0,0.000294201274538,33,1,0,26,60,0.573333333333
heterogeneous,30,Fixed faithful,0.916666666667,0.911764705882,0.111111111111,0.0606060606061,0.00291034101071,31,3,2,24,60,0.103333333333
heterogeneous,30,Fixed offset,0.733333333333,0.673469387755,0.592592592593,0,0.0155098684028,33,16,0,11,60,0.2
heterogeneous,30,Fixed local_reversal,0.983333333333,0.970588235294,0.037037037037,0,0.000294201274538,33,1,0,26,60,0.573333333333
heterogeneous,30,Fixed unrelated,0.466666666667,0.515151515152,0.592592592593,0.484848484848,0.0553994318335,17,16,16,11,60,0.493333333333
heterogeneous,30,Uniform proxy,0.775,,,,0.0185284606304,,,,,,0.3425
heterogeneous,30,Always ship,0.55,0.55,1,0,0.0432872040368,33,27,0,0,60,0.456666666667
heterogeneous,30,Never ship,0.45,,0,1,0.064547893961,0,0,33,27,60,0.543333333333
heterogeneous,31,PROXIMA,0.916666666667,0.903225806452,0.1,0.0666666666667,0.00222308315984,28,3,2,27,60,0.0966666666667
heterogeneous,31,Correlation,0.616666666667,0.566037735849,0.766666666667,0,0.0174741982991,30,23,0,7,60,0.2
heterogeneous,31,Decision only,0.95,0.935483870968,0.0666666666667,0.0333333333333,0.000646816171725,29,2,1,28,60,0.676666666667
heterogeneous,31,Local only,0.916666666667,0.903225806452,0.1,0.0666666666667,0.00222308315984,28,3,2,27,60,0.0966666666667
heterogeneous,31,Equal weights,0.916666666667,0.903225806452,0.1,0.0666666666667,0.00222308315984,28,3,2,27,60,0.0966666666667
heterogeneous,31,No local component,0.95,0.935483870968,0.0666666666667,0.0333333333333,0.000646816171725,29,2,1,28,60,0.676666666667
heterogeneous,31,Fixed faithful,0.916666666667,0.903225806452,0.1,0.0666666666667,0.00222308315984,28,3,2,27,60,0.0966666666667
heterogeneous,31,Fixed offset,0.616666666667,0.566037735849,0.766666666667,0,0.0174741982991,30,23,0,7,60,0.2
heterogeneous,31,Fixed local_reversal,0.95,0.935483870968,0.0666666666667,0.0333333333333,0.000646816171725,29,2,1,28,60,0.676666666667
heterogeneous,31,Fixed unrelated,0.45,0.44,0.466666666667,0.633333333333,0.050267698576,11,14,19,16,60,0.52
heterogeneous,31,Uniform proxy,0.733333333333,,,,0.0176529490516,,,,,,0.373333333333
heterogeneous,31,Always ship,0.5,0.5,1,0,0.041323121217,30,30,0,0,60,0.476666666667
heterogeneous,31,Never ship,0.5,,0,1,0.048186997235,0,0,30,30,60,0.523333333333
heterogeneous,32,PROXIMA,0.966666666667,0.966666666667,0.0333333333333,0.0333333333333,0.000443749751399,29,1,1,29,60,0.0733333333333
heterogeneous,32,Correlation,0.966666666667,0.9375,0.0666666666667,0,0.000326041235548,30,2,0,28,60,0.623333333333
heterogeneous,32,Decision only,0.966666666667,0.9375,0.0666666666667,0,0.000326041235548,30,2,0,28,60,0.623333333333
heterogeneous,32,Local only,0.966666666667,0.966666666667,0.0333333333333,0.0333333333333,0.000443749751399,29,1,1,29,60,0.0733333333333
heterogeneous,32,Equal weights,0.966666666667,0.966666666667,0.0333333333333,0.0333333333333,0.000443749751399,29,1,1,29,60,0.0733333333333
heterogeneous,32,No local component,0.966666666667,0.9375,0.0666666666667,0,0.000326041235548,30,2,0,28,60,0.623333333333
heterogeneous,32,Fixed faithful,0.966666666667,0.966666666667,0.0333333333333,0.0333333333333,0.000443749751399,29,1,1,29,60,0.0733333333333
heterogeneous,32,Fixed offset,0.7,0.625,0.6,0,0.0153741733943,30,18,0,12,60,0.206666666667
heterogeneous,32,Fixed local_reversal,0.966666666667,0.9375,0.0666666666667,0,0.000326041235548,30,2,0,28,60,0.623333333333
heterogeneous,32,Fixed unrelated,0.55,0.56,0.366666666667,0.533333333333,0.0462958498896,14,11,16,19,60,0.533333333333
heterogeneous,32,Uniform proxy,0.795833333333,,,,0.0156099535677,,,,,,0.359166666667
heterogeneous,32,Always ship,0.5,0.5,1,0,0.0469784872074,30,30,0,0,60,0.523333333333
heterogeneous,32,Never ship,0.5,,0,1,0.0474617783044,0,0,30,30,60,0.476666666667
heterogeneous,33,PROXIMA,0.95,0.925925925926,0.0588235294118,0.0384615384615,0.000292801191601,25,2,1,32,60,0.09
heterogeneous,33,Correlation,0.966666666667,0.961538461538,0.0294117647059,0.0384615384615,0.000440983257118,25,1,1,33,60,0.613333333333
heterogeneous,33,Decision only,0.966666666667,0.961538461538,0.0294117647059,0.0384615384615,0.000440983257118,25,1,1,33,60,0.613333333333
heterogeneous,33,Local only,0.95,0.925925925926,0.0588235294118,0.0384615384615,0.000292801191601,25,2,1,32,60,0.09
heterogeneous,33,Equal weights,0.95,0.925925925926,0.0588235294118,0.0384615384615,0.000292801191601,25,2,1,32,60,0.09
heterogeneous,33,No local component,0.966666666667,0.961538461538,0.0294117647059,0.0384615384615,0.000440983257118,25,1,1,33,60,0.613333333333
heterogeneous,33,Fixed faithful,0.95,0.925925925926,0.0588235294118,0.0384615384615,0.000292801191601,25,2,1,32,60,0.09
heterogeneous,33,Fixed offset,0.55,0.490566037736,0.794117647059,0,0.0269044896036,26,27,0,7,60,0.223333333333
heterogeneous,33,Fixed local_reversal,0.966666666667,0.961538461538,0.0294117647059,0.0384615384615,0.000440983257118,25,1,1,33,60,0.613333333333
heterogeneous,33,Fixed unrelated,0.533333333333,0.458333333333,0.382352941176,0.576923076923,0.0390842445087,11,13,15,21,60,0.52
heterogeneous,33,Uniform proxy,0.75,,,,0.0166806296403,,,,,,0.361666666667
heterogeneous,33,Always ship,0.433333333333,0.433333333333,1,0,0.0490495252617,26,34,0,0,60,0.513333333333
heterogeneous,33,Never ship,0.566666666667,,0,1,0.044141012296,0,0,26,34,60,0.486666666667
heterogeneous,34,PROXIMA,0.783333333333,0.775,0.36,0.114285714286,0.00408364578492,31,9,4,16,60,0.0833333333333
heterogeneous,34,Correlation,0.65,0.625,0.84,0,0.0169899739414,35,21,0,4,60,0.183333333333
heterogeneous,34,Decision only,0.9,0.891891891892,0.16,0.0571428571429,0.000372180446071,33,4,2,21,60,0.66
heterogeneous,34,Local only,0.783333333333,0.775,0.36,0.114285714286,0.00408364578492,31,9,4,16,60,0.0833333333333
heterogeneous,34,Equal weights,0.783333333333,0.775,0.36,0.114285714286,0.00408364578492,31,9,4,16,60,0.0833333333333
heterogeneous,34,No local component,0.9,0.891891891892,0.16,0.0571428571429,0.000372180446071,33,4,2,21,60,0.66
heterogeneous,34,Fixed faithful,0.783333333333,0.775,0.36,0.114285714286,0.00408364578492,31,9,4,16,60,0.0833333333333
heterogeneous,34,Fixed offset,0.65,0.625,0.84,0,0.0169899739414,35,21,0,4,60,0.183333333333
heterogeneous,34,Fixed local_reversal,0.9,0.891891891892,0.16,0.0571428571429,0.000372180446071,33,4,2,21,60,0.66
heterogeneous,34,Fixed unrelated,0.516666666667,0.59375,0.52,0.457142857143,0.0335186315195,19,13,16,12,60,0.52
heterogeneous,34,Uniform proxy,0.7125,,,,0.013741107923,,,,,,0.361666666667
heterogeneous,34,Always ship,0.583333333333,0.583333333333,1,0,0.0326101952251,35,25,0,0,60,0.443333333333
heterogeneous,34,Never ship,0.416666666667,,0,1,0.0496525277019,0,0,35,25,60,0.556666666667
heterogeneous,35,PROXIMA,0.9,0.966666666667,0.0384615384615,0.147058823529,0.00136221858326,29,1,5,25,60,0.06
heterogeneous,35,Correlation,0.983333333333,1,0,0.0294117647059,0.000151972804777,33,0,1,26,60,0.59
heterogeneous,35,Decision only,0.9,0.966666666667,0.0384615384615,0.147058823529,0.00136221858326,29,1,5,25,60,0.06
heterogeneous,35,Local only,0.9,0.966666666667,0.0384615384615,0.147058823529,0.00136221858326,29,1,5,25,60,0.06
heterogeneous,35,Equal weights,0.9,0.966666666667,0.0384615384615,0.147058823529,0.00136221858326,29,1,5,25,60,0.06
heterogeneous,35,No local component,0.983333333333,1,0,0.0294117647059,0.000151972804777,33,0,1,26,60,0.59
heterogeneous,35,Fixed faithful,0.9,0.966666666667,0.0384615384615,0.147058823529,0.00136221858326,29,1,5,25,60,0.06
heterogeneous,35,Fixed offset,0.733333333333,0.68,0.615384615385,0,0.0169598129829,34,16,0,10,60,0.19
heterogeneous,35,Fixed local_reversal,0.983333333333,1,0,0.0294117647059,0.000151972804777,33,0,1,26,60,0.59
heterogeneous,35,Fixed unrelated,0.5,0.576923076923,0.423076923077,0.558823529412,0.0464859031612,15,11,19,15,60,0.503333333333
heterogeneous,35,Uniform proxy,0.779166666667,,,,0.016239976883,,,,,,0.335833333333
heterogeneous,35,Always ship,0.566666666667,0.566666666667,1,0,0.0473551910342,34,26,0,0,60,0.473333333333
heterogeneous,35,Never ship,0.433333333333,,0,1,0.0522804517093,0,0,34,26,60,0.526666666667
heterogeneous,36,PROXIMA,0.95,0.967741935484,0.0357142857143,0.0625,0.00255445348635,30,1,2,27,60,0.08
heterogeneous,36,Correlation,0.966666666667,1,0,0.0625,0.000488516950006,30,0,2,28,60,0.656666666667
heterogeneous,36,Decision only,0.966666666667,1,0,0.0625,0.000488516950006,30,0,2,28,60,0.656666666667
heterogeneous,36,Local only,0.95,0.967741935484,0.0357142857143,0.0625,0.00255445348635,30,1,2,27,60,0.08
heterogeneous,36,Equal weights,0.95,0.967741935484,0.0357142857143,0.0625,0.00255445348635,30,1,2,27,60,0.08
heterogeneous,36,No local component,0.966666666667,1,0,0.0625,0.000488516950006,30,0,2,28,60,0.656666666667
heterogeneous,36,Fixed faithful,0.95,0.967741935484,0.0357142857143,0.0625,0.00255445348635,30,1,2,27,60,0.08
heterogeneous,36,Fixed offset,0.666666666667,0.615384615385,0.714285714286,0,0.0209778514449,32,20,0,8,60,0.21
heterogeneous,36,Fixed local_reversal,0.966666666667,1,0,0.0625,0.000488516950006,30,0,2,28,60,0.656666666667
heterogeneous,36,Fixed unrelated,0.45,0.478260869565,0.428571428571,0.65625,0.0557930547274,11,12,21,16,60,0.5
heterogeneous,36,Uniform proxy,0.758333333333,,,,0.0199534691522,,,,,,0.361666666667
heterogeneous,36,Always ship,0.533333333333,0.533333333333,1,0,0.0426595908687,32,28,0,0,60,0.513333333333
heterogeneous,36,Never ship,0.466666666667,,0,1,0.051000535759,0,0,32,28,60,0.486666666667
heterogeneous,37,PROXIMA,0.883333333333,0.857142857143,0.121212121212,0.111111111111,0.00166005576272,24,4,3,29,60,0.09
heterogeneous,37,Correlation,0.966666666667,0.931034482759,0.0606060606061,0,0.000252941579813,27,2,0,31,60,0.62
heterogeneous,37,Decision only,0.966666666667,0.931034482759,0.0606060606061,0,0.000252941579813,27,2,0,31,60,0.62
heterogeneous,37,Local only,0.883333333333,0.857142857143,0.121212121212,0.111111111111,0.00166005576272,24,4,3,29,60,0.09
heterogeneous,37,Equal weights,0.883333333333,0.857142857143,0.121212121212,0.111111111111,0.00166005576272,24,4,3,29,60,0.09
heterogeneous,37,No local component,0.966666666667,0.931034482759,0.0606060606061,0,0.000252941579813,27,2,0,31,60,0.62
heterogeneous,37,Fixed faithful,0.883333333333,0.857142857143,0.121212121212,0.111111111111,0.00166005576272,24,4,3,29,60,0.09
heterogeneous,37,Fixed offset,0.583333333333,0.519230769231,0.757575757576,0,0.0209766697542,27,25,0,8,60,0.223333333333
heterogeneous,37,Fixed local_reversal,0.966666666667,0.931034482759,0.0606060606061,0,0.000252941579813,27,2,0,31,60,0.62
heterogeneous,37,Fixed unrelated,0.483333333333,0.428571428571,0.484848484848,0.555555555556,0.0415519579294,12,16,15,17,60,0.493333333333
heterogeneous,37,Uniform proxy,0.729166666667,,,,0.0161104062565,,,,,,0.356666666667
heterogeneous,37,Always ship,0.45,0.45,1,0,0.0479705200443,27,33,0,0,60,0.513333333333
heterogeneous,37,Never ship,0.55,,0,1,0.0456742968784,0,0,27,33,60,0.486666666667
heterogeneous,38,PROXIMA,0.916666666667,0.945945945946,0.0909090909091,0.0789473684211,0.00112642558168,35,2,3,20,60,0.106666666667
heterogeneous,38,Correlation,0.716666666667,0.690909090909,0.772727272727,0,0.0175726921902,38,17,0,5,60,0.183333333333
heterogeneous,38,Decision only,0.933333333333,0.947368421053,0.0909090909091,0.0526315789474,0.000563883276536,36,2,2,20,60,0.696666666667
heterogeneous,38,Local only,0.916666666667,0.945945945946,0.0909090909091,0.0789473684211,0.00112642558168,35,2,3,20,60,0.106666666667
heterogeneous,38,Equal weights,0.916666666667,0.945945945946,0.0909090909091,0.0789473684211,0.00112642558168,35,2,3,20,60,0.106666666667
heterogeneous,38,No local component,0.933333333333,0.947368421053,0.0909090909091,0.0526315789474,0.000563883276536,36,2,2,20,60,0.696666666667
heterogeneous,38,Fixed faithful,0.916666666667,0.945945945946,0.0909090909091,0.0789473684211,0.00112642558168,35,2,3,20,60,0.106666666667
heterogeneous,38,Fixed offset,0.716666666667,0.690909090909,0.772727272727,0,0.0175726921902,38,17,0,5,60,0.183333333333
heterogeneous,38,Fixed local_reversal,0.933333333333,0.947368421053,0.0909090909091,0.0526315789474,0.000563883276536,36,2,2,20,60,0.696666666667
heterogeneous,38,Fixed unrelated,0.566666666667,0.730769230769,0.318181818182,0.5,0.0357796484294,19,7,19,15,60,0.503333333333
heterogeneous,38,Uniform proxy,0.783333333333,,,,0.0137606623695,,,,,,0.3725
heterogeneous,38,Always ship,0.633333333333,0.633333333333,1,0,0.0319667865796,38,22,0,0,60,0.433333333333
heterogeneous,38,Never ship,0.366666666667,,0,1,0.0563980799521,0,0,38,22,60,0.566666666667
heterogeneous,39,PROXIMA,0.866666666667,0.827586206897,0.151515151515,0.111111111111,0.00460097608685,24,5,3,28,60,0.11
heterogeneous,39,Correlation,0.95,0.961538461538,0.030303030303,0.0740740740741,0.000877335828959,25,1,2,32,60,0.596666666667
heterogeneous,39,Decision only,0.95,0.961538461538,0.030303030303,0.0740740740741,0.000877335828959,25,1,2,32,60,0.596666666667
heterogeneous,39,Local only,0.866666666667,0.827586206897,0.151515151515,0.111111111111,0.00460097608685,24,5,3,28,60,0.11
heterogeneous,39,Equal weights,0.866666666667,0.827586206897,0.151515151515,0.111111111111,0.00460097608685,24,5,3,28,60,0.11
heterogeneous,39,No local component,0.95,0.961538461538,0.030303030303,0.0740740740741,0.000877335828959,25,1,2,32,60,0.596666666667
heterogeneous,39,Fixed faithful,0.866666666667,0.827586206897,0.151515151515,0.111111111111,0.00460097608685,24,5,3,28,60,0.11
heterogeneous,39,Fixed offset,0.666666666667,0.574468085106,0.606060606061,0,0.0172344701665,27,20,0,13,60,0.253333333333
heterogeneous,39,Fixed local_reversal,0.95,0.961538461538,0.030303030303,0.0740740740741,0.000877335828959,25,1,2,32,60,0.596666666667
heterogeneous,39,Fixed unrelated,0.483333333333,0.433333333333,0.515151515152,0.518518518519,0.0489716157616,13,17,14,16,60,0.463333333333
heterogeneous,39,Uniform proxy,0.741666666667,,,,0.017921099461,,,,,,0.355833333333
heterogeneous,39,Always ship,0.45,0.45,1,0,0.0624636466524,27,33,0,0,60,0.56
heterogeneous,39,Never ship,0.55,,0,1,0.0348535371649,0,0,27,33,60,0.44
heterogeneous,40,PROXIMA,0.85,0.888888888889,0.1,0.2,0.00399672910315,24,3,6,27,60,0.11
heterogeneous,40,Correlation,0.683333333333,0.612244897959,0.633333333333,0,0.017994471722,30,19,0,11,60,0.23
heterogeneous,40,Decision only,0.95,0.965517241379,0.0333333333333,0.0666666666667,0.000840207516563,28,1,2,29,60,0.67
heterogeneous,40,Local only,0.85,0.888888888889,0.1,0.2,0.00399672910315,24,3,6,27,60,0.11
heterogeneous,40,Equal weights,0.85,0.888888888889,0.1,0.2,0.00399672910315,24,3,6,27,60,0.11
heterogeneous,40,No local component,0.95,0.965517241379,0.0333333333333,0.0666666666667,0.000840207516563,28,1,2,29,60,0.67
heterogeneous,40,Fixed faithful,0.85,0.888888888889,0.1,0.2,0.00399672910315,24,3,6,27,60,0.11
heterogeneous,40,Fixed offset,0.683333333333,0.612244897959,0.633333333333,0,0.017994471722,30,19,0,11,60,0.23
heterogeneous,40,Fixed local_reversal,0.95,0.965517241379,0.0333333333333,0.0666666666667,0.000840207516563,28,1,2,29,60,0.67
heterogeneous,40,Fixed unrelated,0.666666666667,0.647058823529,0.4,0.266666666667,0.0306493809826,22,12,8,18,60,0.463333333333
heterogeneous,40,Uniform proxy,0.7875,,,,0.0133701973311,,,,,,0.368333333333
heterogeneous,40,Always ship,0.5,0.5,1,0,0.0483076945399,30,30,0,0,60,0.53
heterogeneous,40,Never ship,0.5,,0,1,0.0340952006518,0,0,30,30,60,0.47
heterogeneous,41,PROXIMA,0.916666666667,0.9375,0.0740740740741,0.0909090909091,0.00204746326077,30,2,3,25,60,0.0966666666667
heterogeneous,41,Correlation,0.966666666667,1,0,0.0606060606061,0.000663374886094,31,0,2,27,60,0.663333333333
heterogeneous,41,Decision only,0.916666666667,0.9375,0.0740740740741,0.0909090909091,0.00204746326077,30,2,3,25,60,0.0966666666667
heterogeneous,41,Local only,0.916666666667,0.9375,0.0740740740741,0.0909090909091,0.00204746326077,30,2,3,25,60,0.0966666666667
heterogeneous,41,Equal weights,0.916666666667,0.9375,0.0740740740741,0.0909090909091,0.00204746326077,30,2,3,25,60,0.0966666666667
heterogeneous,41,No local component,0.916666666667,0.9375,0.0740740740741,0.0909090909091,0.00204746326077,30,2,3,25,60,0.0966666666667
heterogeneous,41,Fixed faithful,0.916666666667,0.9375,0.0740740740741,0.0909090909091,0.00204746326077,30,2,3,25,60,0.0966666666667
heterogeneous,41,Fixed offset,0.683333333333,0.634615384615,0.703703703704,0,0.0153530739754,33,19,0,8,60,0.203333333333
heterogeneous,41,Fixed local_reversal,0.966666666667,1,0,0.0606060606061,0.000663374886094,31,0,2,27,60,0.663333333333
heterogeneous,41,Fixed unrelated,0.5,0.551724137931,0.481481481481,0.515151515152,0.0486137553148,16,13,17,14,60,0.483333333333
heterogeneous,41,Uniform proxy,0.766666666667,,,,0.0166694168593,,,,,,0.361666666667
heterogeneous,41,Always ship,0.55,0.55,1,0,0.0398516436216,33,27,0,0,60,0.486666666667
heterogeneous,41,Never ship,0.45,,0,1,0.0468913473587,0,0,33,27,60,0.513333333333
heterogeneous,42,PROXIMA,0.916666666667,0.939393939394,0.0769230769231,0.0882352941176,0.00123906958929,31,2,3,24,60,0.0833333333333
heterogeneous,42,Correlation,0.716666666667,0.666666666667,0.653846153846,0,0.0139769021315,34,17,0,9,60,0.18
heterogeneous,42,Decision only,0.983333333333,0.971428571429,0.0384615384615,0,3.06140712432e-05,34,1,0,25,60,0.626666666667
heterogeneous,42,Local only,0.916666666667,0.939393939394,0.0769230769231,0.0882352941176,0.00123906958929,31,2,3,24,60,0.0833333333333
heterogeneous,42,Equal weights,0.916666666667,0.939393939394,0.0769230769231,0.0882352941176,0.00123906958929,31,2,3,24,60,0.0833333333333
heterogeneous,42,No local component,0.983333333333,0.971428571429,0.0384615384615,0,3.06140712432e-05,34,1,0,25,60,0.626666666667
heterogeneous,42,Fixed faithful,0.916666666667,0.939393939394,0.0769230769231,0.0882352941176,0.00123906958929,31,2,3,24,60,0.0833333333333
heterogeneous,42,Fixed offset,0.716666666667,0.666666666667,0.653846153846,0,0.0139769021315,34,17,0,9,60,0.18
heterogeneous,42,Fixed local_reversal,0.983333333333,0.971428571429,0.0384615384615,0,3.06140712432e-05,34,1,0,25,60,0.626666666667
heterogeneous,42,Fixed unrelated,0.4,0.458333333333,0.5,0.676470588235,0.0653348421403,11,13,23,13,60,0.49
heterogeneous,42,Uniform proxy,0.754166666667,,,,0.0201453569831,,,,,,0.345
heterogeneous,42,Always ship,0.566666666667,0.566666666667,1,0,0.0419502665251,34,26,0,0,60,0.453333333333
heterogeneous,42,Never ship,0.433333333333,,0,1,0.0544568736567,0,0,34,26,60,0.546666666667
heterogeneous,43,PROXIMA,0.916666666667,1,0,0.192307692308,0.00287234856846,21,0,5,34,60,0.113333333333
heterogeneous,43,Correlation,0.583333333333,0.509803921569,0.735294117647,0,0.0229858193949,26,25,0,9,60,0.246666666667
heterogeneous,43,Decision only,0.916666666667,1,0,0.192307692308,0.00287234856846,21,0,5,34,60,0.113333333333
heterogeneous,43,Local only,0.916666666667,1,0,0.192307692308,0.00287234856846,21,0,5,34,60,0.113333333333
heterogeneous,43,Equal weights,0.916666666667,1,0,0.192307692308,0.00287234856846,21,0,5,34,60,0.113333333333
heterogeneous,43,No local component,0.983333333333,0.962962962963,0.0294117647059,0,0.000416109558266,26,1,0,33,60,0.59
heterogeneous,43,Fixed faithful,0.916666666667,1,0,0.192307692308,0.00287234856846,21,0,5,34,60,0.113333333333
heterogeneous,43,Fixed offset,0.583333333333,0.509803921569,0.735294117647,0,0.0229858193949,26,25,0,9,60,0.246666666667
heterogeneous,43,Fixed local_reversal,0.983333333333,0.962962962963,0.0294117647059,0,0.000416109558266,26,1,0,33,60,0.59
heterogeneous,43,Fixed unrelated,0.45,0.387096774194,0.558823529412,0.538461538462,0.0618108777367,12,19,14,15,60,0.56
heterogeneous,43,Uniform proxy,0.733333333333,,,,0.0220212888146,,,,,,0.3775
heterogeneous,43,Always ship,0.433333333333,0.433333333333,1,0,0.0480771673407,26,34,0,0,60,0.516666666667
heterogeneous,43,Never ship,0.566666666667,,0,1,0.0467057204297,0,0,26,34,60,0.483333333333
heterogeneous,44,PROXIMA,0.933333333333,0.9,0.09375,0.0357142857143,0.00159611804949,27,3,1,29,60,0.08
heterogeneous,44,Correlation,0.633333333333,0.56,0.6875,0,0.0183215066216,28,22,0,10,60,0.206666666667
heterogeneous,44,Decision only,0.933333333333,0.9,0.09375,0.0357142857143,0.00159611804949,27,3,1,29,60,0.08
heterogeneous,44,Local only,0.933333333333,0.9,0.09375,0.0357142857143,0.00159611804949,27,3,1,29,60,0.08
heterogeneous,44,Equal weights,0.933333333333,0.9,0.09375,0.0357142857143,0.00159611804949,27,3,1,29,60,0.08
heterogeneous,44,No local component,0.916666666667,0.896551724138,0.09375,0.0714285714286,0.000752393210775,26,3,2,29,60,0.643333333333
heterogeneous,44,Fixed faithful,0.933333333333,0.9,0.09375,0.0357142857143,0.00159611804949,27,3,1,29,60,0.08
heterogeneous,44,Fixed offset,0.633333333333,0.56,0.6875,0,0.0183215066216,28,22,0,10,60,0.206666666667
heterogeneous,44,Fixed local_reversal,0.916666666667,0.896551724138,0.09375,0.0714285714286,0.000752393210775,26,3,2,29,60,0.643333333333
heterogeneous,44,Fixed unrelated,0.55,0.52,0.375,0.535714285714,0.0304665462606,13,12,15,20,60,0.503333333333
heterogeneous,44,Uniform proxy,0.758333333333,,,,0.0127841410356,,,,,,0.358333333333
heterogeneous,44,Always ship,0.466666666667,0.466666666667,1,0,0.0469018177849,28,32,0,0,60,0.503333333333
heterogeneous,44,Never ship,0.533333333333,,0,1,0.0449093933372,0,0,28,32,60,0.496666666667
heterogeneous,45,PROXIMA,0.966666666667,1,0,0.0909090909091,0.000279044737318,20,0,2,38,60,0.116666666667
heterogeneous,45,Correlation,0.95,0.913043478261,0.0526315789474,0.0454545454545,0.000136810939891,21,2,1,36,60,0.61
heterogeneous,45,Decision only,0.95,0.913043478261,0.0526315789474,0.0454545454545,0.000136810939891,21,2,1,36,60,0.61
heterogeneous,45,Local only,0.966666666667,1,0,0.0909090909091,0.000279044737318,20,0,2,38,60,0.116666666667
heterogeneous,45,Equal weights,0.966666666667,1,0,0.0909090909091,0.000279044737318,20,0,2,38,60,0.116666666667
heterogeneous,45,No local component,0.95,0.913043478261,0.0526315789474,0.0454545454545,0.000136810939891,21,2,1,36,60,0.61
heterogeneous,45,Fixed faithful,0.966666666667,1,0,0.0909090909091,0.000279044737318,20,0,2,38,60,0.116666666667
heterogeneous,45,Fixed offset,0.566666666667,0.458333333333,0.684210526316,0,0.0254320295684,22,26,0,12,60,0.246666666667
heterogeneous,45,Fixed local_reversal,0.95,0.913043478261,0.0526315789474,0.0454545454545,0.000136810939891,21,2,1,36,60,0.61
heterogeneous,45,Fixed unrelated,0.466666666667,0.291666666667,0.447368421053,0.681818181818,0.0481716076712,7,17,15,21,60,0.523333333333
heterogeneous,45,Uniform proxy,0.7375,,,,0.0185048732292,,,,,,0.374166666667
heterogeneous,45,Always ship,0.366666666667,0.366666666667,1,0,0.0553108350358,22,38,0,0,60,0.546666666667
heterogeneous,45,Never ship,0.633333333333,,0,1,0.0368594116374,0,0,22,38,60,0.453333333333
heterogeneous,46,PROXIMA,0.966666666667,1,0,0.0869565217391,0.000363393224601,21,0,2,37,60,0.0966666666667
heterogeneous,46,Correlation,0.983333333333,0.958333333333,0.027027027027,0,0.000184273865068,23,1,0,36,60,0.626666666667
heterogeneous,46,Decision only,0.983333333333,0.958333333333,0.027027027027,0,0.000184273865068,23,1,0,36,60,0.626666666667
heterogeneous,46,Local only,0.966666666667,1,0,0.0869565217391,0.000363393224601,21,0,2,37,60,0.0966666666667
heterogeneous,46,Equal weights,0.966666666667,1,0,0.0869565217391,0.000363393224601,21,0,2,37,60,0.0966666666667
heterogeneous,46,No local component,0.983333333333,0.958333333333,0.027027027027,0,0.000184273865068,23,1,0,36,60,0.626666666667
heterogeneous,46,Fixed faithful,0.966666666667,1,0,0.0869565217391,0.000363393224601,21,0,2,37,60,0.0966666666667
heterogeneous,46,Fixed offset,0.566666666667,0.469387755102,0.702702702703,0,0.0239740125405,23,26,0,11,60,0.253333333333
heterogeneous,46,Fixed local_reversal,0.983333333333,0.958333333333,0.027027027027,0,0.000184273865068,23,1,0,36,60,0.626666666667
heterogeneous,46,Fixed unrelated,0.616666666667,0.5,0.405405405405,0.347826086957,0.0409327084778,15,15,8,22,60,0.443333333333
heterogeneous,46,Uniform proxy,0.783333333333,,,,0.016363597027,,,,,,0.355
heterogeneous,46,Always ship,0.383333333333,0.383333333333,1,0,0.0564328506083,23,37,0,0,60,0.57
heterogeneous,46,Never ship,0.616666666667,,0,1,0.0384224922157,0,0,23,37,60,0.43
heterogeneous,47,PROXIMA,0.833333333333,0.884615384615,0.1,0.233333333333,0.00246709880962,23,3,7,27,60,0.123333333333
heterogeneous,47,Correlation,0.633333333333,0.576923076923,0.733333333333,0,0.025134086815,30,22,0,8,60,0.196666666667
heterogeneous,47,Decision only,0.833333333333,0.884615384615,0.1,0.233333333333,0.00246709880962,23,3,7,27,60,0.123333333333
heterogeneous,47,Local only,0.833333333333,0.884615384615,0.1,0.233333333333,0.00246709880962,23,3,7,27,60,0.123333333333
heterogeneous,47,Equal weights,0.833333333333,0.884615384615,0.1,0.233333333333,0.00246709880962,23,3,7,27,60,0.123333333333
heterogeneous,47,No local component,0.866666666667,0.923076923077,0.0666666666667,0.2,0.00123279390257,24,2,6,28,60,0.596666666667
heterogeneous,47,Fixed faithful,0.833333333333,0.884615384615,0.1,0.233333333333,0.00246709880962,23,3,7,27,60,0.123333333333
heterogeneous,47,Fixed offset,0.633333333333,0.576923076923,0.733333333333,0,0.025134086815,30,22,0,8,60,0.196666666667
heterogeneous,47,Fixed local_reversal,0.866666666667,0.923076923077,0.0666666666667,0.2,0.00123279390257,24,2,6,28,60,0.596666666667
heterogeneous,47,Fixed unrelated,0.5,0.5,0.6,0.4,0.0384801879189,18,18,12,12,60,0.533333333333
heterogeneous,47,Uniform proxy,0.708333333333,,,,0.0168285418615,,,,,,0.3625
heterogeneous,47,Always ship,0.5,0.5,1,0,0.0508405726341,30,30,0,0,60,0.516666666667
heterogeneous,47,Never ship,0.5,,0,1,0.0455865017545,0,0,30,30,60,0.483333333333
heterogeneous,48,PROXIMA,0.95,0.9375,0.0689655172414,0.0322580645161,0.000407514177861,30,2,1,27,60,0.09
heterogeneous,48,Correlation,0.916666666667,0.90625,0.103448275862,0.0645161290323,0.000673714874449,29,3,2,26,60,0.6
heterogeneous,48,Decision only,0.916666666667,0.90625,0.103448275862,0.0645161290323,0.000673714874449,29,3,2,26,60,0.6
heterogeneous,48,Local only,0.95,0.9375,0.0689655172414,0.0322580645161,0.000407514177861,30,2,1,27,60,0.09
heterogeneous,48,Equal weights,0.95,0.9375,0.0689655172414,0.0322580645161,0.000407514177861,30,2,1,27,60,0.09
heterogeneous,48,No local component,0.916666666667,0.90625,0.103448275862,0.0645161290323,0.000673714874449,29,3,2,26,60,0.6
heterogeneous,48,Fixed faithful,0.95,0.9375,0.0689655172414,0.0322580645161,0.000407514177861,30,2,1,27,60,0.09
heterogeneous,48,Fixed offset,0.683333333333,0.62,0.655172413793,0,0.017602798048,31,19,0,10,60,0.193333333333
heterogeneous,48,Fixed local_reversal,0.916666666667,0.90625,0.103448275862,0.0645161290323,0.000673714874449,29,3,2,26,60,0.6
heterogeneous,48,Fixed unrelated,0.566666666667,0.592592592593,0.379310344828,0.483870967742,0.0449168555256,16,11,15,18,60,0.443333333333
heterogeneous,48,Uniform proxy,0.779166666667,,,,0.0159002206565,,,,,,0.331666666667
heterogeneous,48,Always ship,0.516666666667,0.516666666667,1,0,0.0490642585484,31,29,0,0,60,0.49
heterogeneous,48,Never ship,0.483333333333,,0,1,0.0592637961526,0,0,31,29,60,0.51
heterogeneous,49,PROXIMA,0.866666666667,0.8,0.176470588235,0.0769230769231,0.00290747273151,24,6,2,28,60,0.103333333333
heterogeneous,49,Correlation,0.583333333333,0.509803921569,0.735294117647,0,0.0214170801956,26,25,0,9,60,0.23
heterogeneous,49,Decision only,1,1,0,0,0,26,0,0,34,60,0.58
heterogeneous,49,Local only,0.866666666667,0.8,0.176470588235,0.0769230769231,0.00290747273151,24,6,2,28,60,0.103333333333
heterogeneous,49,Equal weights,0.866666666667,0.8,0.176470588235,0.0769230769231,0.00290747273151,24,6,2,28,60,0.103333333333
heterogeneous,49,No local component,1,1,0,0,0,26,0,0,34,60,0.58
heterogeneous,49,Fixed faithful,0.866666666667,0.8,0.176470588235,0.0769230769231,0.00290747273151,24,6,2,28,60,0.103333333333
heterogeneous,49,Fixed offset,0.583333333333,0.509803921569,0.735294117647,0,0.0214170801956,26,25,0,9,60,0.23
heterogeneous,49,Fixed local_reversal,1,1,0,0,0,26,0,0,34,60,0.58
heterogeneous,49,Fixed unrelated,0.55,0.481481481481,0.411764705882,0.5,0.045940396627,13,14,13,20,60,0.476666666667
heterogeneous,49,Uniform proxy,0.75,,,,0.0175662373885,,,,,,0.3475
heterogeneous,49,Always ship,0.433333333333,0.433333333333,1,0,0.0514643610421,26,34,0,0,60,0.51
heterogeneous,49,Never ship,0.566666666667,,0,1,0.0538248834125,0,0,26,34,60,0.49
heterogeneous,50,PROXIMA,0.916666666667,0.958333333333,0.030303030303,0.148148148148,0.00153501195255,23,1,4,32,60,0.103333333333
heterogeneous,50,Correlation,1,1,0,0,0,27,0,0,33,60,0.64
heterogeneous,50,Decision only,1,1,0,0,0,27,0,0,33,60,0.64
heterogeneous,50,Local only,0.916666666667,0.958333333333,0.030303030303,0.148148148148,0.00153501195255,23,1,4,32,60,0.103333333333
heterogeneous,50,Equal weights,0.916666666667,0.958333333333,0.030303030303,0.148148148148,0.00153501195255,23,1,4,32,60,0.103333333333
heterogeneous,50,No local component,1,1,0,0,0,27,0,0,33,60,0.64
heterogeneous,50,Fixed faithful,0.916666666667,0.958333333333,0.030303030303,0.148148148148,0.00153501195255,23,1,4,32,60,0.103333333333
heterogeneous,50,Fixed offset,0.7,0.6,0.545454545455,0,0.0200467028557,27,18,0,15,60,0.206666666667
heterogeneous,50,Fixed local_reversal,1,1,0,0,0,27,0,0,33,60,0.64
heterogeneous,50,Fixed unrelated,0.533333333333,0.484848484848,0.515151515152,0.407407407407,0.0438680947877,16,17,11,16,60,0.523333333333
heterogeneous,50,Uniform proxy,0.7875,,,,0.016362452399,,,,,,0.368333333333
heterogeneous,50,Always ship,0.45,0.45,1,0,0.0648162931234,27,33,0,0,60,0.57
heterogeneous,50,Never ship,0.55,,0,1,0.0357397454414,0,0,27,33,60,0.43
heterogeneous,51,PROXIMA,0.966666666667,0.935483870968,0.0645161290323,0,0.00148683796536,29,2,0,29,60,0.09
heterogeneous,51,Correlation,0.733333333333,0.644444444444,0.516129032258,0,0.0191321991661,29,16,0,15,60,0.193333333333
heterogeneous,51,Decision only,0.966666666667,0.935483870968,0.0645161290323,0,0.00148683796536,29,2,0,29,60,0.09
heterogeneous,51,Local only,0.966666666667,0.935483870968,0.0645161290323,0,0.00148683796536,29,2,0,29,60,0.09
heterogeneous,51,Equal weights,0.966666666667,0.935483870968,0.0645161290323,0,0.00148683796536,29,2,0,29,60,0.09
heterogeneous,51,No local component,0.95,1,0,0.103448275862,0.000520171410031,26,0,3,31,60,0.593333333333
heterogeneous,51,Fixed faithful,0.966666666667,0.935483870968,0.0645161290323,0,0.00148683796536,29,2,0,29,60,0.09
heterogeneous,51,Fixed offset,0.733333333333,0.644444444444,0.516129032258,0,0.0191321991661,29,16,0,15,60,0.193333333333
heterogeneous,51,Fixed local_reversal,0.95,1,0,0.103448275862,0.000520171410031,26,0,3,31,60,0.593333333333
heterogeneous,51,Fixed unrelated,0.516666666667,0.5,0.483870967742,0.48275862069,0.0553859496357,15,15,14,16,60,0.506666666667
heterogeneous,51,Uniform proxy,0.791666666667,,,,0.0191312895443,,,,,,0.345833333333
heterogeneous,51,Always ship,0.483333333333,0.483333333333,1,0,0.0610982412399,29,31,0,0,60,0.513333333333
heterogeneous,51,Never ship,0.516666666667,,0,1,0.0475438748322,0,0,29,31,60,0.486666666667
heterogeneous,52,PROXIMA,0.966666666667,0.913043478261,0.0512820512821,0,0.00118591457668,21,2,0,37,60,0.123333333333
heterogeneous,52,Correlation,0.566666666667,0.446808510638,0.666666666667,0,0.0250747560268,21,26,0,13,60,0.23
heterogeneous,52,Decision only,0.983333333333,0.954545454545,0.025641025641,0,6.33568156554e-05,21,1,0,38,60,0.59
heterogeneous,52,Local only,0.966666666667,0.913043478261,0.0512820512821,0,0.00118591457668,21,2,0,37,60,0.123333333333
heterogeneous,52,Equal weights,0.966666666667,0.913043478261,0.0512820512821,0,0.00118591457668,21,2,0,37,60,0.123333333333
heterogeneous,52,No local component,0.983333333333,0.954545454545,0.025641025641,0,6.33568156554e-05,21,1,0,38,60,0.59
heterogeneous,52,Fixed faithful,0.966666666667,0.913043478261,0.0512820512821,0,0.00118591457668,21,2,0,37,60,0.123333333333
heterogeneous,52,Fixed offset,0.566666666667,0.446808510638,0.666666666667,0,0.0250747560268,21,26,0,13,60,0.23
heterogeneous,52,Fixed local_reversal,0.983333333333,0.954545454545,0.025641025641,0,6.33568156554e-05,21,1,0,38,60,0.59
heterogeneous,52,Fixed unrelated,0.633333333333,0.48275862069,0.384615384615,0.333333333333,0.0389884709794,14,15,7,24,60,0.476666666667
heterogeneous,52,Uniform proxy,0.7875,,,,0.0163281245996,,,,,,0.355
heterogeneous,52,Always ship,0.35,0.35,1,0,0.0690159082882,21,39,0,0,60,0.566666666667
heterogeneous,52,Never ship,0.65,,0,1,0.0401282495975,0,0,21,39,60,0.433333333333
heterogeneous,53,PROXIMA,0.95,1,0,0.111111111111,0.000764493347764,24,0,3,33,60,0.0733333333333
heterogeneous,53,Correlation,0.716666666667,0.613636363636,0.515151515152,0,0.0188494191315,27,17,0,16,60,0.24
heterogeneous,53,Decision only,0.916666666667,0.923076923077,0.0606060606061,0.111111111111,0.00118237566439,24,2,3,31,60,0.543333333333
heterogeneous,53,Local only,0.95,1,0,0.111111111111,0.000764493347764,24,0,3,33,60,0.0733333333333
heterogeneous,53,Equal weights,0.95,1,0,0.111111111111,0.000764493347764,24,0,3,33,60,0.0733333333333
heterogeneous,53,No local component,0.916666666667,0.923076923077,0.0606060606061,0.111111111111,0.00118237566439,24,2,3,31,60,0.543333333333
heterogeneous,53,Fixed faithful,0.95,1,0,0.111111111111,0.000764493347764,24,0,3,33,60,0.0733333333333
heterogeneous,53,Fixed offset,0.716666666667,0.613636363636,0.515151515152,0,0.0188494191315,27,17,0,16,60,0.24
heterogeneous,53,Fixed local_reversal,0.916666666667,0.923076923077,0.0606060606061,0.111111111111,0.00118237566439,24,2,3,31,60,0.543333333333
heterogeneous,53,Fixed unrelated,0.516666666667,0.464285714286,0.454545454545,0.518518518519,0.0610381184707,13,15,14,18,60,0.47
heterogeneous,53,Uniform proxy,0.775,,,,0.0204586016536,,,,,,0.331666666667
heterogeneous,53,Always ship,0.45,0.45,1,0,0.0702642251082,27,33,0,0,60,0.556666666667
heterogeneous,53,Never ship,0.55,,0,1,0.0480053167412,0,0,27,33,60,0.443333333333
heterogeneous,54,PROXIMA,0.916666666667,0.941176470588,0.08,0.0857142857143,0.00192624641059,32,2,3,23,60,0.113333333333
heterogeneous,54,Correlation,0.683333333333,0.648148148148,0.76,0,0.0148411889443,35,19,0,6,60,0.206666666667
heterogeneous,54,Decision only,0.916666666667,0.941176470588,0.08,0.0857142857143,0.00192624641059,32,2,3,23,60,0.113333333333
heterogeneous,54,Local only,0.916666666667,0.941176470588,0.08,0.0857142857143,0.00192624641059,32,2,3,23,60,0.113333333333
heterogeneous,54,Equal weights,0.916666666667,0.941176470588,0.08,0.0857142857143,0.00192624641059,32,2,3,23,60,0.113333333333
heterogeneous,54,No local component,0.9,0.914285714286,0.12,0.0857142857143,0.00101946389396,32,3,3,22,60,0.636666666667
heterogeneous,54,Fixed faithful,0.916666666667,0.941176470588,0.08,0.0857142857143,0.00192624641059,32,2,3,23,60,0.113333333333
heterogeneous,54,Fixed offset,0.683333333333,0.648148148148,0.76,0,0.0148411889443,35,19,0,6,60,0.206666666667
heterogeneous,54,Fixed local_reversal,0.9,0.914285714286,0.12,0.0857142857143,0.00101946389396,32,3,3,22,60,0.636666666667
heterogeneous,54,Fixed unrelated,0.433333333333,0.514285714286,0.68,0.485714285714,0.049355280386,18,17,17,8,60,0.523333333333
heterogeneous,54,Uniform proxy,0.733333333333,,,,0.0167855449087,,,,,,0.37
heterogeneous,54,Always ship,0.583333333333,0.583333333333,1,0,0.0340978999594,35,25,0,0,60,0.46
heterogeneous,54,Never ship,0.416666666667,,0,1,0.0545239119227,0,0,35,25,60,0.54
heterogeneous,55,PROXIMA,0.95,1,0,0.0833333333333,0.000983961346773,33,0,3,24,60,0.103333333333
heterogeneous,55,Correlation,0.9,0.941176470588,0.0833333333333,0.111111111111,0.000980166154543,32,2,4,22,60,0.626666666667
heterogeneous,55,Decision only,0.9,0.941176470588,0.0833333333333,0.111111111111,0.000980166154543,32,2,4,22,60,0.626666666667
heterogeneous,55,Local only,0.95,1,0,0.0833333333333,0.000983961346773,33,0,3,24,60,0.103333333333
heterogeneous,55,Equal weights,0.95,1,0,0.0833333333333,0.000983961346773,33,0,3,24,60,0.103333333333
heterogeneous,55,No local component,0.9,0.941176470588,0.0833333333333,0.111111111111,0.000980166154543,32,2,4,22,60,0.626666666667
heterogeneous,55,Fixed faithful,0.95,1,0,0.0833333333333,0.000983961346773,33,0,3,24,60,0.103333333333
heterogeneous,55,Fixed offset,0.75,0.705882352941,0.625,0,0.013531342883,36,15,0,9,60,0.163333333333
heterogeneous,55,Fixed local_reversal,0.9,0.941176470588,0.0833333333333,0.111111111111,0.000980166154543,32,2,4,22,60,0.626666666667
heterogeneous,55,Fixed unrelated,0.533333333333,0.633333333333,0.458333333333,0.472222222222,0.0517650890924,19,11,17,13,60,0.473333333333
heterogeneous,55,Uniform proxy,0.783333333333,,,,0.0168151398692,,,,,,0.341666666667
heterogeneous,55,Always ship,0.6,0.6,1,0,0.0397132455739,36,24,0,0,60,0.43
heterogeneous,55,Never ship,0.4,,0,1,0.0654337794936,0,0,36,24,60,0.57
heterogeneous,56,PROXIMA,0.866666666667,0.896551724138,0.103448275862,0.161290322581,0.00343849551846,26,3,5,26,60,0.12
heterogeneous,56,Correlation,0.783333333333,0.704545454545,0.448275862069,0,0.013349874336,31,13,0,16,60,0.243333333333
heterogeneous,56,Decision only,0.866666666667,0.896551724138,0.103448275862,0.161290322581,0.00343849551846,26,3,5,26,60,0.12
heterogeneous,56,Local only,0.866666666667,0.896551724138,0.103448275862,0.161290322581,0.00343849551846,26,3,5,26,60,0.12
heterogeneous,56,Equal weights,0.866666666667,0.896551724138,0.103448275862,0.161290322581,0.00343849551846,26,3,5,26,60,0.12
heterogeneous,56,No local component,0.866666666667,0.896551724138,0.103448275862,0.161290322581,0.00343849551846,26,3,5,26,60,0.12
heterogeneous,56,Fixed faithful,0.866666666667,0.896551724138,0.103448275862,0.161290322581,0.00343849551846,26,3,5,26,60,0.12
heterogeneous,56,Fixed offset,0.783333333333,0.704545454545,0.448275862069,0,0.013349874336,31,13,0,16,60,0.243333333333
heterogeneous,56,Fixed local_reversal,0.966666666667,0.967741935484,0.0344827586207,0.0322580645161,0.000417448725614,30,1,1,28,60,0.583333333333
heterogeneous,56,Fixed unrelated,0.616666666667,0.653846153846,0.310344827586,0.451612903226,0.038721543428,17,9,14,20,60,0.476666666667
heterogeneous,56,Uniform proxy,0.808333333333,,,,0.013981840502,,,,,,0.355833333333
heterogeneous,56,Always ship,0.516666666667,0.516666666667,1,0,0.0564382963094,31,29,0,0,60,0.526666666667
heterogeneous,56,Never ship,0.483333333333,,0,1,0.0450655107187,0,0,31,29,60,0.473333333333
heterogeneous,57,PROXIMA,0.9,0.870967741935,0.129032258065,0.0689655172414,0.00220227379681,27,4,2,27,60,0.106666666667
heterogeneous,57,Correlation,0.933333333333,0.903225806452,0.0967741935484,0.0344827586207,0.000763204500943,28,3,1,28,60,0.696666666667
heterogeneous,57,Decision only,0.9,0.870967741935,0.129032258065,0.0689655172414,0.00220227379681,27,4,2,27,60,0.106666666667
heterogeneous,57,Local only,0.9,0.870967741935,0.129032258065,0.0689655172414,0.00220227379681,27,4,2,27,60,0.106666666667
heterogeneous,57,Equal weights,0.9,0.870967741935,0.129032258065,0.0689655172414,0.00220227379681,27,4,2,27,60,0.106666666667
heterogeneous,57,No local component,0.933333333333,0.903225806452,0.0967741935484,0.0344827586207,0.000763204500943,28,3,1,28,60,0.696666666667
heterogeneous,57,Fixed faithful,0.9,0.870967741935,0.129032258065,0.0689655172414,0.00220227379681,27,4,2,27,60,0.106666666667
heterogeneous,57,Fixed offset,0.583333333333,0.537037037037,0.806451612903,0,0.0205693414958,29,25,0,6,60,0.203333333333
heterogeneous,57,Fixed local_reversal,0.933333333333,0.903225806452,0.0967741935484,0.0344827586207,0.000763204500943,28,3,1,28,60,0.696666666667
heterogeneous,57,Fixed unrelated,0.483333333333,0.46875,0.548387096774,0.48275862069,0.0461662157017,15,17,14,14,60,0.496666666667
heterogeneous,57,Uniform proxy,0.725,,,,0.0174252588738,,,,,,0.375833333333
heterogeneous,57,Always ship,0.483333333333,0.483333333333,1,0,0.0383414263233,29,31,0,0,60,0.483333333333
heterogeneous,57,Never ship,0.516666666667,,0,1,0.0442033620771,0,0,29,31,60,0.516666666667
heterogeneous,58,PROXIMA,0.933333333333,0.909090909091,0.103448275862,0.0322580645161,0.00185993860265,30,3,1,26,60,0.0933333333333
heterogeneous,58,Correlation,0.7,0.632653061224,0.620689655172,0,0.0158402998372,31,18,0,11,60,0.193333333333
heterogeneous,58,Decision only,0.933333333333,0.909090909091,0.103448275862,0.0322580645161,0.00070908846933,30,3,1,26,60,0.576666666667
heterogeneous,58,Local only,0.933333333333,0.909090909091,0.103448275862,0.0322580645161,0.00185993860265,30,3,1,26,60,0.0933333333333
heterogeneous,58,Equal weights,0.933333333333,0.909090909091,0.103448275862,0.0322580645161,0.00185993860265,30,3,1,26,60,0.0933333333333
heterogeneous,58,No local component,0.933333333333,0.909090909091,0.103448275862,0.0322580645161,0.00070908846933,30,3,1,26,60,0.576666666667
heterogeneous,58,Fixed faithful,0.933333333333,0.909090909091,0.103448275862,0.0322580645161,0.00185993860265,30,3,1,26,60,0.0933333333333
heterogeneous,58,Fixed offset,0.7,0.632653061224,0.620689655172,0,0.0158402998372,31,18,0,11,60,0.193333333333
heterogeneous,58,Fixed local_reversal,0.933333333333,0.909090909091,0.103448275862,0.0322580645161,0.00070908846933,30,3,1,26,60,0.576666666667
heterogeneous,58,Fixed unrelated,0.366666666667,0.37037037037,0.586206896552,0.677419354839,0.0718614517375,10,17,21,12,60,0.493333333333
heterogeneous,58,Uniform proxy,0.733333333333,,,,0.0225676946617,,,,,,0.339166666667
heterogeneous,58,Always ship,0.516666666667,0.516666666667,1,0,0.0534347612876,31,29,0,0,60,0.493333333333
heterogeneous,58,Never ship,0.483333333333,,0,1,0.0559761333674,0,0,31,29,60,0.506666666667
heterogeneous,59,PROXIMA,0.916666666667,0.896551724138,0.09375,0.0714285714286,0.00263553369147,26,3,2,29,60,0.11
heterogeneous,59,Correlation,0.933333333333,0.9,0.09375,0.0357142857143,0.000947281443719,27,3,1,29,60,0.686666666667
heterogeneous,59,Decision only,0.933333333333,0.9,0.09375,0.0357142857143,0.000947281443719,27,3,1,29,60,0.686666666667
heterogeneous,59,Local only,0.916666666667,0.896551724138,0.09375,0.0714285714286,0.00263553369147,26,3,2,29,60,0.11
heterogeneous,59,Equal weights,0.916666666667,0.896551724138,0.09375,0.0714285714286,0.00263553369147,26,3,2,29,60,0.11
heterogeneous,59,No local component,0.933333333333,0.9,0.09375,0.0357142857143,0.000947281443719,27,3,1,29,60,0.686666666667
heterogeneous,59,Fixed faithful,0.916666666667,0.896551724138,0.09375,0.0714285714286,0.00263553369147,26,3,2,29,60,0.11
heterogeneous,59,Fixed offset,0.616666666667,0.549019607843,0.71875,0,0.0204393722965,28,23,0,9,60,0.256666666667
heterogeneous,59,Fixed local_reversal,0.933333333333,0.9,0.09375,0.0357142857143,0.000947281443719,27,3,1,29,60,0.686666666667
heterogeneous,59,Fixed unrelated,0.433333333333,0.411764705882,0.625,0.5,0.0514974838985,14,20,14,12,60,0.496666666667
heterogeneous,59,Uniform proxy,0.725,,,,0.0188799178325,,,,,,0.3875
heterogeneous,59,Always ship,0.466666666667,0.466666666667,1,0,0.049697635963,28,32,0,0,60,0.536666666667
heterogeneous,59,Never ship,0.533333333333,,0,1,0.0375487235031,0,0,28,32,60,0.463333333333
heterogeneous,60,PROXIMA,0.916666666667,0.909090909091,0.107142857143,0.0625,0.00202750538266,30,3,2,25,60,0.0766666666667
heterogeneous,60,Correlation,0.666666666667,0.615384615385,0.714285714286,0,0.016161454566,32,20,0,8,60,0.206666666667
heterogeneous,60,Decision only,0.95,0.939393939394,0.0714285714286,0.03125,0.000455274769562,31,2,1,26,60,0.673333333333
heterogeneous,60,Local only,0.916666666667,0.909090909091,0.107142857143,0.0625,0.00202750538266,30,3,2,25,60,0.0766666666667
heterogeneous,60,Equal weights,0.916666666667,0.909090909091,0.107142857143,0.0625,0.00202750538266,30,3,2,25,60,0.0766666666667
heterogeneous,60,No local component,0.95,0.939393939394,0.0714285714286,0.03125,0.000455274769562,31,2,1,26,60,0.673333333333
heterogeneous,60,Fixed faithful,0.916666666667,0.909090909091,0.107142857143,0.0625,0.00202750538266,30,3,2,25,60,0.0766666666667
heterogeneous,60,Fixed offset,0.666666666667,0.615384615385,0.714285714286,0,0.016161454566,32,20,0,8,60,0.206666666667
heterogeneous,60,Fixed local_reversal,0.95,0.939393939394,0.0714285714286,0.03125,0.000455274769562,31,2,1,26,60,0.673333333333
heterogeneous,60,Fixed unrelated,0.5,0.53125,0.535714285714,0.46875,0.0363984841805,17,15,15,13,60,0.52
heterogeneous,60,Uniform proxy,0.758333333333,,,,0.0137606797247,,,,,,0.369166666667
heterogeneous,60,Always ship,0.533333333333,0.533333333333,1,0,0.037507928433,32,28,0,0,60,0.473333333333
heterogeneous,60,Never ship,0.466666666667,,0,1,0.049082217453,0,0,32,28,60,0.526666666667
heterogeneous,61,PROXIMA,0.9,0.857142857143,0.117647058824,0.0769230769231,0.00236827092214,24,4,2,30,60,0.133333333333
heterogeneous,61,Correlation,0.5,0.464285714286,0.882352941176,0,0.0346595174078,26,30,0,4,60,0.216666666667
heterogeneous,61,Decision only,0.933333333333,0.923076923077,0.0588235294118,0.0769230769231,0.000812720459975,24,2,2,32,60,0.636666666667
heterogeneous,61,Local only,0.9,0.857142857143,0.117647058824,0.0769230769231,0.00236827092214,24,4,2,30,60,0.133333333333
heterogeneous,61,Equal weights,0.9,0.857142857143,0.117647058824,0.0769230769231,0.00236827092214,24,4,2,30,60,0.133333333333
heterogeneous,61,No local component,0.933333333333,0.923076923077,0.0588235294118,0.0769230769231,0.000812720459975,24,2,2,32,60,0.636666666667
heterogeneous,61,Fixed faithful,0.9,0.857142857143,0.117647058824,0.0769230769231,0.00236827092214,24,4,2,30,60,0.133333333333
heterogeneous,61,Fixed offset,0.5,0.464285714286,0.882352941176,0,0.0346595174078,26,30,0,4,60,0.216666666667
heterogeneous,61,Fixed local_reversal,0.933333333333,0.923076923077,0.0588235294118,0.0769230769231,0.000812720459975,24,2,2,32,60,0.636666666667
heterogeneous,61,Fixed unrelated,0.45,0.379310344828,0.529411764706,0.576923076923,0.0491641038702,11,18,15,16,60,0.553333333333
heterogeneous,61,Uniform proxy,0.695833333333,,,,0.021751153165,,,,,,0.385
heterogeneous,61,Always ship,0.433333333333,0.433333333333,1,0,0.0484520485663,26,34,0,0,60,0.52
heterogeneous,61,Never ship,0.566666666667,,0,1,0.0351718399643,0,0,26,34,60,0.48
heterogeneous,62,PROXIMA,0.933333333333,0.916666666667,0.115384615385,0.0294117647059,0.000821590540547,33,3,1,23,60,0.08
heterogeneous,62,Correlation,0.983333333333,0.971428571429,0.0384615384615,0,7.63073942903e-05,34,1,0,25,60,0.596666666667
heterogeneous,62,Decision only,0.933333333333,0.916666666667,0.115384615385,0.0294117647059,0.000821590540547,33,3,1,23,60,0.08
heterogeneous,62,Local only,0.933333333333,0.916666666667,0.115384615385,0.0294117647059,0.000821590540547,33,3,1,23,60,0.08
heterogeneous,62,Equal weights,0.933333333333,0.916666666667,0.115384615385,0.0294117647059,0.000821590540547,33,3,1,23,60,0.08
heterogeneous,62,No local component,0.983333333333,0.971428571429,0.0384615384615,0,7.63073942903e-05,34,1,0,25,60,0.596666666667
heterogeneous,62,Fixed faithful,0.933333333333,0.916666666667,0.115384615385,0.0294117647059,0.000821590540547,33,3,1,23,60,0.08
heterogeneous,62,Fixed offset,0.733333333333,0.68,0.615384615385,0,0.00978927311174,34,16,0,10,60,0.223333333333
heterogeneous,62,Fixed local_reversal,0.983333333333,0.971428571429,0.0384615384615,0,7.63073942903e-05,34,1,0,25,60,0.596666666667
heterogeneous,62,Fixed unrelated,0.516666666667,0.58064516129,0.5,0.470588235294,0.0430728371824,18,13,16,13,60,0.516666666667
heterogeneous,62,Uniform proxy,0.791666666667,,,,0.0134400020572,,,,,,0.354166666667
heterogeneous,62,Always ship,0.566666666667,0.566666666667,1,0,0.0391404157608,34,26,0,0,60,0.466666666667
heterogeneous,62,Never ship,0.433333333333,,0,1,0.0542770040581,0,0,34,26,60,0.533333333333
heterogeneous,63,PROXIMA,0.866666666667,0.928571428571,0.0714285714286,0.1875,0.00243610316824,26,2,6,26,60,0.0733333333333
heterogeneous,63,Correlation,0.966666666667,0.96875,0.0357142857143,0.03125,0.00030900541076,31,1,1,27,60,0.676666666667
heterogeneous,63,Decision only,0.966666666667,0.96875,0.0357142857143,0.03125,0.00030900541076,31,1,1,27,60,0.676666666667
heterogeneous,63,Local only,0.866666666667,0.928571428571,0.0714285714286,0.1875,0.00243610316824,26,2,6,26,60,0.0733333333333
heterogeneous,63,Equal weights,0.866666666667,0.928571428571,0.0714285714286,0.1875,0.00243610316824,26,2,6,26,60,0.0733333333333
heterogeneous,63,No local component,0.966666666667,0.96875,0.0357142857143,0.03125,0.00030900541076,31,1,1,27,60,0.676666666667
heterogeneous,63,Fixed faithful,0.866666666667,0.928571428571,0.0714285714286,0.1875,0.00243610316824,26,2,6,26,60,0.0733333333333
heterogeneous,63,Fixed offset,0.633333333333,0.592592592593,0.785714285714,0,0.0230802696924,32,22,0,6,60,0.23
heterogeneous,63,Fixed local_reversal,0.966666666667,0.96875,0.0357142857143,0.03125,0.00030900541076,31,1,1,27,60,0.676666666667
heterogeneous,63,Fixed unrelated,0.566666666667,0.59375,0.464285714286,0.40625,0.0542574694954,19,13,13,15,60,0.496666666667
heterogeneous,63,Uniform proxy,0.758333333333,,,,0.0200207119417,,,,,,0.369166666667
heterogeneous,63,Always ship,0.533333333333,0.533333333333,1,0,0.0463783561709,32,28,0,0,60,0.51
heterogeneous,63,Never ship,0.466666666667,,0,1,0.04001172974,0,0,32,28,60,0.49
heterogeneous,64,PROXIMA,0.9,0.846153846154,0.111111111111,0.0833333333333,0.00138548469495,22,4,2,32,60,0.146666666667
heterogeneous,64,Correlation,0.916666666667,0.88,0.0833333333333,0.0833333333333,0.00203020493977,22,3,2,33,60,0.616666666667
heterogeneous,64,Decision only,0.916666666667,0.88,0.0833333333333,0.0833333333333,0.00203020493977,22,3,2,33,60,0.616666666667
heterogeneous,64,Local only,0.9,0.846153846154,0.111111111111,0.0833333333333,0.00138548469495,22,4,2,32,60,0.146666666667
heterogeneous,64,Equal weights,0.9,0.846153846154,0.111111111111,0.0833333333333,0.00138548469495,22,4,2,32,60,0.146666666667
heterogeneous,64,No local component,0.916666666667,0.88,0.0833333333333,0.0833333333333,0.00203020493977,22,3,2,33,60,0.616666666667
heterogeneous,64,Fixed faithful,0.9,0.846153846154,0.111111111111,0.0833333333333,0.00138548469495,22,4,2,32,60,0.146666666667
heterogeneous,64,Fixed offset,0.583333333333,0.489795918367,0.694444444444,0,0.0229273957249,24,25,0,11,60,0.203333333333
heterogeneous,64,Fixed local_reversal,0.916666666667,0.88,0.0833333333333,0.0833333333333,0.00203020493977,22,3,2,33,60,0.616666666667
heterogeneous,64,Fixed unrelated,0.383333333333,0.259259259259,0.555555555556,0.708333333333,0.0644393557044,7,20,17,16,60,0.516666666667
heterogeneous,64,Uniform proxy,0.695833333333,,,,0.022695610266,,,,,,0.370833333333
heterogeneous,64,Always ship,0.4,0.4,1,0,0.0610114436096,24,36,0,0,60,0.516666666667
heterogeneous,64,Never ship,0.6,,0,1,0.0403634491092,0,0,24,36,60,0.483333333333
heterogeneous,65,PROXIMA,0.95,0.965517241379,0.0333333333333,0.0666666666667,0.00114002798455,28,1,2,29,60,0.0933333333333
heterogeneous,65,Correlation,0.983333333333,1,0,0.0333333333333,0.000285171064333,29,0,1,30,60,0.64
heterogeneous,65,Decision only,0.983333333333,1,0,0.0333333333333,0.000285171064333,29,0,1,30,60,0.64
heterogeneous,65,Local only,0.95,0.965517241379,0.0333333333333,0.0666666666667,0.00114002798455,28,1,2,29,60,0.0933333333333
heterogeneous,65,Equal weights,0.95,0.965517241379,0.0333333333333,0.0666666666667,0.00114002798455,28,1,2,29,60,0.0933333333333
heterogeneous,65,No local component,0.983333333333,1,0,0.0333333333333,0.000285171064333,29,0,1,30,60,0.64
heterogeneous,65,Fixed faithful,0.95,0.965517241379,0.0333333333333,0.0666666666667,0.00114002798455,28,1,2,29,60,0.0933333333333
heterogeneous,65,Fixed offset,0.65,0.588235294118,0.7,0,0.0292587460855,30,21,0,9,60,0.23
heterogeneous,65,Fixed local_reversal,0.983333333333,1,0,0.0333333333333,0.000285171064333,29,0,1,30,60,0.64
heterogeneous,65,Fixed unrelated,0.533333333333,0.535714285714,0.433333333333,0.5,0.0440753286473,15,13,15,17,60,0.483333333333
heterogeneous,65,Uniform proxy,0.779166666667,,,,0.0186898184454,,,,,,0.361666666667
heterogeneous,65,Always ship,0.5,0.5,1,0,0.0565255327516,30,30,0,0,60,0.54
heterogeneous,65,Never ship,0.5,,0,1,0.043058035342,0,0,30,30,60,0.46
heterogeneous,66,PROXIMA,0.933333333333,0.941176470588,0.0769230769231,0.0588235294118,0.00112876974593,32,2,2,24,60,0.126666666667
heterogeneous,66,Correlation,0.7,0.653846153846,0.692307692308,0,0.0158984754821,34,18,0,8,60,0.186666666667
heterogeneous,66,Decision only,0.883333333333,0.935483870968,0.0769230769231,0.147058823529,0.00161631706848,29,2,5,24,60,0.66
heterogeneous,66,Local only,0.933333333333,0.941176470588,0.0769230769231,0.0588235294118,0.00112876974593,32,2,2,24,60,0.126666666667
heterogeneous,66,Equal weights,0.933333333333,0.941176470588,0.0769230769231,0.0588235294118,0.00112876974593,32,2,2,24,60,0.126666666667
heterogeneous,66,No local component,0.883333333333,0.935483870968,0.0769230769231,0.147058823529,0.00161631706848,29,2,5,24,60,0.66
heterogeneous,66,Fixed faithful,0.933333333333,0.941176470588,0.0769230769231,0.0588235294118,0.00112876974593,32,2,2,24,60,0.126666666667
heterogeneous,66,Fixed offset,0.7,0.653846153846,0.692307692308,0,0.0158984754821,34,18,0,8,60,0.186666666667
heterogeneous,66,Fixed local_reversal,0.883333333333,0.935483870968,0.0769230769231,0.147058823529,0.00161631706848,29,2,5,24,60,0.66
heterogeneous,66,Fixed unrelated,0.4,0.472222222222,0.730769230769,0.5,0.0447114237731,17,19,17,7,60,0.52
heterogeneous,66,Uniform proxy,0.729166666667,,,,0.0158387465174,,,,,,0.373333333333
heterogeneous,66,Always ship,0.566666666667,0.566666666667,1,0,0.0351874776378,34,26,0,0,60,0.456666666667
heterogeneous,66,Never ship,0.433333333333,,0,1,0.0504921635977,0,0,34,26,60,0.543333333333
heterogeneous,67,PROXIMA,0.966666666667,1,0,0.0689655172414,0.000421615465266,27,0,2,31,60,0.08
heterogeneous,67,Correlation,0.65,0.58,0.677419354839,0,0.0209876661565,29,21,0,10,60,0.203333333333
heterogeneous,67,Decision only,0.95,0.964285714286,0.0322580645161,0.0689655172414,0.000562054991976,27,1,2,30,60,0.616666666667
heterogeneous,67,Local only,0.966666666667,1,0,0.0689655172414,0.000421615465266,27,0,2,31,60,0.08
heterogeneous,67,Equal weights,0.966666666667,1,0,0.0689655172414,0.000421615465266,27,0,2,31,60,0.08
heterogeneous,67,No local component,0.95,0.964285714286,0.0322580645161,0.0689655172414,0.000562054991976,27,1,2,30,60,0.616666666667
heterogeneous,67,Fixed faithful,0.966666666667,1,0,0.0689655172414,0.000421615465266,27,0,2,31,60,0.08
heterogeneous,67,Fixed offset,0.65,0.58,0.677419354839,0,0.0209876661565,29,21,0,10,60,0.203333333333
heterogeneous,67,Fixed local_reversal,0.95,0.964285714286,0.0322580645161,0.0689655172414,0.000562054991976,27,1,2,30,60,0.616666666667
heterogeneous,67,Fixed unrelated,0.55,0.533333333333,0.451612903226,0.448275862069,0.0497165581521,16,14,13,17,60,0.536666666667
heterogeneous,67,Uniform proxy,0.779166666667,,,,0.0179219736915,,,,,,0.359166666667
heterogeneous,67,Always ship,0.483333333333,0.483333333333,1,0,0.0543172679779,29,31,0,0,60,0.553333333333
heterogeneous,67,Never ship,0.516666666667,,0,1,0.0420510397853,0,0,29,31,60,0.446666666667
heterogeneous,68,PROXIMA,0.916666666667,1,0,0.15625,0.00224421052048,27,0,5,28,60,0.1
heterogeneous,68,Correlation,0.933333333333,0.9375,0.0714285714286,0.0625,0.00124307577057,30,2,2,26,60,0.593333333333
heterogeneous,68,Decision only,0.933333333333,0.9375,0.0714285714286,0.0625,0.00124307577057,30,2,2,26,60,0.593333333333
heterogeneous,68,Local only,0.916666666667,1,0,0.15625,0.00224421052048,27,0,5,28,60,0.1
heterogeneous,68,Equal weights,0.916666666667,1,0,0.15625,0.00224421052048,27,0,5,28,60,0.1
heterogeneous,68,No local component,0.933333333333,0.9375,0.0714285714286,0.0625,0.00124307577057,30,2,2,26,60,0.593333333333
heterogeneous,68,Fixed faithful,0.916666666667,1,0,0.15625,0.00224421052048,27,0,5,28,60,0.1
heterogeneous,68,Fixed offset,0.683333333333,0.627450980392,0.678571428571,0,0.0175704898849,32,19,0,9,60,0.19
heterogeneous,68,Fixed local_reversal,0.933333333333,0.9375,0.0714285714286,0.0625,0.00124307577057,30,2,2,26,60,0.593333333333
heterogeneous,68,Fixed unrelated,0.516666666667,0.542857142857,0.571428571429,0.40625,0.0391115976907,19,16,13,12,60,0.483333333333
heterogeneous,68,Uniform proxy,0.7625,,,,0.0150423434667,,,,,,0.341666666667
heterogeneous,68,Always ship,0.533333333333,0.533333333333,1,0,0.0435544629939,32,28,0,0,60,0.476666666667
heterogeneous,68,Never ship,0.466666666667,,0,1,0.0476028039571,0,0,32,28,60,0.523333333333
heterogeneous,69,PROXIMA,0.983333333333,0.967741935484,0.0333333333333,0,0.000299946756655,30,1,0,29,60,0.106666666667
heterogeneous,69,Correlation,0.7,0.625,0.6,0,0.019223272338,30,18,0,12,60,0.21
heterogeneous,69,Decision only,0.983333333333,0.967741935484,0.0333333333333,0,0.000299946756655,30,1,0,29,60,0.106666666667
heterogeneous,69,Local only,0.983333333333,0.967741935484,0.0333333333333,0,0.000299946756655,30,1,0,29,60,0.106666666667
heterogeneous,69,Equal weights,0.983333333333,0.967741935484,0.0333333333333,0,0.000299946756655,30,1,0,29,60,0.106666666667
heterogeneous,69,No local component,0.916666666667,0.962962962963,0.0333333333333,0.133333333333,0.00126685737488,26,1,4,29,60,0.646666666667
heterogeneous,69,Fixed faithful,0.983333333333,0.967741935484,0.0333333333333,0,0.000299946756655,30,1,0,29,60,0.106666666667
heterogeneous,69,Fixed offset,0.7,0.625,0.6,0,0.019223272338,30,18,0,12,60,0.21
heterogeneous,69,Fixed local_reversal,0.916666666667,0.962962962963,0.0333333333333,0.133333333333,0.00126685737488,26,1,4,29,60,0.646666666667
heterogeneous,69,Fixed unrelated,0.55,0.542857142857,0.533333333333,0.366666666667,0.0449166248509,19,16,11,14,60,0.54
heterogeneous,69,Uniform proxy,0.7875,,,,0.0164266753301,,,,,,0.375833333333
heterogeneous,69,Always ship,0.5,0.5,1,0,0.0520279084895,30,30,0,0,60,0.546666666667
heterogeneous,69,Never ship,0.5,,0,1,0.0449852335793,0,0,30,30,60,0.453333333333
heterogeneous,70,PROXIMA,0.933333333333,0.884615384615,0.0833333333333,0.0416666666667,0.00183930601186,23,3,1,33,60,0.0866666666667
heterogeneous,70,Correlation,0.6,0.5,0.666666666667,0,0.0253940087364,24,24,0,12,60,0.23
heterogeneous,70,Decision only,0.966666666667,1,0,0.0833333333333,0.000171328426032,22,0,2,36,60,0.603333333333
heterogeneous,70,Local only,0.933333333333,0.884615384615,0.0833333333333,0.0416666666667,0.00183930601186,23,3,1,33,60,0.0866666666667
heterogeneous,70,Equal weights,0.933333333333,0.884615384615,0.0833333333333,0.0416666666667,0.00183930601186,23,3,1,33,60,0.0866666666667
heterogeneous,70,No local component,0.966666666667,1,0,0.0833333333333,0.000171328426032,22,0,2,36,60,0.603333333333
heterogeneous,70,Fixed faithful,0.933333333333,0.884615384615,0.0833333333333,0.0416666666667,0.00183930601186,23,3,1,33,60,0.0866666666667
heterogeneous,70,Fixed offset,0.6,0.5,0.666666666667,0,0.0253940087364,24,24,0,12,60,0.23
heterogeneous,70,Fixed local_reversal,0.966666666667,1,0,0.0833333333333,0.000171328426032,22,0,2,36,60,0.603333333333
heterogeneous,70,Fixed unrelated,0.5,0.4,0.5,0.5,0.0526237598782,12,18,12,18,60,0.456666666667
heterogeneous,70,Uniform proxy,0.75,,,,0.0200071007631,,,,,,0.344166666667
heterogeneous,70,Always ship,0.4,0.4,1,0,0.0625587970071,24,36,0,0,60,0.556666666667
heterogeneous,70,Never ship,0.6,,0,1,0.0417469040133,0,0,24,36,60,0.443333333333
heterogeneous,71,PROXIMA,0.933333333333,0.95652173913,0.0285714285714,0.12,0.00103590871306,22,1,3,34,60,0.113333333333
heterogeneous,71,Correlation,0.95,0.958333333333,0.0285714285714,0.08,0.00035566883398,23,1,2,34,60,0.62
heterogeneous,71,Decision only,0.95,0.958333333333,0.0285714285714,0.08,0.00035566883398,23,1,2,34,60,0.62
heterogeneous,71,Local only,0.933333333333,0.95652173913,0.0285714285714,0.12,0.00103590871306,22,1,3,34,60,0.113333333333
heterogeneous,71,Equal weights,0.933333333333,0.95652173913,0.0285714285714,0.12,0.00103590871306,22,1,3,34,60,0.113333333333
heterogeneous,71,No local component,0.95,0.958333333333,0.0285714285714,0.08,0.00035566883398,23,1,2,34,60,0.62
heterogeneous,71,Fixed faithful,0.933333333333,0.95652173913,0.0285714285714,0.12,0.00103590871306,22,1,3,34,60,0.113333333333
heterogeneous,71,Fixed offset,0.583333333333,0.5,0.714285714286,0,0.0249978699095,25,25,0,10,60,0.19
heterogeneous,71,Fixed local_reversal,0.95,0.958333333333,0.0285714285714,0.08,0.00035566883398,23,1,2,34,60,0.62
heterogeneous,71,Fixed unrelated,0.5,0.424242424242,0.542857142857,0.44,0.0530869963778,14,19,11,16,60,0.506666666667
heterogeneous,71,Uniform proxy,0.741666666667,,,,0.0198691109586,,,,,,0.3575
heterogeneous,71,Always ship,0.416666666667,0.416666666667,1,0,0.0552301855373,25,35,0,0,60,0.536666666667
heterogeneous,71,Never ship,0.583333333333,,0,1,0.0357768982635,0,0,25,35,60,0.463333333333
heterogeneous,72,PROXIMA,0.883333333333,0.916666666667,0.130434782609,0.108108108108,0.00348979007645,33,3,4,20,60,0.09
heterogeneous,72,Correlation,0.983333333333,1,0,0.027027027027,0.000342566591833,36,0,1,23,60,0.596666666667
heterogeneous,72,Decision only,0.983333333333,1,0,0.027027027027,0.000342566591833,36,0,1,23,60,0.596666666667
heterogeneous,72,Local only,0.883333333333,0.916666666667,0.130434782609,0.108108108108,0.00348979007645,33,3,4,20,60,0.09
heterogeneous,72,Equal weights,0.883333333333,0.916666666667,0.130434782609,0.108108108108,0.00348979007645,33,3,4,20,60,0.09
heterogeneous,72,No local component,0.983333333333,1,0,0.027027027027,0.000342566591833,36,0,1,23,60,0.596666666667
heterogeneous,72,Fixed faithful,0.883333333333,0.916666666667,0.130434782609,0.108108108108,0.00348979007645,33,3,4,20,60,0.09
heterogeneous,72,Fixed offset,0.716666666667,0.685185185185,0.739130434783,0,0.0191112818236,37,17,0,6,60,0.163333333333
heterogeneous,72,Fixed local_reversal,0.983333333333,1,0,0.027027027027,0.000342566591833,36,0,1,23,60,0.596666666667
heterogeneous,72,Fixed unrelated,0.433333333333,0.548387096774,0.608695652174,0.540540540541,0.0624555990883,17,14,20,9,60,0.45
heterogeneous,72,Uniform proxy,0.754166666667,,,,0.021349809395,,,,,,0.325
heterogeneous,72,Always ship,0.616666666667,0.616666666667,1,0,0.0358692861141,37,23,0,0,60,0.436666666667
heterogeneous,72,Never ship,0.383333333333,,0,1,0.0586010042962,0,0,37,23,60,0.563333333333
heterogeneous,73,PROXIMA,0.883333333333,0.896551724138,0.1,0.133333333333,0.0019578335696,26,3,4,27,60,0.09
heterogeneous,73,Correlation,0.616666666667,0.566037735849,0.766666666667,0,0.0220591550684,30,23,0,7,60,0.226666666667
heterogeneous,73,Decision only,0.95,0.965517241379,0.0333333333333,0.0666666666667,0.00083008255212,28,1,2,29,60,0.62
heterogeneous,73,Local only,0.883333333333,0.896551724138,0.1,0.133333333333,0.0019578335696,26,3,4,27,60,0.09
heterogeneous,73,Equal weights,0.883333333333,0.896551724138,0.1,0.133333333333,0.0019578335696,26,3,4,27,60,0.09
heterogeneous,73,No local component,0.95,0.965517241379,0.0333333333333,0.0666666666667,0.00083008255212,28,1,2,29,60,0.62
heterogeneous,73,Fixed faithful,0.883333333333,0.896551724138,0.1,0.133333333333,0.0019578335696,26,3,4,27,60,0.09
heterogeneous,73,Fixed offset,0.616666666667,0.566037735849,0.766666666667,0,0.0220591550684,30,23,0,7,60,0.226666666667
heterogeneous,73,Fixed local_reversal,0.95,0.965517241379,0.0333333333333,0.0666666666667,0.00083008255212,28,1,2,29,60,0.62
heterogeneous,73,Fixed unrelated,0.516666666667,0.515151515152,0.533333333333,0.433333333333,0.044398694817,17,16,13,14,60,0.5
heterogeneous,73,Uniform proxy,0.741666666667,,,,0.0173114415018,,,,,,0.359166666667
heterogeneous,73,Always ship,0.5,0.5,1,0,0.0428587297867,30,30,0,0,60,0.506666666667
heterogeneous,73,Never ship,0.5,,0,1,0.0430207669981,0,0,30,30,60,0.493333333333
heterogeneous,74,PROXIMA,0.933333333333,0.967741935484,0.037037037037,0.0909090909091,0.00195710894436,30,1,3,26,60,0.13
heterogeneous,74,Correlation,0.95,0.916666666667,0.111111111111,0,0.000609654577933,33,3,0,24,60,0.606666666667
heterogeneous,74,Decision only,0.933333333333,0.967741935484,0.037037037037,0.0909090909091,0.00195710894436,30,1,3,26,60,0.13
heterogeneous,74,Local only,0.933333333333,0.967741935484,0.037037037037,0.0909090909091,0.00195710894436,30,1,3,26,60,0.13
heterogeneous,74,Equal weights,0.933333333333,0.967741935484,0.037037037037,0.0909090909091,0.00195710894436,30,1,3,26,60,0.13
heterogeneous,74,No local component,0.933333333333,0.967741935484,0.037037037037,0.0909090909091,0.00195710894436,30,1,3,26,60,0.13
heterogeneous,74,Fixed faithful,0.933333333333,0.967741935484,0.037037037037,0.0909090909091,0.00195710894436,30,1,3,26,60,0.13
heterogeneous,74,Fixed offset,0.683333333333,0.634615384615,0.703703703704,0,0.0156341379593,33,19,0,8,60,0.206666666667
heterogeneous,74,Fixed local_reversal,0.95,0.916666666667,0.111111111111,0,0.000609654577933,33,3,0,24,60,0.606666666667
heterogeneous,74,Fixed unrelated,0.533333333333,0.58064516129,0.481481481481,0.454545454545,0.0483866708209,18,13,15,14,60,0.516666666667
heterogeneous,74,Uniform proxy,0.775,,,,0.0166468930756,,,,,,0.365
heterogeneous,74,Always ship,0.55,0.55,1,0,0.0383495160271,33,27,0,0,60,0.45
heterogeneous,74,Never ship,0.45,,0,1,0.0666281396829,0,0,33,27,60,0.55
heterogeneous,75,PROXIMA,0.9,0.862068965517,0.121212121212,0.0740740740741,0.001922030245,25,4,2,29,60,0.0766666666667
heterogeneous,75,Correlation,0.966666666667,0.962962962963,0.030303030303,0.037037037037,0.00044251572058,26,1,1,32,60,0.63
heterogeneous,75,Decision only,0.966666666667,0.962962962963,0.030303030303,0.037037037037,0.00044251572058,26,1,1,32,60,0.63
heterogeneous,75,Local only,0.9,0.862068965517,0.121212121212,0.0740740740741,0.001922030245,25,4,2,29,60,0.0766666666667
heterogeneous,75,Equal weights,0.9,0.862068965517,0.121212121212,0.0740740740741,0.001922030245,25,4,2,29,60,0.0766666666667
heterogeneous,75,No local component,0.966666666667,0.962962962963,0.030303030303,0.037037037037,0.00044251572058,26,1,1,32,60,0.63
heterogeneous,75,Fixed faithful,0.9,0.862068965517,0.121212121212,0.0740740740741,0.001922030245,25,4,2,29,60,0.0766666666667
heterogeneous,75,Fixed offset,0.65,0.5625,0.636363636364,0,0.0167016660726,27,21,0,12,60,0.213333333333
heterogeneous,75,Fixed local_reversal,0.966666666667,0.962962962963,0.030303030303,0.037037037037,0.00044251572058,26,1,1,32,60,0.63
heterogeneous,75,Fixed unrelated,0.5,0.457142857143,0.575757575758,0.407407407407,0.0517582312696,16,19,11,14,60,0.493333333333
heterogeneous,75,Uniform proxy,0.754166666667,,,,0.0177061108269,,,,,,0.353333333333
heterogeneous,75,Always ship,0.45,0.45,1,0,0.053211109513,27,33,0,0,60,0.496666666667
heterogeneous,75,Never ship,0.55,,0,1,0.0452563533701,0,0,27,33,60,0.503333333333
heterogeneous,76,PROXIMA,1,1,0,0,0,28,0,0,32,60,0.13
heterogeneous,76,Correlation,0.616666666667,0.549019607843,0.71875,0,0.0258195848082,28,23,0,9,60,0.203333333333
heterogeneous,76,Decision only,0.966666666667,0.964285714286,0.03125,0.0357142857143,0.000650693903817,27,1,1,31,60,0.566666666667
heterogeneous,76,Local only,1,1,0,0,0,28,0,0,32,60,0.13
heterogeneous,76,Equal weights,1,1,0,0,0,28,0,0,32,60,0.13
heterogeneous,76,No local component,0.966666666667,0.964285714286,0.03125,0.0357142857143,0.000650693903817,27,1,1,31,60,0.566666666667
heterogeneous,76,Fixed faithful,1,1,0,0,0,28,0,0,32,60,0.13
heterogeneous,76,Fixed offset,0.616666666667,0.549019607843,0.71875,0,0.0258195848082,28,23,0,9,60,0.203333333333
heterogeneous,76,Fixed local_reversal,0.966666666667,0.964285714286,0.03125,0.0357142857143,0.000650693903817,27,1,1,31,60,0.566666666667
heterogeneous,76,Fixed unrelated,0.516666666667,0.481481481481,0.4375,0.535714285714,0.0430519834553,13,14,15,18,60,0.473333333333
heterogeneous,76,Uniform proxy,0.775,,,,0.0173805655418,,,,,,0.343333333333
heterogeneous,76,Always ship,0.466666666667,0.466666666667,1,0,0.0552137790807,28,32,0,0,60,0.516666666667
heterogeneous,76,Never ship,0.533333333333,,0,1,0.0448015730003,0,0,28,32,60,0.483333333333
heterogeneous,77,PROXIMA,0.916666666667,0.914285714286,0.115384615385,0.0588235294118,0.00196717019633,32,3,2,23,60,0.1
heterogeneous,77,Correlation,0.65,0.618181818182,0.807692307692,0,0.0216001191909,34,21,0,5,60,0.183333333333
heterogeneous,77,Decision only,0.916666666667,0.914285714286,0.115384615385,0.0588235294118,0.00196717019633,32,3,2,23,60,0.1
heterogeneous,77,Local only,0.916666666667,0.914285714286,0.115384615385,0.0588235294118,0.00196717019633,32,3,2,23,60,0.1
heterogeneous,77,Equal weights,0.916666666667,0.914285714286,0.115384615385,0.0588235294118,0.00196717019633,32,3,2,23,60,0.1
heterogeneous,77,No local component,0.966666666667,0.970588235294,0.0384615384615,0.0294117647059,0.000528273771565,33,1,1,25,60,0.703333333333
heterogeneous,77,Fixed faithful,0.916666666667,0.914285714286,0.115384615385,0.0588235294118,0.00196717019633,32,3,2,23,60,0.1
heterogeneous,77,Fixed offset,0.65,0.618181818182,0.807692307692,0,0.0216001191909,34,21,0,5,60,0.183333333333
heterogeneous,77,Fixed local_reversal,0.966666666667,0.970588235294,0.0384615384615,0.0294117647059,0.000528273771565,33,1,1,25,60,0.703333333333
heterogeneous,77,Fixed unrelated,0.5,0.576923076923,0.423076923077,0.558823529412,0.0376394547398,15,11,19,15,60,0.48
heterogeneous,77,Uniform proxy,0.758333333333,,,,0.0154337544747,,,,,,0.366666666667
heterogeneous,77,Always ship,0.566666666667,0.566666666667,1,0,0.0357418216016,34,26,0,0,60,0.463333333333
heterogeneous,77,Never ship,0.433333333333,,0,1,0.0409620813264,0,0,34,26,60,0.536666666667
heterogeneous,78,PROXIMA,0.866666666667,0.935483870968,0.08,0.171428571429,0.0035917784535,29,2,6,23,60,0.0833333333333
heterogeneous,78,Correlation,0.7,0.660377358491,0.72,0,0.015862969314,35,18,0,7,60,0.203333333333
heterogeneous,78,Decision only,0.933333333333,0.942857142857,0.08,0.0571428571429,0.000312812939029,33,2,2,23,60,0.653333333333
heterogeneous,78,Local only,0.866666666667,0.935483870968,0.08,0.171428571429,0.0035917784535,29,2,6,23,60,0.0833333333333
heterogeneous,78,Equal weights,0.866666666667,0.935483870968,0.08,0.171428571429,0.0035917784535,29,2,6,23,60,0.0833333333333
heterogeneous,78,No local component,0.933333333333,0.942857142857,0.08,0.0571428571429,0.000312812939029,33,2,2,23,60,0.653333333333
heterogeneous,78,Fixed faithful,0.866666666667,0.935483870968,0.08,0.171428571429,0.0035917784535,29,2,6,23,60,0.0833333333333
heterogeneous,78,Fixed offset,0.7,0.660377358491,0.72,0,0.015862969314,35,18,0,7,60,0.203333333333
heterogeneous,78,Fixed local_reversal,0.933333333333,0.942857142857,0.08,0.0571428571429,0.000312812939029,33,2,2,23,60,0.653333333333
heterogeneous,78,Fixed unrelated,0.583333333333,0.666666666667,0.4,0.428571428571,0.0329436997755,20,10,15,15,60,0.446666666667
heterogeneous,78,Uniform proxy,0.770833333333,,,,0.0131778151205,,,,,,0.346666666667
heterogeneous,78,Always ship,0.583333333333,0.583333333333,1,0,0.0410112899872,35,25,0,0,60,0.503333333333
heterogeneous,78,Never ship,0.416666666667,,0,1,0.0472097221946,0,0,35,25,60,0.496666666667
heterogeneous,79,PROXIMA,0.883333333333,0.870967741935,0.133333333333,0.1,0.00207183883611,27,4,3,26,60,0.116666666667
heterogeneous,79,Correlation,0.6,0.555555555556,0.8,0,0.0204228918069,30,24,0,6,60,0.213333333333
heterogeneous,79,Decision only,0.883333333333,0.870967741935,0.133333333333,0.1,0.00207183883611,27,4,3,26,60,0.116666666667
heterogeneous,79,Local only,0.883333333333,0.870967741935,0.133333333333,0.1,0.00207183883611,27,4,3,26,60,0.116666666667
heterogeneous,79,Equal weights,0.883333333333,0.870967741935,0.133333333333,0.1,0.00207183883611,27,4,3,26,60,0.116666666667
heterogeneous,79,No local component,0.95,0.935483870968,0.0666666666667,0.0333333333333,0.000684471677867,29,2,1,28,60,0.59
heterogeneous,79,Fixed faithful,0.883333333333,0.870967741935,0.133333333333,0.1,0.00207183883611,27,4,3,26,60,0.116666666667
heterogeneous,79,Fixed offset,0.6,0.555555555556,0.8,0,0.0204228918069,30,24,0,6,60,0.213333333333
heterogeneous,79,Fixed local_reversal,0.95,0.935483870968,0.0666666666667,0.0333333333333,0.000684471677867,29,2,1,28,60,0.59
heterogeneous,79,Fixed unrelated,0.45,0.457142857143,0.633333333333,0.466666666667,0.0593682611605,16,19,14,11,60,0.49
heterogeneous,79,Uniform proxy,0.720833333333,,,,0.0206368658703,,,,,,0.3525
heterogeneous,79,Always ship,0.5,0.5,1,0,0.0416593101172,30,30,0,0,60,0.496666666667
heterogeneous,79,Never ship,0.5,,0,1,0.0603491090107,0,0,30,30,60,0.503333333333
heterogeneous,80,PROXIMA,0.933333333333,0.918918918919,0.12,0.0285714285714,0.00232593622392,34,3,1,22,60,0.106666666667
heterogeneous,80,Correlation,0.733333333333,0.686274509804,0.64,0,0.0139291398772,35,16,0,9,60,0.223333333333
heterogeneous,80,Decision only,0.95,0.970588235294,0.04,0.0571428571429,0.000727641839013,33,1,2,24,60,0.6
heterogeneous,80,Local only,0.933333333333,0.918918918919,0.12,0.0285714285714,0.00232593622392,34,3,1,22,60,0.106666666667
heterogeneous,80,Equal weights,0.933333333333,0.918918918919,0.12,0.0285714285714,0.00232593622392,34,3,1,22,60,0.106666666667
heterogeneous,80,No local component,0.95,0.970588235294,0.04,0.0571428571429,0.000727641839013,33,1,2,24,60,0.6
heterogeneous,80,Fixed faithful,0.933333333333,0.918918918919,0.12,0.0285714285714,0.00232593622392,34,3,1,22,60,0.106666666667
heterogeneous,80,Fixed offset,0.733333333333,0.686274509804,0.64,0,0.0139291398772,35,16,0,9,60,0.223333333333
heterogeneous,80,Fixed local_reversal,0.95,0.970588235294,0.04,0.0571428571429,0.000727641839013,33,1,2,24,60,0.6
heterogeneous,80,Fixed unrelated,0.45,0.529411764706,0.64,0.485714285714,0.0530076648857,18,16,17,9,60,0.536666666667
heterogeneous,80,Uniform proxy,0.766666666667,,,,0.0174975957064,,,,,,0.366666666667
heterogeneous,80,Always ship,0.583333333333,0.583333333333,1,0,0.0396407688699,35,25,0,0,60,0.476666666667
heterogeneous,80,Never ship,0.416666666667,,0,1,0.0611610935518,0,0,35,25,60,0.523333333333
heterogeneous,81,PROXIMA,0.816666666667,0.764705882353,0.258064516129,0.103448275862,0.00173054907618,26,8,3,23,60,0.09
heterogeneous,81,Correlation,0.566666666667,0.527272727273,0.838709677419,0,0.0222423579796,29,26,0,5,60,0.19
heterogeneous,81,Decision only,0.95,0.90625,0.0967741935484,0,0.000292310790003,29,3,0,28,60,0.633333333333
heterogeneous,81,Local only,0.816666666667,0.764705882353,0.258064516129,0.103448275862,0.00173054907618,26,8,3,23,60,0.09
heterogeneous,81,Equal weights,0.816666666667,0.764705882353,0.258064516129,0.103448275862,0.00173054907618,26,8,3,23,60,0.09
heterogeneous,81,No local component,0.95,0.90625,0.0967741935484,0,0.000292310790003,29,3,0,28,60,0.633333333333
heterogeneous,81,Fixed faithful,0.816666666667,0.764705882353,0.258064516129,0.103448275862,0.00173054907618,26,8,3,23,60,0.09
heterogeneous,81,Fixed offset,0.566666666667,0.527272727273,0.838709677419,0,0.0222423579796,29,26,0,5,60,0.19
heterogeneous,81,Fixed local_reversal,0.95,0.90625,0.0967741935484,0,0.000292310790003,29,3,0,28,60,0.633333333333
heterogeneous,81,Fixed unrelated,0.566666666667,0.56,0.354838709677,0.51724137931,0.0457520960881,14,11,15,20,60,0.533333333333
heterogeneous,81,Uniform proxy,0.725,,,,0.0175043284835,,,,,,0.361666666667
heterogeneous,81,Always ship,0.483333333333,0.483333333333,1,0,0.0339270403365,29,31,0,0,60,0.453333333333
heterogeneous,81,Never ship,0.516666666667,,0,1,0.0541649531776,0,0,29,31,60,0.546666666667
heterogeneous,82,PROXIMA,0.866666666667,0.875,0.142857142857,0.125,0.00177642258147,28,4,4,24,60,0.0933333333333
heterogeneous,82,Correlation,0.933333333333,0.911764705882,0.107142857143,0.03125,0.000637145977359,31,3,1,25,60,0.656666666667
heterogeneous,82,Decision only,0.933333333333,0.911764705882,0.107142857143,0.03125,0.000637145977359,31,3,1,25,60,0.656666666667
heterogeneous,82,Local only,0.866666666667,0.875,0.142857142857,0.125,0.00177642258147,28,4,4,24,60,0.0933333333333
heterogeneous,82,Equal weights,0.866666666667,0.875,0.142857142857,0.125,0.00177642258147,28,4,4,24,60,0.0933333333333
heterogeneous,82,No local component,0.933333333333,0.911764705882,0.107142857143,0.03125,0.000637145977359,31,3,1,25,60,0.656666666667
heterogeneous,82,Fixed faithful,0.866666666667,0.875,0.142857142857,0.125,0.00177642258147,28,4,4,24,60,0.0933333333333
heterogeneous,82,Fixed offset,0.683333333333,0.627450980392,0.678571428571,0,0.013052316043,32,19,0,9,60,0.196666666667
heterogeneous,82,Fixed local_reversal,0.933333333333,0.911764705882,0.107142857143,0.03125,0.000637145977359,31,3,1,25,60,0.656666666667
heterogeneous,82,Fixed unrelated,0.5,0.538461538462,0.428571428571,0.5625,0.0424863530122,14,12,18,16,60,0.493333333333
heterogeneous,82,Uniform proxy,0.745833333333,,,,0.0144880594035,,,,,,0.36
heterogeneous,82,Always ship,0.533333333333,0.533333333333,1,0,0.0411643446053,32,28,0,0,60,0.483333333333
heterogeneous,82,Never ship,0.466666666667,,0,1,0.0449531382815,0,0,32,28,60,0.516666666667
heterogeneous,83,PROXIMA,0.95,0.933333333333,0.0645161290323,0.0344827586207,0.00201923810598,28,2,1,29,60,0.123333333333
heterogeneous,83,Correlation,0.583333333333,0.537037037037,0.806451612903,0,0.0220279639224,29,25,0,6,60,0.21
heterogeneous,83,Decision only,0.95,0.964285714286,0.0322580645161,0.0689655172414,0.000625034462362,27,1,2,30,60,0.616666666667
heterogeneous,83,Local only,0.95,0.933333333333,0.0645161290323,0.0344827586207,0.00201923810598,28,2,1,29,60,0.123333333333
heterogeneous,83,Equal weights,0.95,0.933333333333,0.0645161290323,0.0344827586207,0.00201923810598,28,2,1,29,60,0.123333333333
heterogeneous,83,No local component,0.95,0.964285714286,0.0322580645161,0.0689655172414,0.000625034462362,27,1,2,30,60,0.616666666667
heterogeneous,83,Fixed faithful,0.95,0.933333333333,0.0645161290323,0.0344827586207,0.00201923810598,28,2,1,29,60,0.123333333333
heterogeneous,83,Fixed offset,0.583333333333,0.537037037037,0.806451612903,0,0.0220279639224,29,25,0,6,60,0.21
heterogeneous,83,Fixed local_reversal,0.95,0.964285714286,0.0322580645161,0.0689655172414,0.000625034462362,27,1,2,30,60,0.616666666667
heterogeneous,83,Fixed unrelated,0.566666666667,0.548387096774,0.451612903226,0.413793103448,0.0469208114733,17,14,12,17,60,0.523333333333
heterogeneous,83,Uniform proxy,0.7625,,,,0.017898261991,,,,,,0.368333333333
heterogeneous,83,Always ship,0.483333333333,0.483333333333,1,0,0.0431196538604,29,31,0,0,60,0.47
heterogeneous,83,Never ship,0.516666666667,,0,1,0.0475820679098,0,0,29,31,60,0.53
heterogeneous,84,PROXIMA,0.933333333333,0.928571428571,0.0625,0.0714285714286,0.00269772435828,26,2,2,30,60,0.123333333333
heterogeneous,84,Correlation,0.966666666667,0.933333333333,0.0625,0,0.000599658584474,28,2,0,30,60,0.573333333333
heterogeneous,84,Decision only,0.966666666667,0.933333333333,0.0625,0,0.000599658584474,28,2,0,30,60,0.573333333333
heterogeneous,84,Local only,0.933333333333,0.928571428571,0.0625,0.0714285714286,0.00269772435828,26,2,2,30,60,0.123333333333
heterogeneous,84,Equal weights,0.933333333333,0.928571428571,0.0625,0.0714285714286,0.00269772435828,26,2,2,30,60,0.123333333333
heterogeneous,84,No local component,0.966666666667,0.933333333333,0.0625,0,0.000599658584474,28,2,0,30,60,0.573333333333
heterogeneous,84,Fixed faithful,0.933333333333,0.928571428571,0.0625,0.0714285714286,0.00269772435828,26,2,2,30,60,0.123333333333
heterogeneous,84,Fixed offset,0.583333333333,0.528301886792,0.78125,0,0.025202428303,28,25,0,7,60,0.19
heterogeneous,84,Fixed local_reversal,0.966666666667,0.933333333333,0.0625,0,0.000599658584474,28,2,0,30,60,0.573333333333
heterogeneous,84,Fixed unrelated,0.516666666667,0.48275862069,0.46875,0.5,0.0605915815199,14,15,14,17,60,0.49
heterogeneous,84,Uniform proxy,0.75,,,,0.0222728481914,,,,,,0.344166666667
heterogeneous,84,Always ship,0.466666666667,0.466666666667,1,0,0.047772177832,28,32,0,0,60,0.466666666667
heterogeneous,84,Never ship,0.533333333333,,0,1,0.0587892706112,0,0,28,32,60,0.533333333333
heterogeneous,85,PROXIMA,0.9,0.911764705882,0.115384615385,0.0882352941176,0.00226384318247,31,3,3,23,60,0.116666666667
heterogeneous,85,Correlation,0.716666666667,0.666666666667,0.653846153846,0,0.0119791211801,34,17,0,9,60,0.18
heterogeneous,85,Decision only,0.9,0.888888888889,0.153846153846,0.0588235294118,0.00145495990612,32,4,2,22,60,0.62
heterogeneous,85,Local only,0.9,0.911764705882,0.115384615385,0.0882352941176,0.00226384318247,31,3,3,23,60,0.116666666667
heterogeneous,85,Equal weights,0.9,0.911764705882,0.115384615385,0.0882352941176,0.00226384318247,31,3,3,23,60,0.116666666667
heterogeneous,85,No local component,0.9,0.888888888889,0.153846153846,0.0588235294118,0.00145495990612,32,4,2,22,60,0.62
heterogeneous,85,Fixed faithful,0.9,0.911764705882,0.115384615385,0.0882352941176,0.00226384318247,31,3,3,23,60,0.116666666667
heterogeneous,85,Fixed offset,0.716666666667,0.666666666667,0.653846153846,0,0.0119791211801,34,17,0,9,60,0.18
heterogeneous,85,Fixed local_reversal,0.9,0.888888888889,0.153846153846,0.0588235294118,0.00145495990612,32,4,2,22,60,0.62
heterogeneous,85,Fixed unrelated,0.566666666667,0.633333333333,0.423076923077,0.441176470588,0.0523302061008,19,11,15,15,60,0.486666666667
heterogeneous,85,Uniform proxy,0.770833333333,,,,0.0170070325924,,,,,,0.350833333333
heterogeneous,85,Always ship,0.566666666667,0.566666666667,1,0,0.0449332378439,34,26,0,0,60,0.456666666667
heterogeneous,85,Never ship,0.433333333333,,0,1,0.0522088092295,0,0,34,26,60,0.543333333333
heterogeneous,86,PROXIMA,0.966666666667,0.935483870968,0.0645161290323,0,0.000325179843638,29,2,0,29,60,0.0866666666667
heterogeneous,86,Correlation,0.65,0.58,0.677419354839,0,0.0235828638954,29,21,0,10,60,0.196666666667
heterogeneous,86,Decision only,0.966666666667,0.935483870968,0.0645161290323,0,0.000325179843638,29,2,0,29,60,0.0866666666667
heterogeneous,86,Local only,0.966666666667,0.935483870968,0.0645161290323,0,0.000325179843638,29,2,0,29,60,0.0866666666667
heterogeneous,86,Equal weights,0.966666666667,0.935483870968,0.0645161290323,0,0.000325179843638,29,2,0,29,60,0.0866666666667
heterogeneous,86,No local component,0.966666666667,0.935483870968,0.0645161290323,0,0.000325179843638,29,2,0,29,60,0.0866666666667
heterogeneous,86,Fixed faithful,0.966666666667,0.935483870968,0.0645161290323,0,0.000325179843638,29,2,0,29,60,0.0866666666667
heterogeneous,86,Fixed offset,0.65,0.58,0.677419354839,0,0.0235828638954,29,21,0,10,60,0.196666666667
heterogeneous,86,Fixed local_reversal,1,1,0,0,0,29,0,0,31,60,0.593333333333
heterogeneous,86,Fixed unrelated,0.466666666667,0.451612903226,0.548387096774,0.51724137931,0.0595376295626,14,17,15,14,60,0.473333333333
heterogeneous,86,Uniform proxy,0.770833333333,,,,0.0208614183254,,,,,,0.3375
heterogeneous,86,Always ship,0.483333333333,0.483333333333,1,0,0.051559997031,29,31,0,0,60,0.496666666667
heterogeneous,86,Never ship,0.516666666667,,0,1,0.0526271410637,0,0,29,31,60,0.503333333333
heterogeneous,87,PROXIMA,0.9,0.903225806452,0.103448275862,0.0967741935484,0.00147175674508,28,3,3,26,60,0.0866666666667
heterogeneous,87,Correlation,0.616666666667,0.574074074074,0.793103448276,0,0.0236022369601,31,23,0,6,60,0.18
heterogeneous,87,Decision only,0.9,0.903225806452,0.103448275862,0.0967741935484,0.00147175674508,28,3,3,26,60,0.0866666666667
heterogeneous,87,Local only,0.9,0.903225806452,0.103448275862,0.0967741935484,0.00147175674508,28,3,3,26,60,0.0866666666667
heterogeneous,87,Equal weights,0.9,0.903225806452,0.103448275862,0.0967741935484,0.00147175674508,28,3,3,26,60,0.0866666666667
heterogeneous,87,No local component,0.9,0.903225806452,0.103448275862,0.0967741935484,0.00147175674508,28,3,3,26,60,0.0866666666667
heterogeneous,87,Fixed faithful,0.9,0.903225806452,0.103448275862,0.0967741935484,0.00147175674508,28,3,3,26,60,0.0866666666667
heterogeneous,87,Fixed offset,0.616666666667,0.574074074074,0.793103448276,0,0.0236022369601,31,23,0,6,60,0.18
heterogeneous,87,Fixed local_reversal,0.95,1,0,0.0967741935484,0.00046655006379,28,0,3,29,60,0.603333333333
heterogeneous,87,Fixed unrelated,0.566666666667,0.571428571429,0.51724137931,0.354838709677,0.0395982374105,20,15,11,14,60,0.55
heterogeneous,87,Uniform proxy,0.758333333333,,,,0.0162846952949,,,,,,0.355
heterogeneous,87,Always ship,0.516666666667,0.516666666667,1,0,0.0416851992177,31,29,0,0,60,0.48
heterogeneous,87,Never ship,0.483333333333,,0,1,0.0453611382159,0,0,31,29,60,0.52
heterogeneous,88,PROXIMA,0.9,0.969696969697,0.0434782608696,0.135135135135,0.00212254016705,32,1,5,22,60,0.113333333333
heterogeneous,88,Correlation,0.7,0.672727272727,0.782608695652,0,0.0161802678632,37,18,0,5,60,0.206666666667
heterogeneous,88,Decision only,0.933333333333,0.971428571429,0.0434782608696,0.0810810810811,0.000969153712662,34,1,3,22,60,0.666666666667
heterogeneous,88,Local only,0.9,0.969696969697,0.0434782608696,0.135135135135,0.00212254016705,32,1,5,22,60,0.113333333333
heterogeneous,88,Equal weights,0.9,0.969696969697,0.0434782608696,0.135135135135,0.00212254016705,32,1,5,22,60,0.113333333333
heterogeneous,88,No local component,0.933333333333,0.971428571429,0.0434782608696,0.0810810810811,0.000969153712662,34,1,3,22,60,0.666666666667
heterogeneous,88,Fixed faithful,0.9,0.969696969697,0.0434782608696,0.135135135135,0.00212254016705,32,1,5,22,60,0.113333333333
heterogeneous,88,Fixed offset,0.7,0.672727272727,0.782608695652,0,0.0161802678632,37,18,0,5,60,0.206666666667
heterogeneous,88,Fixed local_reversal,0.933333333333,0.971428571429,0.0434782608696,0.0810810810811,0.000969153712662,34,1,3,22,60,0.666666666667
heterogeneous,88,Fixed unrelated,0.583333333333,0.666666666667,0.521739130435,0.351351351351,0.0287672988481,24,12,13,11,60,0.49
heterogeneous,88,Uniform proxy,0.779166666667,,,,0.0120098151478,,,,,,0.369166666667
heterogeneous,88,Always ship,0.616666666667,0.616666666667,1,0,0.0313620871358,37,23,0,0,60,0.466666666667
heterogeneous,88,Never ship,0.383333333333,,0,1,0.0475633256987,0,0,37,23,60,0.533333333333
heterogeneous,89,PROXIMA,0.95,0.935483870968,0.0666666666667,0.0333333333333,0.000575110114253,29,2,1,28,60,0.07
heterogeneous,89,Correlation,0.65,0.588235294118,0.7,0,0.0222446368182,30,21,0,9,60,0.2
heterogeneous,89,Decision only,0.95,0.935483870968,0.0666666666667,0.0333333333333,0.000575110114253,29,2,1,28,60,0.07
heterogeneous,89,Local only,0.95,0.935483870968,0.0666666666667,0.0333333333333,0.000575110114253,29,2,1,28,60,0.07
heterogeneous,89,Equal weights,0.95,0.935483870968,0.0666666666667,0.0333333333333,0.000575110114253,29,2,1,28,60,0.07
heterogeneous,89,No local component,0.916666666667,0.903225806452,0.1,0.0666666666667,0.00129763465273,28,3,2,27,60,0.563333333333
heterogeneous,89,Fixed faithful,0.95,0.935483870968,0.0666666666667,0.0333333333333,0.000575110114253,29,2,1,28,60,0.07
heterogeneous,89,Fixed offset,0.65,0.588235294118,0.7,0,0.0222446368182,30,21,0,9,60,0.2
heterogeneous,89,Fixed local_reversal,0.916666666667,0.903225806452,0.1,0.0666666666667,0.00129763465273,28,3,2,27,60,0.563333333333
heterogeneous,89,Fixed unrelated,0.533333333333,0.53125,0.5,0.433333333333,0.0578367680677,17,15,13,15,60,0.54
heterogeneous,89,Uniform proxy,0.7625,,,,0.0204885374132,,,,,,0.343333333333
heterogeneous,89,Always ship,0.5,0.5,1,0,0.049970087166,30,30,0,0,60,0.506666666667
heterogeneous,89,Never ship,0.5,,0,1,0.0569053803363,0,0,30,30,60,0.493333333333
heterogeneous,90,PROXIMA,0.983333333333,1,0,0.0384615384615,0.000592554313665,25,0,1,34,60,0.15
heterogeneous,90,Correlation,0.6,0.52,0.705882352941,0,0.0299009425497,26,24,0,10,60,0.216666666667
heterogeneous,90,Decision only,0.983333333333,0.962962962963,0.0294117647059,0,0.000535480138483,26,1,0,33,60,0.566666666667
heterogeneous,90,Local only,0.983333333333,1,0,0.0384615384615,0.000592554313665,25,0,1,34,60,0.15
heterogeneous,90,Equal weights,0.983333333333,1,0,0.0384615384615,0.000592554313665,25,0,1,34,60,0.15
heterogeneous,90,No local component,0.983333333333,0.962962962963,0.0294117647059,0,0.000535480138483,26,1,0,33,60,0.566666666667
heterogeneous,90,Fixed faithful,0.983333333333,1,0,0.0384615384615,0.000592554313665,25,0,1,34,60,0.15
heterogeneous,90,Fixed offset,0.6,0.52,0.705882352941,0,0.0299009425497,26,24,0,10,60,0.216666666667
heterogeneous,90,Fixed local_reversal,0.983333333333,0.962962962963,0.0294117647059,0,0.000535480138483,26,1,0,33,60,0.566666666667
heterogeneous,90,Fixed unrelated,0.483333333333,0.413793103448,0.5,0.538461538462,0.0637518103262,12,17,14,17,60,0.476666666667
heterogeneous,90,Uniform proxy,0.7625,,,,0.023695196832,,,,,,0.3525
heterogeneous,90,Always ship,0.433333333333,0.433333333333,1,0,0.0633558492245,26,34,0,0,60,0.516666666667
heterogeneous,90,Never ship,0.566666666667,,0,1,0.0525241375026,0,0,26,34,60,0.483333333333
heterogeneous,91,PROXIMA,0.95,0.896551724138,0.0882352941176,0,0.00162512702584,26,3,0,31,60,0.0933333333333
heterogeneous,91,Correlation,0.6,0.52,0.705882352941,0,0.0244774235188,26,24,0,10,60,0.25
heterogeneous,91,Decision only,0.95,0.896551724138,0.0882352941176,0,0.00162512702584,26,3,0,31,60,0.0933333333333
heterogeneous,91,Local only,0.95,0.896551724138,0.0882352941176,0,0.00162512702584,26,3,0,31,60,0.0933333333333
heterogeneous,91,Equal weights,0.95,0.896551724138,0.0882352941176,0,0.00162512702584,26,3,0,31,60,0.0933333333333
heterogeneous,91,No local component,0.983333333333,0.962962962963,0.0294117647059,0,0.000275153802309,26,1,0,33,60,0.553333333333
heterogeneous,91,Fixed faithful,0.95,0.896551724138,0.0882352941176,0,0.00162512702584,26,3,0,31,60,0.0933333333333
heterogeneous,91,Fixed offset,0.6,0.52,0.705882352941,0,0.0244774235188,26,24,0,10,60,0.25
heterogeneous,91,Fixed local_reversal,0.983333333333,0.962962962963,0.0294117647059,0,0.000275153802309,26,1,0,33,60,0.553333333333
heterogeneous,91,Fixed unrelated,0.55,0.481481481481,0.411764705882,0.5,0.0431287491959,13,14,13,20,60,0.436666666667
heterogeneous,91,Uniform proxy,0.770833333333,,,,0.0173766133857,,,,,,0.333333333333
heterogeneous,91,Always ship,0.433333333333,0.433333333333,1,0,0.0541721471289,26,34,0,0,60,0.546666666667
heterogeneous,91,Never ship,0.566666666667,,0,1,0.0462959713618,0,0,26,34,60,0.453333333333
heterogeneous,92,PROXIMA,0.95,0.939393939394,0.0714285714286,0.03125,0.000566824821957,31,2,1,26,60,0.106666666667
heterogeneous,92,Correlation,0.983333333333,1,0,0.03125,0.000282704190585,31,0,1,28,60,0.583333333333
heterogeneous,92,Decision only,0.95,0.939393939394,0.0714285714286,0.03125,0.000566824821957,31,2,1,26,60,0.106666666667
heterogeneous,92,Local only,0.95,0.939393939394,0.0714285714286,0.03125,0.000566824821957,31,2,1,26,60,0.106666666667
heterogeneous,92,Equal weights,0.95,0.939393939394,0.0714285714286,0.03125,0.000566824821957,31,2,1,26,60,0.106666666667
heterogeneous,92,No local component,0.983333333333,1,0,0.03125,0.000282704190585,31,0,1,28,60,0.583333333333
heterogeneous,92,Fixed faithful,0.95,0.939393939394,0.0714285714286,0.03125,0.000566824821957,31,2,1,26,60,0.106666666667
heterogeneous,92,Fixed offset,0.683333333333,0.627450980392,0.678571428571,0,0.0187078019735,32,19,0,9,60,0.193333333333
heterogeneous,92,Fixed local_reversal,0.983333333333,1,0,0.03125,0.000282704190585,31,0,1,28,60,0.583333333333
heterogeneous,92,Fixed unrelated,0.416666666667,0.451612903226,0.607142857143,0.5625,0.053580291827,14,17,18,11,60,0.476666666667
heterogeneous,92,Uniform proxy,0.758333333333,,,,0.0182844057032,,,,,,0.34
heterogeneous,92,Always ship,0.533333333333,0.533333333333,1,0,0.0489210096337,32,28,0,0,60,0.483333333333
heterogeneous,92,Never ship,0.466666666667,,0,1,0.044673080722,0,0,32,28,60,0.516666666667
heterogeneous,93,PROXIMA,0.966666666667,0.933333333333,0.0625,0,0.000235905561601,28,2,0,30,60,0.113333333333
heterogeneous,93,Correlation,0.983333333333,0.965517241379,0.03125,0,0.000124755040403,28,1,0,31,60,0.56
heterogeneous,93,Decision only,0.983333333333,0.965517241379,0.03125,0,0.000124755040403,28,1,0,31,60,0.56
heterogeneous,93,Local only,0.966666666667,0.933333333333,0.0625,0,0.000235905561601,28,2,0,30,60,0.113333333333
heterogeneous,93,Equal weights,0.966666666667,0.933333333333,0.0625,0,0.000235905561601,28,2,0,30,60,0.113333333333
heterogeneous,93,No local component,0.983333333333,0.965517241379,0.03125,0,0.000124755040403,28,1,0,31,60,0.56
heterogeneous,93,Fixed faithful,0.966666666667,0.933333333333,0.0625,0,0.000235905561601,28,2,0,30,60,0.113333333333
heterogeneous,93,Fixed offset,0.716666666667,0.622222222222,0.53125,0,0.0182095541686,28,17,0,15,60,0.193333333333
heterogeneous,93,Fixed local_reversal,0.983333333333,0.965517241379,0.03125,0,0.000124755040403,28,1,0,31,60,0.56
heterogeneous,93,Fixed unrelated,0.55,0.515151515152,0.5,0.392857142857,0.0453107469058,17,16,11,16,60,0.51
heterogeneous,93,Uniform proxy,0.804166666667,,,,0.0159702404191,,,,,,0.344166666667
heterogeneous,93,Always ship,0.466666666667,0.466666666667,1,0,0.0597348276924,28,32,0,0,60,0.53
heterogeneous,93,Never ship,0.533333333333,,0,1,0.0452571782949,0,0,28,32,60,0.47
heterogeneous,94,PROXIMA,0.866666666667,0.884615384615,0.09375,0.178571428571,0.00234658979268,23,3,5,29,60,0.123333333333
heterogeneous,94,Correlation,0.95,0.962962962963,0.03125,0.0714285714286,0.000414301368476,26,1,2,31,60,0.576666666667
heterogeneous,94,Decision only,0.866666666667,0.884615384615,0.09375,0.178571428571,0.00234658979268,23,3,5,29,60,0.123333333333
heterogeneous,94,Local only,0.866666666667,0.884615384615,0.09375,0.178571428571,0.00234658979268,23,3,5,29,60,0.123333333333
heterogeneous,94,Equal weights,0.866666666667,0.884615384615,0.09375,0.178571428571,0.00234658979268,23,3,5,29,60,0.123333333333
heterogeneous,94,No local component,0.95,0.962962962963,0.03125,0.0714285714286,0.000414301368476,26,1,2,31,60,0.576666666667
heterogeneous,94,Fixed faithful,0.866666666667,0.884615384615,0.09375,0.178571428571,0.00234658979268,23,3,5,29,60,0.123333333333
heterogeneous,94,Fixed offset,0.666666666667,0.583333333333,0.625,0,0.0214126746379,28,20,0,12,60,0.25
heterogeneous,94,Fixed local_reversal,0.95,0.962962962963,0.03125,0.0714285714286,0.000414301368476,26,1,2,31,60,0.576666666667
heterogeneous,94,Fixed unrelated,0.533333333333,0.5,0.4375,0.5,0.0563051491916,14,14,14,18,60,0.463333333333
heterogeneous,94,Uniform proxy,0.754166666667,,,,0.0201196787477,,,,,,0.353333333333
heterogeneous,94,Always ship,0.466666666667,0.466666666667,1,0,0.0650213924814,28,32,0,0,60,0.553333333333
heterogeneous,94,Never ship,0.533333333333,,0,1,0.0408540985729,0,0,28,32,60,0.446666666667
heterogeneous,95,PROXIMA,0.933333333333,1,0,0.129032258065,0.000578216888039,27,0,4,29,60,0.0766666666667
heterogeneous,95,Correlation,0.7,0.632653061224,0.620689655172,0,0.0169403210056,31,18,0,11,60,0.27
heterogeneous,95,Decision only,0.933333333333,0.965517241379,0.0344827586207,0.0967741935484,0.000632923615238,28,1,3,28,60,0.676666666667
heterogeneous,95,Local only,0.933333333333,1,0,0.129032258065,0.000578216888039,27,0,4,29,60,0.0766666666667
heterogeneous,95,Equal weights,0.933333333333,1,0,0.129032258065,0.000578216888039,27,0,4,29,60,0.0766666666667
heterogeneous,95,No local component,0.933333333333,0.965517241379,0.0344827586207,0.0967741935484,0.000632923615238,28,1,3,28,60,0.676666666667
heterogeneous,95,Fixed faithful,0.933333333333,1,0,0.129032258065,0.000578216888039,27,0,4,29,60,0.0766666666667
heterogeneous,95,Fixed offset,0.7,0.632653061224,0.620689655172,0,0.0169403210056,31,18,0,11,60,0.27
heterogeneous,95,Fixed local_reversal,0.933333333333,0.965517241379,0.0344827586207,0.0967741935484,0.000632923615238,28,1,3,28,60,0.676666666667
heterogeneous,95,Fixed unrelated,0.5,0.51724137931,0.48275862069,0.516129032258,0.0457263212162,15,14,16,15,60,0.543333333333
heterogeneous,95,Uniform proxy,0.766666666667,,,,0.0159694456813,,,,,,0.391666666667
heterogeneous,95,Always ship,0.516666666667,0.516666666667,1,0,0.0465757693149,31,29,0,0,60,0.543333333333
heterogeneous,95,Never ship,0.483333333333,,0,1,0.0384544578701,0,0,31,29,60,0.456666666667
heterogeneous,96,PROXIMA,0.95,0.896551724138,0.0882352941176,0,0.000904402361959,26,3,0,31,60,0.0933333333333
heterogeneous,96,Correlation,0.566666666667,0.5,0.764705882353,0,0.0246357986521,26,26,0,8,60,0.203333333333
heterogeneous,96,Decision only,0.983333333333,0.962962962963,0.0294117647059,0,0.000288040177101,26,1,0,33,60,0.62
heterogeneous,96,Local only,0.95,0.896551724138,0.0882352941176,0,0.000904402361959,26,3,0,31,60,0.0933333333333
heterogeneous,96,Equal weights,0.95,0.896551724138,0.0882352941176,0,0.000904402361959,26,3,0,31,60,0.0933333333333
heterogeneous,96,No local component,0.983333333333,0.962962962963,0.0294117647059,0,0.000288040177101,26,1,0,33,60,0.62
heterogeneous,96,Fixed faithful,0.95,0.896551724138,0.0882352941176,0,0.000904402361959,26,3,0,31,60,0.0933333333333
heterogeneous,96,Fixed offset,0.566666666667,0.5,0.764705882353,0,0.0246357986521,26,26,0,8,60,0.203333333333
heterogeneous,96,Fixed local_reversal,0.983333333333,0.962962962963,0.0294117647059,0,0.000288040177101,26,1,0,33,60,0.62
heterogeneous,96,Fixed unrelated,0.45,0.37037037037,0.5,0.615384615385,0.0539700705495,10,17,16,17,60,0.513333333333
heterogeneous,96,Uniform proxy,0.7375,,,,0.0199495779352,,,,,,0.3575
heterogeneous,96,Always ship,0.433333333333,0.433333333333,1,0,0.0485311295062,26,34,0,0,60,0.486666666667
heterogeneous,96,Never ship,0.566666666667,,0,1,0.0527587621122,0,0,26,34,60,0.513333333333
heterogeneous,97,PROXIMA,0.883333333333,0.866666666667,0.129032258065,0.103448275862,0.00258628659974,26,4,3,27,60,0.116666666667
heterogeneous,97,Correlation,0.616666666667,0.557692307692,0.741935483871,0,0.0225933187234,29,23,0,8,60,0.236666666667
heterogeneous,97,Decision only,0.983333333333,1,0,0.0344827586207,2.41037762655e-05,28,0,1,31,60,0.673333333333
heterogeneous,97,Local only,0.883333333333,0.866666666667,0.129032258065,0.103448275862,0.00258628659974,26,4,3,27,60,0.116666666667
heterogeneous,97,Equal weights,0.883333333333,0.866666666667,0.129032258065,0.103448275862,0.00258628659974,26,4,3,27,60,0.116666666667
heterogeneous,97,No local component,0.983333333333,1,0,0.0344827586207,2.41037762655e-05,28,0,1,31,60,0.673333333333
heterogeneous,97,Fixed faithful,0.883333333333,0.866666666667,0.129032258065,0.103448275862,0.00258628659974,26,4,3,27,60,0.116666666667
heterogeneous,97,Fixed offset,0.616666666667,0.557692307692,0.741935483871,0,0.0225933187234,29,23,0,8,60,0.236666666667
heterogeneous,97,Fixed local_reversal,0.983333333333,1,0,0.0344827586207,2.41037762655e-05,28,0,1,31,60,0.673333333333
heterogeneous,97,Fixed unrelated,0.633333333333,0.64,0.290322580645,0.448275862069,0.0315799331093,16,9,13,22,60,0.523333333333
heterogeneous,97,Uniform proxy,0.779166666667,,,,0.0141959105522,,,,,,0.3875
heterogeneous,97,Always ship,0.483333333333,0.483333333333,1,0,0.0505473636322,29,31,0,0,60,0.52
heterogeneous,97,Never ship,0.516666666667,,0,1,0.0297089357271,0,0,29,31,60,0.48
heterogeneous,98,PROXIMA,0.883333333333,0.923076923077,0.0645161290323,0.172413793103,0.00167680979297,24,2,5,29,60,0.0966666666667
heterogeneous,98,Correlation,0.933333333333,0.962962962963,0.0322580645161,0.103448275862,0.00122112727565,26,1,3,30,60,0.653333333333
heterogeneous,98,Decision only,0.933333333333,0.962962962963,0.0322580645161,0.103448275862,0.00122112727565,26,1,3,30,60,0.653333333333
heterogeneous,98,Local only,0.883333333333,0.923076923077,0.0645161290323,0.172413793103,0.00167680979297,24,2,5,29,60,0.0966666666667
heterogeneous,98,Equal weights,0.883333333333,0.923076923077,0.0645161290323,0.172413793103,0.00167680979297,24,2,5,29,60,0.0966666666667
heterogeneous,98,No local component,0.933333333333,0.962962962963,0.0322580645161,0.103448275862,0.00122112727565,26,1,3,30,60,0.653333333333
heterogeneous,98,Fixed faithful,0.883333333333,0.923076923077,0.0645161290323,0.172413793103,0.00167680979297,24,2,5,29,60,0.0966666666667
heterogeneous,98,Fixed offset,0.6,0.547169811321,0.774193548387,0,0.0247675878235,29,24,0,7,60,0.21
heterogeneous,98,Fixed local_reversal,0.933333333333,0.962962962963,0.0322580645161,0.103448275862,0.00122112727565,26,1,3,30,60,0.653333333333
heterogeneous,98,Fixed unrelated,0.466666666667,0.448275862069,0.516129032258,0.551724137931,0.0442316842541,13,16,16,15,60,0.48
heterogeneous,98,Uniform proxy,0.720833333333,,,,0.0179743022866,,,,,,0.36
heterogeneous,98,Always ship,0.483333333333,0.483333333333,1,0,0.0461625570932,29,31,0,0,60,0.526666666667
heterogeneous,98,Never ship,0.516666666667,,0,1,0.0418903874706,0,0,29,31,60,0.473333333333
heterogeneous,99,PROXIMA,0.916666666667,0.918918918919,0.125,0.0555555555556,0.00370375361919,34,3,2,21,60,0.13
heterogeneous,99,Correlation,0.783333333333,0.734693877551,0.541666666667,0,0.0130265859422,36,13,0,11,60,0.193333333333
heterogeneous,99,Decision only,0.916666666667,0.918918918919,0.125,0.0555555555556,0.00370375361919,34,3,2,21,60,0.13
heterogeneous,99,Local only,0.916666666667,0.918918918919,0.125,0.0555555555556,0.00370375361919,34,3,2,21,60,0.13
heterogeneous,99,Equal weights,0.916666666667,0.918918918919,0.125,0.0555555555556,0.00370375361919,34,3,2,21,60,0.13
heterogeneous,99,No local component,0.983333333333,1,0,0.0277777777778,0.000357788096448,35,0,1,24,60,0.55
heterogeneous,99,Fixed faithful,0.916666666667,0.918918918919,0.125,0.0555555555556,0.00370375361919,34,3,2,21,60,0.13
heterogeneous,99,Fixed offset,0.783333333333,0.734693877551,0.541666666667,0,0.0130265859422,36,13,0,11,60,0.193333333333
heterogeneous,99,Fixed local_reversal,0.983333333333,1,0,0.0277777777778,0.000357788096448,35,0,1,24,60,0.55
heterogeneous,99,Fixed unrelated,0.433333333333,0.53125,0.625,0.527777777778,0.0585637594162,17,15,19,9,60,0.536666666667
heterogeneous,99,Uniform proxy,0.779166666667,,,,0.0189129717685,,,,,,0.3525
heterogeneous,99,Always ship,0.6,0.6,1,0,0.0436331836504,36,24,0,0,60,0.44
heterogeneous,99,Never ship,0.4,,0,1,0.0617868939972,0,0,36,24,60,0.56
noisy,0,PROXIMA,0.9,0.964285714286,0.0357142857143,0.15625,0.00271473821238,27,1,5,27,60,0.236666666667
noisy,0,Correlation,0.9,0.933333333333,0.0714285714286,0.125,0.00254755758889,28,2,4,26,60,0.37
noisy,0,Decision only,0.9,0.933333333333,0.0714285714286,0.125,0.00254755758889,28,2,4,26,60,0.37
noisy,0,Local only,0.9,0.964285714286,0.0357142857143,0.15625,0.00271473821238,27,1,5,27,60,0.236666666667
noisy,0,Equal weights,0.9,0.964285714286,0.0357142857143,0.15625,0.00271473821238,27,1,5,27,60,0.236666666667
noisy,0,No local component,0.9,0.933333333333,0.0714285714286,0.125,0.00254755758889,28,2,4,26,60,0.37
noisy,0,Fixed faithful,0.9,0.964285714286,0.0357142857143,0.15625,0.00271473821238,27,1,5,27,60,0.236666666667
noisy,0,Fixed offset,0.7,0.64,0.642857142857,0,0.0222331955751,32,18,0,10,60,0.33
noisy,0,Fixed local_reversal,0.9,0.933333333333,0.0714285714286,0.125,0.00254755758889,28,2,4,26,60,0.37
noisy,0,Fixed unrelated,0.566666666667,0.583333333333,0.535714285714,0.34375,0.0432925093272,21,15,11,13,60,0.486666666667
noisy,0,Uniform proxy,0.766666666667,,,,0.0176970001759,,,,,,0.355833333333
noisy,0,Always ship,0.533333333333,0.533333333333,1,0,0.05082830161,32,28,0,0,60,0.486666666667
noisy,0,Never ship,0.466666666667,,0,1,0.0557113625892,0,0,32,28,60,0.513333333333
noisy,1,PROXIMA,0.85,0.827586206897,0.15625,0.142857142857,0.00547375734233,24,5,4,27,60,0.266666666667
noisy,1,Correlation,0.916666666667,0.870967741935,0.125,0.0357142857143,0.00163713631409,27,4,1,28,60,0.4
noisy,1,Decision only,0.916666666667,0.870967741935,0.125,0.0357142857143,0.00163713631409,27,4,1,28,60,0.4
noisy,1,Local only,0.85,0.827586206897,0.15625,0.142857142857,0.00547375734233,24,5,4,27,60,0.266666666667
noisy,1,Equal weights,0.85,0.827586206897,0.15625,0.142857142857,0.00547375734233,24,5,4,27,60,0.266666666667
noisy,1,No local component,0.916666666667,0.870967741935,0.125,0.0357142857143,0.00163713631409,27,4,1,28,60,0.4
noisy,1,Fixed faithful,0.85,0.827586206897,0.15625,0.142857142857,0.00547375734233,24,5,4,27,60,0.266666666667
noisy,1,Fixed offset,0.616666666667,0.549019607843,0.71875,0,0.0235180837546,28,23,0,9,60,0.313333333333
noisy,1,Fixed local_reversal,0.916666666667,0.870967741935,0.125,0.0357142857143,0.00163713631409,27,4,1,28,60,0.4
noisy,1,Fixed unrelated,0.483333333333,0.434782608696,0.40625,0.642857142857,0.0541581175051,10,13,18,19,60,0.523333333333
noisy,1,Uniform proxy,0.716666666667,,,,0.021196773729,,,,,,0.375833333333
noisy,1,Always ship,0.466666666667,0.466666666667,1,0,0.052421014696,28,32,0,0,60,0.533333333333
noisy,1,Never ship,0.533333333333,,0,1,0.0485537760828,0,0,28,32,60,0.466666666667
noisy,2,PROXIMA,0.85,0.793103448276,0.176470588235,0.115384615385,0.00487773473358,23,6,3,28,60,0.243333333333
noisy,2,Correlation,0.6,0.52,0.705882352941,0,0.0273931891777,26,24,0,10,60,0.316666666667
noisy,2,Decision only,0.95,0.925925925926,0.0588235294118,0.0384615384615,0.000882022685776,25,2,1,32,60,0.336666666667
noisy,2,Local only,0.85,0.793103448276,0.176470588235,0.115384615385,0.00487773473358,23,6,3,28,60,0.243333333333
noisy,2,Equal weights,0.85,0.793103448276,0.176470588235,0.115384615385,0.00487773473358,23,6,3,28,60,0.243333333333
noisy,2,No local component,0.95,0.925925925926,0.0588235294118,0.0384615384615,0.000882022685776,25,2,1,32,60,0.336666666667
noisy,2,Fixed faithful,0.85,0.793103448276,0.176470588235,0.115384615385,0.00487773473358,23,6,3,28,60,0.243333333333
noisy,2,Fixed offset,0.6,0.52,0.705882352941,0,0.0273931891777,26,24,0,10,60,0.316666666667
noisy,2,Fixed local_reversal,0.95,0.925925925926,0.0588235294118,0.0384615384615,0.000882022685776,25,2,1,32,60,0.336666666667
noisy,2,Fixed unrelated,0.45,0.379310344828,0.529411764706,0.576923076923,0.0512407407345,11,18,15,16,60,0.48
noisy,2,Uniform proxy,0.7125,,,,0.0210984218329,,,,,,0.344166666667
noisy,2,Always ship,0.433333333333,0.433333333333,1,0,0.0583990294345,26,34,0,0,60,0.556666666667
noisy,2,Never ship,0.566666666667,,0,1,0.040793946047,0,0,26,34,60,0.443333333333
noisy,3,PROXIMA,0.816666666667,0.866666666667,0.148148148148,0.212121212121,0.0080273143994,26,4,7,23,60,0.236666666667
noisy,3,Correlation,0.716666666667,0.66,0.62962962963,0,0.0172876174515,33,17,0,10,60,0.263333333333
noisy,3,Decision only,0.816666666667,0.866666666667,0.148148148148,0.212121212121,0.0080273143994,26,4,7,23,60,0.236666666667
noisy,3,Local only,0.816666666667,0.866666666667,0.148148148148,0.212121212121,0.0080273143994,26,4,7,23,60,0.236666666667
noisy,3,Equal weights,0.816666666667,0.866666666667,0.148148148148,0.212121212121,0.0080273143994,26,4,7,23,60,0.236666666667
noisy,3,No local component,0.816666666667,0.866666666667,0.148148148148,0.212121212121,0.0080273143994,26,4,7,23,60,0.236666666667
noisy,3,Fixed faithful,0.816666666667,0.866666666667,0.148148148148,0.212121212121,0.0080273143994,26,4,7,23,60,0.236666666667
noisy,3,Fixed offset,0.716666666667,0.66,0.62962962963,0,0.0172876174515,33,17,0,10,60,0.263333333333
noisy,3,Fixed local_reversal,0.916666666667,0.911764705882,0.111111111111,0.0606060606061,0.00307124998795,31,3,2,24,60,0.39
noisy,3,Fixed unrelated,0.45,0.5,0.444444444444,0.636363636364,0.0639398703004,12,12,21,15,60,0.516666666667
noisy,3,Uniform proxy,0.725,,,,0.0230815130348,,,,,,0.351666666667
noisy,3,Always ship,0.55,0.55,1,0,0.04556099217,33,27,0,0,60,0.466666666667
noisy,3,Never ship,0.45,,0,1,0.0536756573875,0,0,33,27,60,0.533333333333
noisy,4,PROXIMA,0.816666666667,0.857142857143,0.137931034483,0.225806451613,0.00581463157555,24,4,7,25,60,0.226666666667
noisy,4,Correlation,0.716666666667,0.645833333333,0.586206896552,0,0.0204829174568,31,17,0,12,60,0.306666666667
noisy,4,Decision only,0.816666666667,0.857142857143,0.137931034483,0.225806451613,0.00581463157555,24,4,7,25,60,0.226666666667
noisy,4,Local only,0.816666666667,0.857142857143,0.137931034483,0.225806451613,0.00581463157555,24,4,7,25,60,0.226666666667
noisy,4,Equal weights,0.816666666667,0.857142857143,0.137931034483,0.225806451613,0.00581463157555,24,4,7,25,60,0.226666666667
noisy,4,No local component,0.816666666667,0.857142857143,0.137931034483,0.225806451613,0.00581463157555,24,4,7,25,60,0.226666666667
noisy,4,Fixed faithful,0.816666666667,0.857142857143,0.137931034483,0.225806451613,0.00581463157555,24,4,7,25,60,0.226666666667
noisy,4,Fixed offset,0.716666666667,0.645833333333,0.586206896552,0,0.0204829174568,31,17,0,12,60,0.306666666667
noisy,4,Fixed local_reversal,0.833333333333,0.92,0.0689655172414,0.258064516129,0.00330924507982,23,2,8,27,60,0.36
noisy,4,Fixed unrelated,0.566666666667,0.58064516129,0.448275862069,0.41935483871,0.0415820919887,18,13,13,16,60,0.473333333333
noisy,4,Uniform proxy,0.733333333333,,,,0.0177972215252,,,,,,0.341666666667
noisy,4,Always ship,0.516666666667,0.516666666667,1,0,0.0497948774375,31,29,0,0,60,0.503333333333
noisy,4,Never ship,0.483333333333,,0,1,0.0491978293314,0,0,31,29,60,0.496666666667
noisy,5,PROXIMA,0.883333333333,0.896551724138,0.1,0.133333333333,0.00407835311257,26,3,4,27,60,0.453333333333
noisy,5,Correlation,0.883333333333,0.896551724138,0.1,0.133333333333,0.00407835311257,26,3,4,27,60,0.453333333333
noisy,5,Decision only,0.883333333333,0.896551724138,0.1,0.133333333333,0.00407835311257,26,3,4,27,60,0.453333333333
noisy,5,Local only,0.9,0.9,0.1,0.1,0.00312977731779,27,3,3,27,60,0.223333333333
noisy,5,Equal weights,0.9,0.9,0.1,0.1,0.00312977731779,27,3,3,27,60,0.223333333333
noisy,5,No local component,0.883333333333,0.896551724138,0.1,0.133333333333,0.00407835311257,26,3,4,27,60,0.453333333333
noisy,5,Fixed faithful,0.9,0.9,0.1,0.1,0.00312977731779,27,3,3,27,60,0.223333333333
noisy,5,Fixed offset,0.716666666667,0.63829787234,0.566666666667,0,0.0107519484891,30,17,0,13,60,0.283333333333
noisy,5,Fixed local_reversal,0.883333333333,0.896551724138,0.1,0.133333333333,0.00407835311257,26,3,4,27,60,0.453333333333
noisy,5,Fixed unrelated,0.45,0.459459459459,0.666666666667,0.433333333333,0.0510928773564,17,20,13,10,60,0.473333333333
noisy,5,Uniform proxy,0.7375,,,,0.017263239069,,,,,,0.358333333333
noisy,5,Always ship,0.5,0.5,1,0,0.0465774727505,30,30,0,0,60,0.496666666667
noisy,5,Never ship,0.5,,0,1,0.0494303937304,0,0,30,30,60,0.503333333333
noisy,6,PROXIMA,0.883333333333,0.870967741935,0.133333333333,0.1,0.00535930966909,27,4,3,26,60,0.346666666667
noisy,6,Correlation,0.883333333333,0.870967741935,0.133333333333,0.1,0.00535930966909,27,4,3,26,60,0.346666666667
noisy,6,Decision only,0.883333333333,0.870967741935,0.133333333333,0.1,0.00535930966909,27,4,3,26,60,0.346666666667
noisy,6,Local only,0.85,0.838709677419,0.166666666667,0.133333333333,0.00808117851352,26,5,4,25,60,0.22
noisy,6,Equal weights,0.883333333333,0.870967741935,0.133333333333,0.1,0.00535930966909,27,4,3,26,60,0.346666666667
noisy,6,No local component,0.883333333333,0.870967741935,0.133333333333,0.1,0.00535930966909,27,4,3,26,60,0.346666666667
noisy,6,Fixed faithful,0.85,0.838709677419,0.166666666667,0.133333333333,0.00808117851352,26,5,4,25,60,0.22
noisy,6,Fixed offset,0.716666666667,0.63829787234,0.566666666667,0,0.0193489454082,30,17,0,13,60,0.286666666667
noisy,6,Fixed local_reversal,0.883333333333,0.870967741935,0.133333333333,0.1,0.00535930966909,27,4,3,26,60,0.346666666667
noisy,6,Fixed unrelated,0.516666666667,0.515151515152,0.533333333333,0.433333333333,0.0516342128457,17,16,13,14,60,0.443333333333
noisy,6,Uniform proxy,0.741666666667,,,,0.0211059116091,,,,,,0.324166666667
noisy,6,Always ship,0.5,0.5,1,0,0.0617185590378,30,30,0,0,60,0.526666666667
noisy,6,Never ship,0.5,,0,1,0.0496757115719,0,0,30,30,60,0.473333333333
noisy,7,PROXIMA,0.866666666667,0.928571428571,0.0714285714286,0.1875,0.00512161071942,26,2,6,26,60,0.213333333333
noisy,7,Correlation,0.95,1,0,0.09375,0.00202285186163,29,0,3,28,60,0.35
noisy,7,Decision only,0.866666666667,0.928571428571,0.0714285714286,0.1875,0.00512161071942,26,2,6,26,60,0.213333333333
noisy,7,Local only,0.866666666667,0.928571428571,0.0714285714286,0.1875,0.00512161071942,26,2,6,26,60,0.213333333333
noisy,7,Equal weights,0.866666666667,0.928571428571,0.0714285714286,0.1875,0.00512161071942,26,2,6,26,60,0.213333333333
noisy,7,No local component,0.95,1,0,0.09375,0.00202285186163,29,0,3,28,60,0.35
noisy,7,Fixed faithful,0.866666666667,0.928571428571,0.0714285714286,0.1875,0.00512161071942,26,2,6,26,60,0.213333333333
noisy,7,Fixed offset,0.766666666667,0.704545454545,0.464285714286,0.03125,0.0110326818796,31,13,1,15,60,0.236666666667
noisy,7,Fixed local_reversal,0.95,1,0,0.09375,0.00202285186163,29,0,3,28,60,0.35
noisy,7,Fixed unrelated,0.483333333333,0.515151515152,0.571428571429,0.46875,0.0513937723854,17,16,15,12,60,0.49
noisy,7,Uniform proxy,0.766666666667,,,,0.0173927292115,,,,,,0.3225
noisy,7,Always ship,0.533333333333,0.533333333333,1,0,0.0518018691246,32,28,0,0,60,0.473333333333
noisy,7,Never ship,0.466666666667,,0,1,0.0514508781887,0,0,32,28,60,0.526666666667
noisy,8,PROXIMA,0.866666666667,0.896551724138,0.103448275862,0.161290322581,0.00672808912259,26,3,5,26,60,0.203333333333
noisy,8,Correlation,0.816666666667,0.884615384615,0.103448275862,0.258064516129,0.00657539693084,23,3,8,26,60,0.396666666667
noisy,8,Decision only,0.816666666667,0.884615384615,0.103448275862,0.258064516129,0.00657539693084,23,3,8,26,60,0.396666666667
noisy,8,Local only,0.866666666667,0.896551724138,0.103448275862,0.161290322581,0.00672808912259,26,3,5,26,60,0.203333333333
noisy,8,Equal weights,0.866666666667,0.896551724138,0.103448275862,0.161290322581,0.00672808912259,26,3,5,26,60,0.203333333333
noisy,8,No local component,0.816666666667,0.884615384615,0.103448275862,0.258064516129,0.00657539693084,23,3,8,26,60,0.396666666667
noisy,8,Fixed faithful,0.866666666667,0.896551724138,0.103448275862,0.161290322581,0.00672808912259,26,3,5,26,60,0.203333333333
noisy,8,Fixed offset,0.633333333333,0.584905660377,0.758620689655,0,0.0224564837436,31,22,0,7,60,0.253333333333
noisy,8,Fixed local_reversal,0.816666666667,0.884615384615,0.103448275862,0.258064516129,0.00657539693084,23,3,8,26,60,0.396666666667
noisy,8,Fixed unrelated,0.55,0.555555555556,0.551724137931,0.354838709677,0.0424464677971,20,16,11,13,60,0.483333333333
noisy,8,Uniform proxy,0.716666666667,,,,0.0195516093985,,,,,,0.334166666667
noisy,8,Always ship,0.516666666667,0.516666666667,1,0,0.0422722224902,31,29,0,0,60,0.466666666667
noisy,8,Never ship,0.483333333333,,0,1,0.0461792638485,0,0,31,29,60,0.533333333333
noisy,9,PROXIMA,0.9,0.878787878788,0.137931034483,0.0645161290323,0.00438598488914,29,4,2,25,60,0.343333333333
noisy,9,Correlation,0.9,0.878787878788,0.137931034483,0.0645161290323,0.00438598488914,29,4,2,25,60,0.343333333333
noisy,9,Decision only,0.9,0.878787878788,0.137931034483,0.0645161290323,0.00438598488914,29,4,2,25,60,0.343333333333
noisy,9,Local only,0.9,0.903225806452,0.103448275862,0.0967741935484,0.00436397826077,28,3,3,26,60,0.223333333333
noisy,9,Equal weights,0.9,0.903225806452,0.103448275862,0.0967741935484,0.00436397826077,28,3,3,26,60,0.223333333333
noisy,9,No local component,0.9,0.878787878788,0.137931034483,0.0645161290323,0.00438598488914,29,4,2,25,60,0.343333333333
noisy,9,Fixed faithful,0.9,0.903225806452,0.103448275862,0.0967741935484,0.00436397826077,28,3,3,26,60,0.223333333333
noisy,9,Fixed offset,0.75,0.673913043478,0.51724137931,0,0.0138180266005,31,15,0,14,60,0.296666666667
noisy,9,Fixed local_reversal,0.9,0.878787878788,0.137931034483,0.0645161290323,0.00438598488914,29,4,2,25,60,0.343333333333
noisy,9,Fixed unrelated,0.483333333333,0.5,0.48275862069,0.548387096774,0.0539984760818,14,14,17,15,60,0.496666666667
noisy,9,Uniform proxy,0.758333333333,,,,0.019141616458,,,,,,0.34
noisy,9,Always ship,0.516666666667,0.516666666667,1,0,0.0508677808159,31,29,0,0,60,0.516666666667
noisy,9,Never ship,0.483333333333,,0,1,0.0490403085976,0,0,31,29,60,0.483333333333
noisy,10,PROXIMA,0.816666666667,0.75,0.242424242424,0.111111111111,0.00947273859625,24,8,3,25,60,0.266666666667
noisy,10,Correlation,0.816666666667,0.75,0.242424242424,0.111111111111,0.00947273859625,24,8,3,25,60,0.266666666667
noisy,10,Decision only,0.816666666667,0.75,0.242424242424,0.111111111111,0.00947273859625,24,8,3,25,60,0.266666666667
noisy,10,Local only,0.816666666667,0.75,0.242424242424,0.111111111111,0.00947273859625,24,8,3,25,60,0.266666666667
noisy,10,Equal weights,0.816666666667,0.75,0.242424242424,0.111111111111,0.00947273859625,24,8,3,25,60,0.266666666667
noisy,10,No local component,0.816666666667,0.75,0.242424242424,0.111111111111,0.00947273859625,24,8,3,25,60,0.266666666667
noisy,10,Fixed faithful,0.816666666667,0.75,0.242424242424,0.111111111111,0.00947273859625,24,8,3,25,60,0.266666666667
noisy,10,Fixed offset,0.7,0.6,0.545454545455,0,0.0167073308383,27,18,0,15,60,0.323333333333
noisy,10,Fixed local_reversal,0.833333333333,0.84,0.121212121212,0.222222222222,0.00902364158555,21,4,6,29,60,0.393333333333
noisy,10,Fixed unrelated,0.383333333333,0.368421052632,0.727272727273,0.481481481481,0.0576954431914,14,24,13,9,60,0.486666666667
noisy,10,Uniform proxy,0.683333333333,,,,0.0232247885529,,,,,,0.3675
noisy,10,Always ship,0.45,0.45,1,0,0.0507938747603,27,33,0,0,60,0.533333333333
noisy,10,Never ship,0.55,,0,1,0.0409522979304,0,0,27,33,60,0.466666666667
noisy,11,PROXIMA,0.8,0.678571428571,0.236842105263,0.136363636364,0.00615336564321,19,9,3,29,60,0.236666666667
noisy,11,Correlation,0.883333333333,0.8,0.131578947368,0.0909090909091,0.00272618656936,20,5,2,33,60,0.436666666667
noisy,11,Decision only,0.8,0.678571428571,0.236842105263,0.136363636364,0.00615336564321,19,9,3,29,60,0.236666666667
noisy,11,Local only,0.8,0.678571428571,0.236842105263,0.136363636364,0.00615336564321,19,9,3,29,60,0.236666666667
noisy,11,Equal weights,0.8,0.678571428571,0.236842105263,0.136363636364,0.00615336564321,19,9,3,29,60,0.236666666667
noisy,11,No local component,0.8,0.678571428571,0.236842105263,0.136363636364,0.00615336564321,19,9,3,29,60,0.236666666667
noisy,11,Fixed faithful,0.8,0.678571428571,0.236842105263,0.136363636364,0.00615336564321,19,9,3,29,60,0.236666666667
noisy,11,Fixed offset,0.616666666667,0.488888888889,0.605263157895,0,0.016151394439,22,23,0,15,60,0.313333333333
noisy,11,Fixed local_reversal,0.883333333333,0.8,0.131578947368,0.0909090909091,0.00272618656936,20,5,2,33,60,0.436666666667
noisy,11,Fixed unrelated,0.55,0.41935483871,0.473684210526,0.409090909091,0.0400949007089,13,18,9,20,60,0.406666666667
noisy,11,Uniform proxy,0.7125,,,,0.0162814618401,,,,,,0.348333333333
noisy,11,Always ship,0.366666666667,0.366666666667,1,0,0.061185365811,22,38,0,0,60,0.57
noisy,11,Never ship,0.633333333333,,0,1,0.0327203894204,0,0,22,38,60,0.43
noisy,12,PROXIMA,0.766666666667,0.714285714286,0.235294117647,0.230769230769,0.0121094932127,20,8,6,26,60,0.43
noisy,12,Correlation,0.583333333333,0.509803921569,0.735294117647,0,0.0255193163705,26,25,0,9,60,0.313333333333
noisy,12,Decision only,0.766666666667,0.714285714286,0.235294117647,0.230769230769,0.0121094932127,20,8,6,26,60,0.43
noisy,12,Local only,0.916666666667,0.888888888889,0.0882352941176,0.0769230769231,0.00467084496678,24,3,2,31,60,0.26
noisy,12,Equal weights,0.766666666667,0.714285714286,0.235294117647,0.230769230769,0.0121094932127,20,8,6,26,60,0.43
noisy,12,No local component,0.766666666667,0.714285714286,0.235294117647,0.230769230769,0.0121094932127,20,8,6,26,60,0.43
noisy,12,Fixed faithful,0.916666666667,0.888888888889,0.0882352941176,0.0769230769231,0.00467084496678,24,3,2,31,60,0.26
noisy,12,Fixed offset,0.583333333333,0.509803921569,0.735294117647,0,0.0255193163705,26,25,0,9,60,0.313333333333
noisy,12,Fixed local_reversal,0.766666666667,0.714285714286,0.235294117647,0.230769230769,0.0121094932127,20,8,6,26,60,0.43
noisy,12,Fixed unrelated,0.516666666667,0.451612903226,0.5,0.461538461538,0.0410939370764,14,17,12,17,60,0.493333333333
noisy,12,Uniform proxy,0.695833333333,,,,0.0208483979066,,,,,,0.374166666667
noisy,12,Always ship,0.433333333333,0.433333333333,1,0,0.0506699598074,26,34,0,0,60,0.513333333333
noisy,12,Never ship,0.566666666667,,0,1,0.0374393158122,0,0,26,34,60,0.486666666667
noisy,13,PROXIMA,0.85,0.862068965517,0.133333333333,0.166666666667,0.00596160808312,25,4,5,26,60,0.27
noisy,13,Correlation,0.866666666667,0.892857142857,0.1,0.166666666667,0.00292591907786,25,3,5,27,60,0.456666666667
noisy,13,Decision only,0.85,0.862068965517,0.133333333333,0.166666666667,0.00596160808312,25,4,5,26,60,0.27
noisy,13,Local only,0.85,0.862068965517,0.133333333333,0.166666666667,0.00596160808312,25,4,5,26,60,0.27
noisy,13,Equal weights,0.85,0.862068965517,0.133333333333,0.166666666667,0.00596160808312,25,4,5,26,60,0.27
noisy,13,No local component,0.85,0.862068965517,0.133333333333,0.166666666667,0.00596160808312,25,4,5,26,60,0.27
noisy,13,Fixed faithful,0.85,0.862068965517,0.133333333333,0.166666666667,0.00596160808312,25,4,5,26,60,0.27
noisy,13,Fixed offset,0.65,0.588235294118,0.7,0,0.0152546567141,30,21,0,9,60,0.273333333333
noisy,13,Fixed local_reversal,0.866666666667,0.892857142857,0.1,0.166666666667,0.00292591907786,25,3,5,27,60,0.456666666667
noisy,13,Fixed unrelated,0.566666666667,0.571428571429,0.4,0.466666666667,0.0468686012758,16,12,14,18,60,0.483333333333
noisy,13,Uniform proxy,0.733333333333,,,,0.0177526962877,,,,,,0.370833333333
noisy,13,Always ship,0.5,0.5,1,0,0.0440442800967,30,30,0,0,60,0.476666666667
noisy,13,Never ship,0.5,,0,1,0.0496699287747,0,0,30,30,60,0.523333333333
noisy,14,PROXIMA,0.866666666667,0.777777777778,0.162162162162,0.0869565217391,0.00691298856791,21,6,2,31,60,0.25
noisy,14,Correlation,0.866666666667,0.777777777778,0.162162162162,0.0869565217391,0.00691298856791,21,6,2,31,60,0.25
noisy,14,Decision only,0.866666666667,0.777777777778,0.162162162162,0.0869565217391,0.00691298856791,21,6,2,31,60,0.25
noisy,14,Local only,0.6,0.489361702128,0.648648648649,0,0.0254398862896,23,24,0,13,60,0.336666666667
noisy,14,Equal weights,0.866666666667,0.777777777778,0.162162162162,0.0869565217391,0.00691298856791,21,6,2,31,60,0.25
noisy,14,No local component,0.866666666667,0.777777777778,0.162162162162,0.0869565217391,0.00691298856791,21,6,2,31,60,0.25
noisy,14,Fixed faithful,0.866666666667,0.777777777778,0.162162162162,0.0869565217391,0.00691298856791,21,6,2,31,60,0.25
noisy,14,Fixed offset,0.6,0.489361702128,0.648648648649,0,0.0254398862896,23,24,0,13,60,0.336666666667
noisy,14,Fixed local_reversal,0.933333333333,0.851851851852,0.108108108108,0,0.00222284863967,23,4,0,33,60,0.37
noisy,14,Fixed unrelated,0.5,0.37037037037,0.459459459459,0.565217391304,0.047886612272,10,17,13,20,60,0.463333333333
noisy,14,Uniform proxy,0.725,,,,0.0206155839423,,,,,,0.355
noisy,14,Always ship,0.383333333333,0.383333333333,1,0,0.0623418907021,23,37,0,0,60,0.61
noisy,14,Never ship,0.616666666667,,0,1,0.0405013716133,0,0,23,37,60,0.39
noisy,15,PROXIMA,0.816666666667,0.833333333333,0.172413793103,0.193548387097,0.00586259975028,25,5,6,24,60,0.243333333333
noisy,15,Correlation,0.716666666667,0.645833333333,0.586206896552,0,0.0175028142531,31,17,0,12,60,0.303333333333
noisy,15,Decision only,0.833333333333,0.838709677419,0.172413793103,0.161290322581,0.00315420694311,26,5,5,24,60,0.366666666667
noisy,15,Local only,0.816666666667,0.833333333333,0.172413793103,0.193548387097,0.00586259975028,25,5,6,24,60,0.243333333333
noisy,15,Equal weights,0.816666666667,0.833333333333,0.172413793103,0.193548387097,0.00586259975028,25,5,6,24,60,0.243333333333
noisy,15,No local component,0.833333333333,0.838709677419,0.172413793103,0.161290322581,0.00315420694311,26,5,5,24,60,0.366666666667
noisy,15,Fixed faithful,0.816666666667,0.833333333333,0.172413793103,0.193548387097,0.00586259975028,25,5,6,24,60,0.243333333333
noisy,15,Fixed offset,0.716666666667,0.645833333333,0.586206896552,0,0.0175028142531,31,17,0,12,60,0.303333333333
noisy,15,Fixed local_reversal,0.833333333333,0.838709677419,0.172413793103,0.161290322581,0.00315420694311,26,5,5,24,60,0.366666666667
noisy,15,Fixed unrelated,0.45,0.458333333333,0.448275862069,0.645161290323,0.0475617246736,11,13,20,16,60,0.483333333333
noisy,15,Uniform proxy,0.704166666667,,,,0.018520336405,,,,,,0.349166666667
noisy,15,Always ship,0.516666666667,0.516666666667,1,0,0.0549556886788,31,29,0,0,60,0.526666666667
noisy,15,Never ship,0.483333333333,,0,1,0.044838801824,0,0,31,29,60,0.473333333333
noisy,16,PROXIMA,0.8,0.78125,0.233333333333,0.166666666667,0.0102690925351,25,7,5,23,60,0.41
noisy,16,Correlation,0.8,0.78125,0.233333333333,0.166666666667,0.0102690925351,25,7,5,23,60,0.41
noisy,16,Decision only,0.8,0.78125,0.233333333333,0.166666666667,0.0102690925351,25,7,5,23,60,0.41
noisy,16,Local only,0.916666666667,0.903225806452,0.1,0.0666666666667,0.00360776525199,28,3,2,27,60,0.2
noisy,16,Equal weights,0.916666666667,0.903225806452,0.1,0.0666666666667,0.00360776525199,28,3,2,27,60,0.2
noisy,16,No local component,0.8,0.78125,0.233333333333,0.166666666667,0.0102690925351,25,7,5,23,60,0.41
noisy,16,Fixed faithful,0.916666666667,0.903225806452,0.1,0.0666666666667,0.00360776525199,28,3,2,27,60,0.2
noisy,16,Fixed offset,0.716666666667,0.63829787234,0.566666666667,0,0.0205016071432,30,17,0,13,60,0.283333333333
noisy,16,Fixed local_reversal,0.8,0.78125,0.233333333333,0.166666666667,0.0102690925351,25,7,5,23,60,0.41
noisy,16,Fixed unrelated,0.466666666667,0.472222222222,0.633333333333,0.433333333333,0.0530834792207,17,19,13,11,60,0.513333333333
noisy,16,Uniform proxy,0.725,,,,0.0218654860378,,,,,,0.351666666667
noisy,16,Always ship,0.5,0.5,1,0,0.0555469792873,30,30,0,0,60,0.52
noisy,16,Never ship,0.5,,0,1,0.0461450959492,0,0,30,30,60,0.48
noisy,17,PROXIMA,0.833333333333,0.857142857143,0.133333333333,0.2,0.00419289083567,24,4,6,26,60,0.196666666667
noisy,17,Correlation,0.616666666667,0.566037735849,0.766666666667,0,0.0201119307078,30,23,0,7,60,0.296666666667
noisy,17,Decision only,0.9,0.9,0.1,0.1,0.00315847226726,27,3,3,27,60,0.416666666667
noisy,17,Local only,0.833333333333,0.857142857143,0.133333333333,0.2,0.00419289083567,24,4,6,26,60,0.196666666667
noisy,17,Equal weights,0.833333333333,0.857142857143,0.133333333333,0.2,0.00419289083567,24,4,6,26,60,0.196666666667
noisy,17,No local component,0.9,0.9,0.1,0.1,0.00315847226726,27,3,3,27,60,0.416666666667
noisy,17,Fixed faithful,0.833333333333,0.857142857143,0.133333333333,0.2,0.00419289083567,24,4,6,26,60,0.196666666667
noisy,17,Fixed offset,0.616666666667,0.566037735849,0.766666666667,0,0.0201119307078,30,23,0,7,60,0.296666666667
noisy,17,Fixed local_reversal,0.9,0.9,0.1,0.1,0.00315847226726,27,3,3,27,60,0.416666666667
noisy,17,Fixed unrelated,0.566666666667,0.566666666667,0.433333333333,0.433333333333,0.0359431184655,17,13,13,17,60,0.48
noisy,17,Uniform proxy,0.729166666667,,,,0.0158516030691,,,,,,0.3475
noisy,17,Always ship,0.5,0.5,1,0,0.0422544239534,30,30,0,0,60,0.483333333333
noisy,17,Never ship,0.5,,0,1,0.0492008119028,0,0,30,30,60,0.516666666667
noisy,18,PROXIMA,0.833333333333,0.84375,0.178571428571,0.15625,0.0079800023102,27,5,5,23,60,0.376666666667
noisy,18,Correlation,0.833333333333,0.84375,0.178571428571,0.15625,0.0079800023102,27,5,5,23,60,0.376666666667
noisy,18,Decision only,0.833333333333,0.84375,0.178571428571,0.15625,0.0079800023102,27,5,5,23,60,0.376666666667
noisy,18,Local only,0.816666666667,0.818181818182,0.214285714286,0.15625,0.00450525809531,27,6,5,22,60,0.243333333333
noisy,18,Equal weights,0.833333333333,0.84375,0.178571428571,0.15625,0.0079800023102,27,5,5,23,60,0.376666666667
noisy,18,No local component,0.833333333333,0.84375,0.178571428571,0.15625,0.0079800023102,27,5,5,23,60,0.376666666667
noisy,18,Fixed faithful,0.816666666667,0.818181818182,0.214285714286,0.15625,0.00450525809531,27,6,5,22,60,0.243333333333
noisy,18,Fixed offset,0.683333333333,0.627450980392,0.678571428571,0,0.0154619554179,32,19,0,9,60,0.276666666667
noisy,18,Fixed local_reversal,0.833333333333,0.84375,0.178571428571,0.15625,0.0079800023102,27,5,5,23,60,0.376666666667
noisy,18,Fixed unrelated,0.516666666667,0.548387096774,0.5,0.46875,0.0367477696003,17,14,15,14,60,0.496666666667
noisy,18,Uniform proxy,0.7125,,,,0.0161737463559,,,,,,0.348333333333
noisy,18,Always ship,0.533333333333,0.533333333333,1,0,0.0340531001977,32,28,0,0,60,0.45
noisy,18,Never ship,0.466666666667,,0,1,0.0481267261852,0,0,32,28,60,0.55
noisy,19,PROXIMA,0.816666666667,0.787878787879,0.233333333333,0.133333333333,0.00739312155657,26,7,4,23,60,0.223333333333
noisy,19,Correlation,0.683333333333,0.612244897959,0.633333333333,0,0.0155325364044,30,19,0,11,60,0.25
noisy,19,Decision only,0.866666666667,0.84375,0.166666666667,0.1,0.0040295962512,27,5,3,25,60,0.43
noisy,19,Local only,0.816666666667,0.787878787879,0.233333333333,0.133333333333,0.00739312155657,26,7,4,23,60,0.223333333333
noisy,19,Equal weights,0.816666666667,0.787878787879,0.233333333333,0.133333333333,0.00739312155657,26,7,4,23,60,0.223333333333
noisy,19,No local component,0.866666666667,0.84375,0.166666666667,0.1,0.0040295962512,27,5,3,25,60,0.43
noisy,19,Fixed faithful,0.816666666667,0.787878787879,0.233333333333,0.133333333333,0.00739312155657,26,7,4,23,60,0.223333333333
noisy,19,Fixed offset,0.683333333333,0.612244897959,0.633333333333,0,0.0155325364044,30,19,0,11,60,0.25
noisy,19,Fixed local_reversal,0.866666666667,0.84375,0.166666666667,0.1,0.0040295962512,27,5,3,25,60,0.43
noisy,19,Fixed unrelated,0.666666666667,0.65625,0.366666666667,0.3,0.0283987213475,21,11,9,19,60,0.44
noisy,19,Uniform proxy,0.758333333333,,,,0.0138384938899,,,,,,0.335833333333
noisy,19,Always ship,0.5,0.5,1,0,0.0420947606326,30,30,0,0,60,0.483333333333
noisy,19,Never ship,0.5,,0,1,0.0417800447748,0,0,30,30,60,0.516666666667
noisy,20,PROXIMA,0.866666666667,0.838709677419,0.161290322581,0.103448275862,0.00394539797414,26,5,3,26,60,0.26
noisy,20,Correlation,0.833333333333,0.851851851852,0.129032258065,0.206896551724,0.0051847724179,23,4,6,27,60,0.416666666667
noisy,20,Decision only,0.833333333333,0.851851851852,0.129032258065,0.206896551724,0.0051847724179,23,4,6,27,60,0.416666666667
noisy,20,Local only,0.866666666667,0.838709677419,0.161290322581,0.103448275862,0.00394539797414,26,5,3,26,60,0.26
noisy,20,Equal weights,0.866666666667,0.838709677419,0.161290322581,0.103448275862,0.00394539797414,26,5,3,26,60,0.26
noisy,20,No local component,0.833333333333,0.851851851852,0.129032258065,0.206896551724,0.0051847724179,23,4,6,27,60,0.416666666667
noisy,20,Fixed faithful,0.866666666667,0.838709677419,0.161290322581,0.103448275862,0.00394539797414,26,5,3,26,60,0.26
noisy,20,Fixed offset,0.633333333333,0.56862745098,0.709677419355,0,0.0234078250148,29,22,0,9,60,0.3
noisy,20,Fixed local_reversal,0.833333333333,0.851851851852,0.129032258065,0.206896551724,0.0051847724179,23,4,6,27,60,0.416666666667
noisy,20,Fixed unrelated,0.466666666667,0.451612903226,0.548387096774,0.51724137931,0.0341999000179,14,17,15,14,60,0.49
noisy,20,Uniform proxy,0.7,,,,0.0166844738562,,,,,,0.366666666667
noisy,20,Always ship,0.483333333333,0.483333333333,1,0,0.0445723992789,29,31,0,0,60,0.526666666667
noisy,20,Never ship,0.516666666667,,0,1,0.0337415971866,0,0,29,31,60,0.473333333333
noisy,21,PROXIMA,0.883333333333,0.866666666667,0.129032258065,0.103448275862,0.0044722542806,26,4,3,27,60,0.4
noisy,21,Correlation,0.683333333333,0.604166666667,0.612903225806,0,0.0162107120982,29,19,0,12,60,0.283333333333
noisy,21,Decision only,0.883333333333,0.866666666667,0.129032258065,0.103448275862,0.0044722542806,26,4,3,27,60,0.4
noisy,21,Local only,0.683333333333,0.604166666667,0.612903225806,0,0.0162107120982,29,19,0,12,60,0.283333333333
noisy,21,Equal weights,0.85,0.833333333333,0.161290322581,0.137931034483,0.00432289444578,25,5,4,26,60,0.216666666667
noisy,21,No local component,0.883333333333,0.866666666667,0.129032258065,0.103448275862,0.0044722542806,26,4,3,27,60,0.4
noisy,21,Fixed faithful,0.85,0.833333333333,0.161290322581,0.137931034483,0.00432289444578,25,5,4,26,60,0.216666666667
noisy,21,Fixed offset,0.683333333333,0.604166666667,0.612903225806,0,0.0162107120982,29,19,0,12,60,0.283333333333
noisy,21,Fixed local_reversal,0.883333333333,0.866666666667,0.129032258065,0.103448275862,0.0044722542806,26,4,3,27,60,0.4
noisy,21,Fixed unrelated,0.516666666667,0.5,0.451612903226,0.51724137931,0.0431741040416,14,14,15,17,60,0.483333333333
noisy,21,Uniform proxy,0.733333333333,,,,0.0170449912165,,,,,,0.345833333333
noisy,21,Always ship,0.483333333333,0.483333333333,1,0,0.0437482048938,29,31,0,0,60,0.506666666667
noisy,21,Never ship,0.516666666667,,0,1,0.0468406088313,0,0,29,31,60,0.493333333333
noisy,22,PROXIMA,0.933333333333,0.964285714286,0.0333333333333,0.1,0.00143785836301,27,1,3,29,60,0.356666666667
noisy,22,Correlation,0.783333333333,0.697674418605,0.433333333333,0,0.0146861204176,30,13,0,17,60,0.25
noisy,22,Decision only,0.933333333333,0.964285714286,0.0333333333333,0.1,0.00143785836301,27,1,3,29,60,0.356666666667
noisy,22,Local only,0.85,0.888888888889,0.1,0.2,0.00554831359728,24,3,6,27,60,0.23
noisy,22,Equal weights,0.933333333333,0.964285714286,0.0333333333333,0.1,0.00143785836301,27,1,3,29,60,0.356666666667
noisy,22,No local component,0.933333333333,0.964285714286,0.0333333333333,0.1,0.00143785836301,27,1,3,29,60,0.356666666667
noisy,22,Fixed faithful,0.85,0.888888888889,0.1,0.2,0.00554831359728,24,3,6,27,60,0.23
noisy,22,Fixed offset,0.783333333333,0.697674418605,0.433333333333,0,0.0146861204176,30,13,0,17,60,0.25
noisy,22,Fixed local_reversal,0.933333333333,0.964285714286,0.0333333333333,0.1,0.00143785836301,27,1,3,29,60,0.356666666667
noisy,22,Fixed unrelated,0.566666666667,0.5625,0.466666666667,0.4,0.0442497581551,18,14,12,16,60,0.493333333333
noisy,22,Uniform proxy,0.783333333333,,,,0.0164805126332,,,,,,0.3325
noisy,22,Always ship,0.5,0.5,1,0,0.0619420764009,30,30,0,0,60,0.516666666667
noisy,22,Never ship,0.5,,0,1,0.0446874819971,0,0,30,30,60,0.483333333333
noisy,23,PROXIMA,0.916666666667,0.909090909091,0.107142857143,0.0625,0.00276776839536,30,3,2,25,60,0.206666666667
noisy,23,Correlation,0.916666666667,0.909090909091,0.107142857143,0.0625,0.00276776839536,30,3,2,25,60,0.206666666667
noisy,23,Decision only,0.916666666667,0.909090909091,0.107142857143,0.0625,0.00276776839536,30,3,2,25,60,0.206666666667
noisy,23,Local only,0.916666666667,0.909090909091,0.107142857143,0.0625,0.00276776839536,30,3,2,25,60,0.206666666667
noisy,23,Equal weights,0.916666666667,0.909090909091,0.107142857143,0.0625,0.00276776839536,30,3,2,25,60,0.206666666667
noisy,23,No local component,0.916666666667,0.909090909091,0.107142857143,0.0625,0.00276776839536,30,3,2,25,60,0.206666666667
noisy,23,Fixed faithful,0.916666666667,0.909090909091,0.107142857143,0.0625,0.00276776839536,30,3,2,25,60,0.206666666667
noisy,23,Fixed offset,0.716666666667,0.65306122449,0.607142857143,0,0.0149692795677,32,17,0,11,60,0.263333333333
noisy,23,Fixed local_reversal,0.866666666667,0.833333333333,0.214285714286,0.0625,0.00578580071145,30,6,2,22,60,0.403333333333
noisy,23,Fixed unrelated,0.416666666667,0.448275862069,0.571428571429,0.59375,0.0508370113468,13,16,19,12,60,0.506666666667
noisy,23,Uniform proxy,0.729166666667,,,,0.0185899650053,,,,,,0.345
noisy,23,Always ship,0.533333333333,0.533333333333,1,0,0.0415380573812,32,28,0,0,60,0.456666666667
noisy,23,Never ship,0.466666666667,,0,1,0.054455674765,0,0,32,28,60,0.543333333333
noisy,24,PROXIMA,0.9,0.857142857143,0.117647058824,0.0769230769231,0.00394189813506,24,4,2,30,60,0.213333333333
noisy,24,Correlation,0.9,0.857142857143,0.117647058824,0.0769230769231,0.00394189813506,24,4,2,30,60,0.213333333333
noisy,24,Decision only,0.9,0.857142857143,0.117647058824,0.0769230769231,0.00394189813506,24,4,2,30,60,0.213333333333
noisy,24,Local only,0.9,0.857142857143,0.117647058824,0.0769230769231,0.00394189813506,24,4,2,30,60,0.213333333333
noisy,24,Equal weights,0.9,0.857142857143,0.117647058824,0.0769230769231,0.00394189813506,24,4,2,30,60,0.213333333333
noisy,24,No local component,0.9,0.857142857143,0.117647058824,0.0769230769231,0.00394189813506,24,4,2,30,60,0.213333333333
noisy,24,Fixed faithful,0.9,0.857142857143,0.117647058824,0.0769230769231,0.00394189813506,24,4,2,30,60,0.213333333333
noisy,24,Fixed offset,0.683333333333,0.577777777778,0.558823529412,0,0.0252867891451,26,19,0,15,60,0.28
noisy,24,Fixed local_reversal,0.9,0.884615384615,0.0882352941176,0.115384615385,0.00404033567639,23,3,3,31,60,0.32
noisy,24,Fixed unrelated,0.416666666667,0.344827586207,0.558823529412,0.615384615385,0.0683582573893,10,19,16,15,60,0.5
noisy,24,Uniform proxy,0.725,,,,0.0254068200865,,,,,,0.328333333333
noisy,24,Always ship,0.433333333333,0.433333333333,1,0,0.0712029615303,26,34,0,0,60,0.563333333333
noisy,24,Never ship,0.566666666667,,0,1,0.0519190078512,0,0,26,34,60,0.436666666667
noisy,25,PROXIMA,0.85,0.892857142857,0.103448275862,0.193548387097,0.00828192787163,25,3,6,26,60,0.263333333333
noisy,25,Correlation,0.666666666667,0.607843137255,0.689655172414,0,0.0165074418105,31,20,0,9,60,0.273333333333
noisy,25,Decision only,0.85,0.892857142857,0.103448275862,0.193548387097,0.00828192787163,25,3,6,26,60,0.263333333333
noisy,25,Local only,0.85,0.892857142857,0.103448275862,0.193548387097,0.00828192787163,25,3,6,26,60,0.263333333333
noisy,25,Equal weights,0.85,0.892857142857,0.103448275862,0.193548387097,0.00828192787163,25,3,6,26,60,0.263333333333
noisy,25,No local component,0.85,0.892857142857,0.103448275862,0.193548387097,0.00828192787163,25,3,6,26,60,0.263333333333
noisy,25,Fixed faithful,0.85,0.892857142857,0.103448275862,0.193548387097,0.00828192787163,25,3,6,26,60,0.263333333333
noisy,25,Fixed offset,0.666666666667,0.607843137255,0.689655172414,0,0.0165074418105,31,20,0,9,60,0.273333333333
noisy,25,Fixed local_reversal,0.9,0.903225806452,0.103448275862,0.0967741935484,0.00307708210886,28,3,3,26,60,0.39
noisy,25,Fixed unrelated,0.4,0.424242424242,0.655172413793,0.548387096774,0.0610910138761,14,19,17,10,60,0.523333333333
noisy,25,Uniform proxy,0.704166666667,,,,0.0222393664168,,,,,,0.3625
noisy,25,Always ship,0.516666666667,0.516666666667,1,0,0.0409342595883,31,29,0,0,60,0.46
noisy,25,Never ship,0.483333333333,,0,1,0.0644046813259,0,0,31,29,60,0.54
noisy,26,PROXIMA,0.9,0.90625,0.107142857143,0.09375,0.00257271509894,29,3,3,25,60,0.34
noisy,26,Correlation,0.9,0.90625,0.107142857143,0.09375,0.00257271509894,29,3,3,25,60,0.34
noisy,26,Decision only,0.9,0.90625,0.107142857143,0.09375,0.00257271509894,29,3,3,25,60,0.34
noisy,26,Local only,0.916666666667,0.909090909091,0.107142857143,0.0625,0.00282855611948,30,3,2,25,60,0.21
noisy,26,Equal weights,0.916666666667,0.909090909091,0.107142857143,0.0625,0.00282855611948,30,3,2,25,60,0.21
noisy,26,No local component,0.9,0.90625,0.107142857143,0.09375,0.00257271509894,29,3,3,25,60,0.34
noisy,26,Fixed faithful,0.916666666667,0.909090909091,0.107142857143,0.0625,0.00282855611948,30,3,2,25,60,0.21
noisy,26,Fixed offset,0.7,0.64,0.642857142857,0,0.0202825700197,32,18,0,10,60,0.25
noisy,26,Fixed local_reversal,0.9,0.90625,0.107142857143,0.09375,0.00257271509894,29,3,3,25,60,0.34
noisy,26,Fixed unrelated,0.5,0.533333333333,0.5,0.5,0.0528690696403,16,14,16,14,60,0.503333333333
noisy,26,Uniform proxy,0.754166666667,,,,0.0196382277196,,,,,,0.325833333333
noisy,26,Always ship,0.533333333333,0.533333333333,1,0,0.0489054218158,32,28,0,0,60,0.466666666667
noisy,26,Never ship,0.466666666667,,0,1,0.0512742037209,0,0,32,28,60,0.533333333333
noisy,27,PROXIMA,0.866666666667,0.827586206897,0.151515151515,0.111111111111,0.0033591780141,24,5,3,28,60,0.256666666667
noisy,27,Correlation,0.85,0.875,0.0909090909091,0.222222222222,0.00333608415195,21,3,6,30,60,0.413333333333
noisy,27,Decision only,0.85,0.875,0.0909090909091,0.222222222222,0.00333608415195,21,3,6,30,60,0.413333333333
noisy,27,Local only,0.866666666667,0.827586206897,0.151515151515,0.111111111111,0.0033591780141,24,5,3,28,60,0.256666666667
noisy,27,Equal weights,0.866666666667,0.827586206897,0.151515151515,0.111111111111,0.0033591780141,24,5,3,28,60,0.256666666667
noisy,27,No local component,0.85,0.875,0.0909090909091,0.222222222222,0.00333608415195,21,3,6,30,60,0.413333333333
noisy,27,Fixed faithful,0.866666666667,0.827586206897,0.151515151515,0.111111111111,0.0033591780141,24,5,3,28,60,0.256666666667
noisy,27,Fixed offset,0.583333333333,0.519230769231,0.757575757576,0,0.025984862821,27,25,0,8,60,0.343333333333
noisy,27,Fixed local_reversal,0.85,0.875,0.0909090909091,0.222222222222,0.00333608415195,21,3,6,30,60,0.413333333333
noisy,27,Fixed unrelated,0.45,0.4,0.545454545455,0.555555555556,0.0490752818444,12,18,15,15,60,0.51
noisy,27,Uniform proxy,0.6875,,,,0.0204388517079,,,,,,0.380833333333
noisy,27,Always ship,0.45,0.45,1,0,0.0472834108582,27,33,0,0,60,0.53
noisy,27,Never ship,0.55,,0,1,0.0369894514298,0,0,27,33,60,0.47
noisy,28,PROXIMA,0.816666666667,0.794117647059,0.241379310345,0.129032258065,0.0037284865181,27,7,4,22,60,0.2
noisy,28,Correlation,0.9,0.903225806452,0.103448275862,0.0967741935484,0.00236769232307,28,3,3,26,60,0.37
noisy,28,Decision only,0.9,0.903225806452,0.103448275862,0.0967741935484,0.00236769232307,28,3,3,26,60,0.37
noisy,28,Local only,0.816666666667,0.794117647059,0.241379310345,0.129032258065,0.0037284865181,27,7,4,22,60,0.2
noisy,28,Equal weights,0.816666666667,0.794117647059,0.241379310345,0.129032258065,0.0037284865181,27,7,4,22,60,0.2
noisy,28,No local component,0.9,0.903225806452,0.103448275862,0.0967741935484,0.00236769232307,28,3,3,26,60,0.37
noisy,28,Fixed faithful,0.816666666667,0.794117647059,0.241379310345,0.129032258065,0.0037284865181,27,7,4,22,60,0.2
noisy,28,Fixed offset,0.65,0.596153846154,0.724137931034,0,0.0171489360278,31,21,0,8,60,0.266666666667
noisy,28,Fixed local_reversal,0.9,0.903225806452,0.103448275862,0.0967741935484,0.00236769232307,28,3,3,26,60,0.37
noisy,28,Fixed unrelated,0.483333333333,0.5,0.51724137931,0.516129032258,0.0496723788982,15,15,16,14,60,0.493333333333
noisy,28,Uniform proxy,0.7125,,,,0.0182293734418,,,,,,0.3325
noisy,28,Always ship,0.516666666667,0.516666666667,1,0,0.0423416330405,31,29,0,0,60,0.453333333333
noisy,28,Never ship,0.483333333333,,0,1,0.0567823345467,0,0,31,29,60,0.546666666667
noisy,29,PROXIMA,0.916666666667,0.928571428571,0.0645161290323,0.103448275862,0.00382975902859,26,2,3,29,60,0.353333333333
noisy,29,Correlation,0.916666666667,0.928571428571,0.0645161290323,0.103448275862,0.00382975902859,26,2,3,29,60,0.353333333333
noisy,29,Decision only,0.916666666667,0.928571428571,0.0645161290323,0.103448275862,0.00382975902859,26,2,3,29,60,0.353333333333
noisy,29,Local only,0.866666666667,0.888888888889,0.0967741935484,0.172413793103,0.00742186133541,24,3,5,28,60,0.24
noisy,29,Equal weights,0.866666666667,0.888888888889,0.0967741935484,0.172413793103,0.00742186133541,24,3,5,28,60,0.24
noisy,29,No local component,0.916666666667,0.928571428571,0.0645161290323,0.103448275862,0.00382975902859,26,2,3,29,60,0.353333333333
noisy,29,Fixed faithful,0.866666666667,0.888888888889,0.0967741935484,0.172413793103,0.00742186133541,24,3,5,28,60,0.24
noisy,29,Fixed offset,0.683333333333,0.604166666667,0.612903225806,0,0.024484899768,29,19,0,12,60,0.316666666667
noisy,29,Fixed local_reversal,0.916666666667,0.928571428571,0.0645161290323,0.103448275862,0.00382975902859,26,2,3,29,60,0.353333333333
noisy,29,Fixed unrelated,0.45,0.428571428571,0.516129032258,0.586206896552,0.0623253424679,12,16,17,15,60,0.543333333333
noisy,29,Uniform proxy,0.729166666667,,,,0.02451546565,,,,,,0.363333333333
noisy,29,Always ship,0.483333333333,0.483333333333,1,0,0.0657758556336,29,31,0,0,60,0.54
noisy,29,Never ship,0.516666666667,,0,1,0.0413532053973,0,0,29,31,60,0.46
noisy,30,PROXIMA,0.8,0.758620689655,0.212121212121,0.185185185185,0.0093475194734,22,7,5,26,60,0.26
noisy,30,Correlation,0.933333333333,0.925925925926,0.0606060606061,0.0740740740741,0.000550634579913,25,2,2,31,60,0.366666666667
noisy,30,Decision only,0.8,0.758620689655,0.212121212121,0.185185185185,0.0093475194734,22,7,5,26,60,0.26
noisy,30,Local only,0.8,0.758620689655,0.212121212121,0.185185185185,0.0093475194734,22,7,5,26,60,0.26
noisy,30,Equal weights,0.8,0.758620689655,0.212121212121,0.185185185185,0.0093475194734,22,7,5,26,60,0.26
noisy,30,No local component,0.933333333333,0.925925925926,0.0606060606061,0.0740740740741,0.000550634579913,25,2,2,31,60,0.366666666667
noisy,30,Fixed faithful,0.8,0.758620689655,0.212121212121,0.185185185185,0.0093475194734,22,7,5,26,60,0.26
noisy,30,Fixed offset,0.7,0.6,0.545454545455,0,0.0164666722553,27,18,0,15,60,0.28
noisy,30,Fixed local_reversal,0.933333333333,0.925925925926,0.0606060606061,0.0740740740741,0.000550634579913,25,2,2,31,60,0.366666666667
noisy,30,Fixed unrelated,0.566666666667,0.52380952381,0.30303030303,0.592592592593,0.0444506820133,11,10,16,23,60,0.51
noisy,30,Uniform proxy,0.75,,,,0.0177038770805,,,,,,0.354166666667
noisy,30,Always ship,0.45,0.45,1,0,0.0587399280431,27,33,0,0,60,0.556666666667
noisy,30,Never ship,0.55,,0,1,0.0410880815389,0,0,27,33,60,0.443333333333
noisy,31,PROXIMA,0.883333333333,0.852941176471,0.172413793103,0.0645161290323,0.00379712965682,29,5,2,24,60,0.426666666667
noisy,31,Correlation,0.633333333333,0.584905660377,0.758620689655,0,0.0260623209522,31,22,0,7,60,0.3
noisy,31,Decision only,0.883333333333,0.852941176471,0.172413793103,0.0645161290323,0.00379712965682,29,5,2,24,60,0.426666666667
noisy,31,Local only,0.816666666667,0.8125,0.206896551724,0.161290322581,0.00878491548844,26,6,5,23,60,0.22
noisy,31,Equal weights,0.816666666667,0.8125,0.206896551724,0.161290322581,0.00878491548844,26,6,5,23,60,0.22
noisy,31,No local component,0.883333333333,0.852941176471,0.172413793103,0.0645161290323,0.00379712965682,29,5,2,24,60,0.426666666667
noisy,31,Fixed faithful,0.816666666667,0.8125,0.206896551724,0.161290322581,0.00878491548844,26,6,5,23,60,0.22
noisy,31,Fixed offset,0.633333333333,0.584905660377,0.758620689655,0,0.0260623209522,31,22,0,7,60,0.3
noisy,31,Fixed local_reversal,0.883333333333,0.852941176471,0.172413793103,0.0645161290323,0.00379712965682,29,5,2,24,60,0.426666666667
noisy,31,Fixed unrelated,0.5,0.51724137931,0.48275862069,0.516129032258,0.0527486890632,15,14,16,15,60,0.51
noisy,31,Uniform proxy,0.708333333333,,,,0.0228482637902,,,,,,0.364166666667
noisy,31,Always ship,0.516666666667,0.516666666667,1,0,0.0460307873992,31,29,0,0,60,0.52
noisy,31,Never ship,0.483333333333,,0,1,0.0540014532901,0,0,31,29,60,0.48
noisy,32,PROXIMA,0.933333333333,0.928571428571,0.0625,0.0714285714286,0.00149757101851,26,2,2,30,60,0.366666666667
noisy,32,Correlation,0.933333333333,0.928571428571,0.0625,0.0714285714286,0.00149757101851,26,2,2,30,60,0.366666666667
noisy,32,Decision only,0.933333333333,0.928571428571,0.0625,0.0714285714286,0.00149757101851,26,2,2,30,60,0.366666666667
noisy,32,Local only,0.85,0.851851851852,0.125,0.178571428571,0.00726933352231,23,4,5,28,60,0.246666666667
noisy,32,Equal weights,0.85,0.851851851852,0.125,0.178571428571,0.00726933352231,23,4,5,28,60,0.246666666667
noisy,32,No local component,0.933333333333,0.928571428571,0.0625,0.0714285714286,0.00149757101851,26,2,2,30,60,0.366666666667
noisy,32,Fixed faithful,0.85,0.851851851852,0.125,0.178571428571,0.00726933352231,23,4,5,28,60,0.246666666667
noisy,32,Fixed offset,0.683333333333,0.595744680851,0.59375,0,0.0199009845214,28,19,0,13,60,0.29
noisy,32,Fixed local_reversal,0.933333333333,0.928571428571,0.0625,0.0714285714286,0.00149757101851,26,2,2,30,60,0.366666666667
noisy,32,Fixed unrelated,0.566666666667,0.535714285714,0.40625,0.464285714286,0.0384972829103,15,13,13,19,60,0.443333333333
noisy,32,Uniform proxy,0.758333333333,,,,0.0167912929931,,,,,,0.336666666667
noisy,32,Always ship,0.466666666667,0.466666666667,1,0,0.0544354299212,28,32,0,0,60,0.52
noisy,32,Never ship,0.533333333333,,0,1,0.0398668509695,0,0,28,32,60,0.48
noisy,33,PROXIMA,0.833333333333,0.810810810811,0.259259259259,0.0909090909091,0.00465414695619,30,7,3,20,60,0.246666666667
noisy,33,Correlation,0.816666666667,0.823529411765,0.222222222222,0.151515151515,0.00457828089681,28,6,5,21,60,0.36
noisy,33,Decision only,0.816666666667,0.823529411765,0.222222222222,0.151515151515,0.00457828089681,28,6,5,21,60,0.36
noisy,33,Local only,0.833333333333,0.810810810811,0.259259259259,0.0909090909091,0.00465414695619,30,7,3,20,60,0.246666666667
noisy,33,Equal weights,0.833333333333,0.810810810811,0.259259259259,0.0909090909091,0.00465414695619,30,7,3,20,60,0.246666666667
noisy,33,No local component,0.816666666667,0.823529411765,0.222222222222,0.151515151515,0.00457828089681,28,6,5,21,60,0.36
noisy,33,Fixed faithful,0.833333333333,0.810810810811,0.259259259259,0.0909090909091,0.00465414695619,30,7,3,20,60,0.246666666667
noisy,33,Fixed offset,0.716666666667,0.66,0.62962962963,0,0.0118792502761,33,17,0,10,60,0.293333333333
noisy,33,Fixed local_reversal,0.816666666667,0.823529411765,0.222222222222,0.151515151515,0.00457828089681,28,6,5,21,60,0.36
noisy,33,Fixed unrelated,0.55,0.6,0.444444444444,0.454545454545,0.0420339235198,18,12,15,15,60,0.496666666667
noisy,33,Uniform proxy,0.729166666667,,,,0.0157864004122,,,,,,0.349166666667
noisy,33,Always ship,0.55,0.55,1,0,0.0364910471215,33,27,0,0,60,0.443333333333
noisy,33,Never ship,0.45,,0,1,0.0563388770132,0,0,33,27,60,0.556666666667
noisy,34,PROXIMA,0.9,0.84375,0.15625,0.0357142857143,0.0045384240069,27,5,1,27,60,0.256666666667
noisy,34,Correlation,0.933333333333,0.875,0.125,0,0.00112914214758,28,4,0,28,60,0.413333333333
noisy,34,Decision only,0.9,0.84375,0.15625,0.0357142857143,0.0045384240069,27,5,1,27,60,0.256666666667
noisy,34,Local only,0.9,0.84375,0.15625,0.0357142857143,0.0045384240069,27,5,1,27,60,0.256666666667
noisy,34,Equal weights,0.9,0.84375,0.15625,0.0357142857143,0.0045384240069,27,5,1,27,60,0.256666666667
noisy,34,No local component,0.9,0.84375,0.15625,0.0357142857143,0.0045384240069,27,5,1,27,60,0.256666666667
noisy,34,Fixed faithful,0.9,0.84375,0.15625,0.0357142857143,0.0045384240069,27,5,1,27,60,0.256666666667
noisy,34,Fixed offset,0.566666666667,0.518518518519,0.8125,0,0.0284857322946,28,26,0,6,60,0.38
noisy,34,Fixed local_reversal,0.933333333333,0.875,0.125,0,0.00112914214758,28,4,0,28,60,0.413333333333
noisy,34,Fixed unrelated,0.466666666667,0.433333333333,0.53125,0.535714285714,0.0476905531571,13,17,15,15,60,0.516666666667
noisy,34,Uniform proxy,0.716666666667,,,,0.0204609629015,,,,,,0.391666666667
noisy,34,Always ship,0.466666666667,0.466666666667,1,0,0.0482528890948,28,32,0,0,60,0.543333333333
noisy,34,Never ship,0.533333333333,,0,1,0.0434469106467,0,0,28,32,60,0.456666666667
noisy,35,PROXIMA,0.85,0.757575757576,0.235294117647,0.0384615384615,0.00471537398957,25,8,1,26,60,0.233333333333
noisy,35,Correlation,0.866666666667,0.821428571429,0.147058823529,0.115384615385,0.00396758654788,23,5,3,29,60,0.36
noisy,35,Decision only,0.866666666667,0.821428571429,0.147058823529,0.115384615385,0.00396758654788,23,5,3,29,60,0.36
noisy,35,Local only,0.85,0.757575757576,0.235294117647,0.0384615384615,0.00471537398957,25,8,1,26,60,0.233333333333
noisy,35,Equal weights,0.85,0.757575757576,0.235294117647,0.0384615384615,0.00471537398957,25,8,1,26,60,0.233333333333
noisy,35,No local component,0.866666666667,0.821428571429,0.147058823529,0.115384615385,0.00396758654788,23,5,3,29,60,0.36
noisy,35,Fixed faithful,0.85,0.757575757576,0.235294117647,0.0384615384615,0.00471537398957,25,8,1,26,60,0.233333333333
noisy,35,Fixed offset,0.633333333333,0.541666666667,0.647058823529,0,0.0190452420075,26,22,0,12,60,0.3
noisy,35,Fixed local_reversal,0.866666666667,0.821428571429,0.147058823529,0.115384615385,0.00396758654788,23,5,3,29,60,0.36
noisy,35,Fixed unrelated,0.533333333333,0.466666666667,0.470588235294,0.461538461538,0.0413886671976,14,16,12,18,60,0.42
noisy,35,Uniform proxy,0.720833333333,,,,0.0172792174356,,,,,,0.328333333333
noisy,35,Always ship,0.433333333333,0.433333333333,1,0,0.0447842683421,26,34,0,0,60,0.516666666667
noisy,35,Never ship,0.566666666667,,0,1,0.0440853987177,0,0,26,34,60,0.483333333333
noisy,36,PROXIMA,0.883333333333,0.92,0.0625,0.178571428571,0.00243756215571,23,2,5,30,60,0.243333333333
noisy,36,Correlation,0.916666666667,0.96,0.03125,0.142857142857,0.0023948526114,24,1,4,31,60,0.323333333333
noisy,36,Decision only,0.916666666667,0.96,0.03125,0.142857142857,0.0023948526114,24,1,4,31,60,0.323333333333
noisy,36,Local only,0.883333333333,0.92,0.0625,0.178571428571,0.00243756215571,23,2,5,30,60,0.243333333333
noisy,36,Equal weights,0.883333333333,0.92,0.0625,0.178571428571,0.00243756215571,23,2,5,30,60,0.243333333333
noisy,36,No local component,0.916666666667,0.96,0.03125,0.142857142857,0.0023948526114,24,1,4,31,60,0.323333333333
noisy,36,Fixed faithful,0.883333333333,0.92,0.0625,0.178571428571,0.00243756215571,23,2,5,30,60,0.243333333333
noisy,36,Fixed offset,0.766666666667,0.666666666667,0.4375,0,0.0173870288582,28,14,0,18,60,0.26
noisy,36,Fixed local_reversal,0.916666666667,0.96,0.03125,0.142857142857,0.0023948526114,24,1,4,31,60,0.323333333333
noisy,36,Fixed unrelated,0.433333333333,0.4,0.5625,0.571428571429,0.0560492324445,12,18,16,14,60,0.516666666667
noisy,36,Uniform proxy,0.75,,,,0.0195671690175,,,,,,0.335833333333
noisy,36,Always ship,0.466666666667,0.466666666667,1,0,0.0636183468879,28,32,0,0,60,0.54
noisy,36,Never ship,0.533333333333,,0,1,0.0498599643224,0,0,28,32,60,0.46
noisy,37,PROXIMA,0.85,0.9,0.210526315789,0.121951219512,0.00502184055843,36,4,5,15,60,0.376666666667
noisy,37,Correlation,0.85,0.9,0.210526315789,0.121951219512,0.00502184055843,36,4,5,15,60,0.376666666667
noisy,37,Decision only,0.85,0.9,0.210526315789,0.121951219512,0.00502184055843,36,4,5,15,60,0.376666666667
noisy,37,Local only,0.766666666667,0.745454545455,0.736842105263,0,0.0140509771023,41,14,0,5,60,0.28
noisy,37,Equal weights,0.816666666667,0.857142857143,0.315789473684,0.121951219512,0.00702729413558,36,6,5,13,60,0.273333333333
noisy,37,No local component,0.85,0.9,0.210526315789,0.121951219512,0.00502184055843,36,4,5,15,60,0.376666666667
noisy,37,Fixed faithful,0.816666666667,0.857142857143,0.315789473684,0.121951219512,0.00702729413558,36,6,5,13,60,0.273333333333
noisy,37,Fixed offset,0.766666666667,0.745454545455,0.736842105263,0,0.0140509771023,41,14,0,5,60,0.28
noisy,37,Fixed local_reversal,0.85,0.9,0.210526315789,0.121951219512,0.00502184055843,36,4,5,15,60,0.376666666667
noisy,37,Fixed unrelated,0.433333333333,0.6,0.736842105263,0.487804878049,0.0543631406631,21,14,20,5,60,0.503333333333
noisy,37,Uniform proxy,0.716666666667,,,,0.0201158131149,,,,,,0.358333333333
noisy,37,Always ship,0.683333333333,0.683333333333,1,0,0.0271835890959,41,19,0,0,60,0.37
noisy,37,Never ship,0.316666666667,,0,1,0.062285987782,0,0,41,19,60,0.63
noisy,38,PROXIMA,0.85,0.84375,0.172413793103,0.129032258065,0.00373565224806,27,5,4,24,60,0.2
noisy,38,Correlation,0.85,0.84375,0.172413793103,0.129032258065,0.00373565224806,27,5,4,24,60,0.2
noisy,38,Decision only,0.816666666667,0.857142857143,0.137931034483,0.225806451613,0.0047167957185,24,4,7,25,60,0.356666666667
noisy,38,Local only,0.85,0.84375,0.172413793103,0.129032258065,0.00373565224806,27,5,4,24,60,0.2
noisy,38,Equal weights,0.85,0.84375,0.172413793103,0.129032258065,0.00373565224806,27,5,4,24,60,0.2
noisy,38,No local component,0.85,0.84375,0.172413793103,0.129032258065,0.00373565224806,27,5,4,24,60,0.2
noisy,38,Fixed faithful,0.85,0.84375,0.172413793103,0.129032258065,0.00373565224806,27,5,4,24,60,0.2
noisy,38,Fixed offset,0.7,0.632653061224,0.620689655172,0,0.0166743022524,31,18,0,11,60,0.22
noisy,38,Fixed local_reversal,0.816666666667,0.857142857143,0.137931034483,0.225806451613,0.0047167957185,24,4,7,25,60,0.356666666667
noisy,38,Fixed unrelated,0.466666666667,0.483870967742,0.551724137931,0.516129032258,0.0566140714821,15,16,16,13,60,0.496666666667
noisy,38,Uniform proxy,0.708333333333,,,,0.0204352054253,,,,,,0.318333333333
noisy,38,Always ship,0.516666666667,0.516666666667,1,0,0.0548279528575,31,29,0,0,60,0.446666666667
noisy,38,Never ship,0.483333333333,,0,1,0.0498812495973,0,0,31,29,60,0.553333333333
noisy,39,PROXIMA,0.833333333333,0.862068965517,0.137931034483,0.193548387097,0.00408384882857,25,4,6,25,60,0.38
noisy,39,Correlation,0.833333333333,0.862068965517,0.137931034483,0.193548387097,0.00408384882857,25,4,6,25,60,0.38
noisy,39,Decision only,0.833333333333,0.862068965517,0.137931034483,0.193548387097,0.00408384882857,25,4,6,25,60,0.38
noisy,39,Local only,0.816666666667,0.857142857143,0.137931034483,0.225806451613,0.00586135810895,24,4,7,25,60,0.236666666667
noisy,39,Equal weights,0.833333333333,0.862068965517,0.137931034483,0.193548387097,0.00408384882857,25,4,6,25,60,0.38
noisy,39,No local component,0.833333333333,0.862068965517,0.137931034483,0.193548387097,0.00408384882857,25,4,6,25,60,0.38
noisy,39,Fixed faithful,0.816666666667,0.857142857143,0.137931034483,0.225806451613,0.00586135810895,24,4,7,25,60,0.236666666667
noisy,39,Fixed offset,0.666666666667,0.607843137255,0.689655172414,0,0.0191380271493,31,20,0,9,60,0.3
noisy,39,Fixed local_reversal,0.833333333333,0.862068965517,0.137931034483,0.193548387097,0.00408384882857,25,4,6,25,60,0.38
noisy,39,Fixed unrelated,0.483333333333,0.5,0.48275862069,0.548387096774,0.0448630160216,14,14,17,15,60,0.493333333333
noisy,39,Uniform proxy,0.7,,,,0.0184865625271,,,,,,0.3525
noisy,39,Always ship,0.516666666667,0.516666666667,1,0,0.0375643192255,31,29,0,0,60,0.5
noisy,39,Never ship,0.483333333333,,0,1,0.0493809592267,0,0,31,29,60,0.5
noisy,40,PROXIMA,0.866666666667,0.777777777778,0.162162162162,0.0869565217391,0.00744737566474,21,6,2,31,60,0.36
noisy,40,Correlation,0.866666666667,0.777777777778,0.162162162162,0.0869565217391,0.00744737566474,21,6,2,31,60,0.36
noisy,40,Decision only,0.866666666667,0.777777777778,0.162162162162,0.0869565217391,0.00744737566474,21,6,2,31,60,0.36
noisy,40,Local only,0.933333333333,0.851851851852,0.108108108108,0,0.00327120381147,23,4,0,33,60,0.25
noisy,40,Equal weights,0.866666666667,0.777777777778,0.162162162162,0.0869565217391,0.00744737566474,21,6,2,31,60,0.36
noisy,40,No local component,0.866666666667,0.777777777778,0.162162162162,0.0869565217391,0.00744737566474,21,6,2,31,60,0.36
noisy,40,Fixed faithful,0.933333333333,0.851851851852,0.108108108108,0,0.00327120381147,23,4,0,33,60,0.25
noisy,40,Fixed offset,0.583333333333,0.479166666667,0.675675675676,0,0.030370191626,23,25,0,12,60,0.333333333333
noisy,40,Fixed local_reversal,0.866666666667,0.777777777778,0.162162162162,0.0869565217391,0.00744737566474,21,6,2,31,60,0.36
noisy,40,Fixed unrelated,0.45,0.333333333333,0.540540540541,0.565217391304,0.0540367322997,10,20,13,17,60,0.49
noisy,40,Uniform proxy,0.708333333333,,,,0.0237813758505,,,,,,0.358333333333
noisy,40,Always ship,0.383333333333,0.383333333333,1,0,0.0602243272854,23,37,0,0,60,0.573333333333
noisy,40,Never ship,0.616666666667,,0,1,0.0378038949166,0,0,23,37,60,0.426666666667
noisy,41,PROXIMA,0.833333333333,0.793103448276,0.181818181818,0.148148148148,0.00254126666638,23,6,4,27,60,0.226666666667
noisy,41,Correlation,0.633333333333,0.551020408163,0.666666666667,0,0.0185889427757,27,22,0,11,60,0.303333333333
noisy,41,Decision only,0.833333333333,0.793103448276,0.181818181818,0.148148148148,0.00254126666638,23,6,4,27,60,0.226666666667
noisy,41,Local only,0.833333333333,0.793103448276,0.181818181818,0.148148148148,0.00254126666638,23,6,4,27,60,0.226666666667
noisy,41,Equal weights,0.833333333333,0.793103448276,0.181818181818,0.148148148148,0.00254126666638,23,6,4,27,60,0.226666666667
noisy,41,No local component,0.833333333333,0.793103448276,0.181818181818,0.148148148148,0.00254126666638,23,6,4,27,60,0.226666666667
noisy,41,Fixed faithful,0.833333333333,0.793103448276,0.181818181818,0.148148148148,0.00254126666638,23,6,4,27,60,0.226666666667
noisy,41,Fixed offset,0.633333333333,0.551020408163,0.666666666667,0,0.0185889427757,27,22,0,11,60,0.303333333333
noisy,41,Fixed local_reversal,0.883333333333,0.857142857143,0.121212121212,0.111111111111,0.00473800081685,24,4,3,29,60,0.383333333333
noisy,41,Fixed unrelated,0.516666666667,0.461538461538,0.424242424242,0.555555555556,0.0472154775886,12,14,15,19,60,0.57
noisy,41,Uniform proxy,0.716666666667,,,,0.0182709219619,,,,,,0.370833333333
noisy,41,Always ship,0.45,0.45,1,0,0.0454482512521,27,33,0,0,60,0.53
noisy,41,Never ship,0.55,,0,1,0.039436064938,0,0,27,33,60,0.47
noisy,42,PROXIMA,0.916666666667,0.935483870968,0.0714285714286,0.09375,0.00260375057874,29,2,3,26,60,0.32
noisy,42,Correlation,0.916666666667,0.935483870968,0.0714285714286,0.09375,0.00260375057874,29,2,3,26,60,0.32
noisy,42,Decision only,0.916666666667,0.935483870968,0.0714285714286,0.09375,0.00260375057874,29,2,3,26,60,0.32
noisy,42,Local only,0.85,0.870967741935,0.142857142857,0.15625,0.00540271944756,27,4,5,24,60,0.203333333333
noisy,42,Equal weights,0.85,0.870967741935,0.142857142857,0.15625,0.00540271944756,27,4,5,24,60,0.203333333333
noisy,42,No local component,0.916666666667,0.935483870968,0.0714285714286,0.09375,0.00260375057874,29,2,3,26,60,0.32
noisy,42,Fixed faithful,0.85,0.870967741935,0.142857142857,0.15625,0.00540271944756,27,4,5,24,60,0.203333333333
noisy,42,Fixed offset,0.7,0.64,0.642857142857,0,0.0169250810063,32,18,0,10,60,0.26
noisy,42,Fixed local_reversal,0.916666666667,0.935483870968,0.0714285714286,0.09375,0.00260375057874,29,2,3,26,60,0.32
noisy,42,Fixed unrelated,0.416666666667,0.451612903226,0.607142857143,0.5625,0.0766374541595,14,17,18,11,60,0.49
noisy,42,Uniform proxy,0.720833333333,,,,0.025392251298,,,,,,0.318333333333
noisy,42,Always ship,0.533333333333,0.533333333333,1,0,0.0536230120946,32,28,0,0,60,0.463333333333
noisy,42,Never ship,0.466666666667,,0,1,0.0527916711623,0,0,32,28,60,0.536666666667
noisy,43,PROXIMA,0.766666666667,0.777777777778,0.193548387097,0.275862068966,0.00443970068129,21,6,8,25,60,0.27
noisy,43,Correlation,0.733333333333,0.644444444444,0.516129032258,0,0.0139319764538,29,16,0,15,60,0.283333333333
noisy,43,Decision only,0.833333333333,0.827586206897,0.161290322581,0.172413793103,0.00648895959554,24,5,5,26,60,0.423333333333
noisy,43,Local only,0.766666666667,0.777777777778,0.193548387097,0.275862068966,0.00443970068129,21,6,8,25,60,0.27
noisy,43,Equal weights,0.766666666667,0.777777777778,0.193548387097,0.275862068966,0.00443970068129,21,6,8,25,60,0.27
noisy,43,No local component,0.833333333333,0.827586206897,0.161290322581,0.172413793103,0.00648895959554,24,5,5,26,60,0.423333333333
noisy,43,Fixed faithful,0.766666666667,0.777777777778,0.193548387097,0.275862068966,0.00443970068129,21,6,8,25,60,0.27
noisy,43,Fixed offset,0.733333333333,0.644444444444,0.516129032258,0,0.0139319764538,29,16,0,15,60,0.283333333333
noisy,43,Fixed local_reversal,0.833333333333,0.827586206897,0.161290322581,0.172413793103,0.00648895959554,24,5,5,26,60,0.423333333333
noisy,43,Fixed unrelated,0.533333333333,0.518518518519,0.41935483871,0.51724137931,0.0511902332295,14,13,15,18,60,0.506666666667
noisy,43,Uniform proxy,0.716666666667,,,,0.01901271749,,,,,,0.370833333333
noisy,43,Always ship,0.483333333333,0.483333333333,1,0,0.0560474117285,29,31,0,0,60,0.536666666667
noisy,43,Never ship,0.516666666667,,0,1,0.038530675398,0,0,29,31,60,0.463333333333
noisy,44,PROXIMA,0.883333333333,0.965517241379,0.0384615384615,0.176470588235,0.00389395424,28,1,6,25,60,0.24
noisy,44,Correlation,0.833333333333,0.852941176471,0.192307692308,0.147058823529,0.00522419152564,29,5,5,21,60,0.396666666667
noisy,44,Decision only,0.883333333333,0.965517241379,0.0384615384615,0.176470588235,0.00389395424,28,1,6,25,60,0.24
noisy,44,Local only,0.883333333333,0.965517241379,0.0384615384615,0.176470588235,0.00389395424,28,1,6,25,60,0.24
noisy,44,Equal weights,0.883333333333,0.965517241379,0.0384615384615,0.176470588235,0.00389395424,28,1,6,25,60,0.24
noisy,44,No local component,0.833333333333,0.852941176471,0.192307692308,0.147058823529,0.00522419152564,29,5,5,21,60,0.396666666667
noisy,44,Fixed faithful,0.883333333333,0.965517241379,0.0384615384615,0.176470588235,0.00389395424,28,1,6,25,60,0.24
noisy,44,Fixed offset,0.75,0.69387755102,0.576923076923,0,0.0140161640292,34,15,0,11,60,0.226666666667
noisy,44,Fixed local_reversal,0.833333333333,0.852941176471,0.192307692308,0.147058823529,0.00522419152564,29,5,5,21,60,0.396666666667
noisy,44,Fixed unrelated,0.5,0.583333333333,0.384615384615,0.588235294118,0.048486038076,14,10,20,16,60,0.493333333333
noisy,44,Uniform proxy,0.741666666667,,,,0.0179050869677,,,,,,0.339166666667
noisy,44,Always ship,0.566666666667,0.566666666667,1,0,0.0493869137546,34,26,0,0,60,0.463333333333
noisy,44,Never ship,0.433333333333,,0,1,0.0491360395253,0,0,34,26,60,0.536666666667
noisy,45,PROXIMA,0.933333333333,0.884615384615,0.0833333333333,0.0416666666667,0.00161871628306,23,3,1,33,60,0.34
noisy,45,Correlation,0.933333333333,0.884615384615,0.0833333333333,0.0416666666667,0.00161871628306,23,3,1,33,60,0.34
noisy,45,Decision only,0.933333333333,0.884615384615,0.0833333333333,0.0416666666667,0.00161871628306,23,3,1,33,60,0.34
noisy,45,Local only,0.633333333333,0.521739130435,0.611111111111,0,0.0277221640555,24,22,0,14,60,0.306666666667
noisy,45,Equal weights,0.933333333333,0.884615384615,0.0833333333333,0.0416666666667,0.00161871628306,23,3,1,33,60,0.34
noisy,45,No local component,0.933333333333,0.884615384615,0.0833333333333,0.0416666666667,0.00161871628306,23,3,1,33,60,0.34
noisy,45,Fixed faithful,0.866666666667,0.807692307692,0.138888888889,0.125,0.0049587356874,21,5,3,31,60,0.243333333333
noisy,45,Fixed offset,0.633333333333,0.521739130435,0.611111111111,0,0.0277221640555,24,22,0,14,60,0.306666666667
noisy,45,Fixed local_reversal,0.933333333333,0.884615384615,0.0833333333333,0.0416666666667,0.00161871628306,23,3,1,33,60,0.34
noisy,45,Fixed unrelated,0.566666666667,0.470588235294,0.5,0.333333333333,0.0444760950932,16,18,8,18,60,0.443333333333
noisy,45,Uniform proxy,0.75,,,,0.0196939277798,,,,,,0.333333333333
noisy,45,Always ship,0.4,0.4,1,0,0.0680336294139,24,36,0,0,60,0.586666666667
noisy,45,Never ship,0.6,,0,1,0.0380487876144,0,0,24,36,60,0.413333333333
noisy,46,PROXIMA,0.833333333333,0.794117647059,0.233333333333,0.1,0.00624564541238,27,7,3,23,60,0.216666666667
noisy,46,Correlation,0.633333333333,0.576923076923,0.733333333333,0,0.0207723940918,30,22,0,8,60,0.28
noisy,46,Decision only,0.833333333333,0.794117647059,0.233333333333,0.1,0.00624564541238,27,7,3,23,60,0.216666666667
noisy,46,Local only,0.833333333333,0.794117647059,0.233333333333,0.1,0.00624564541238,27,7,3,23,60,0.216666666667
noisy,46,Equal weights,0.833333333333,0.794117647059,0.233333333333,0.1,0.00624564541238,27,7,3,23,60,0.216666666667
noisy,46,No local component,0.883333333333,0.870967741935,0.133333333333,0.1,0.00365795302076,27,4,3,26,60,0.386666666667
noisy,46,Fixed faithful,0.833333333333,0.794117647059,0.233333333333,0.1,0.00624564541238,27,7,3,23,60,0.216666666667
noisy,46,Fixed offset,0.633333333333,0.576923076923,0.733333333333,0,0.0207723940918,30,22,0,8,60,0.28
noisy,46,Fixed local_reversal,0.883333333333,0.870967741935,0.133333333333,0.1,0.00365795302076,27,4,3,26,60,0.386666666667
noisy,46,Fixed unrelated,0.583333333333,0.575757575758,0.466666666667,0.366666666667,0.043439652606,19,14,11,16,60,0.5
noisy,46,Uniform proxy,0.733333333333,,,,0.0185289112827,,,,,,0.345833333333
noisy,46,Always ship,0.5,0.5,1,0,0.0445612962507,30,30,0,0,60,0.496666666667
noisy,46,Never ship,0.5,,0,1,0.0610779595309,0,0,30,30,60,0.503333333333
noisy,47,PROXIMA,0.8,0.787878787879,0.241379310345,0.161290322581,0.00580465648512,26,7,5,22,60,0.39
noisy,47,Correlation,0.8,0.787878787879,0.241379310345,0.161290322581,0.00580465648512,26,7,5,22,60,0.39
noisy,47,Decision only,0.883333333333,0.9,0.103448275862,0.129032258065,0.00306269023326,27,3,4,26,60,0.293333333333
noisy,47,Local only,0.883333333333,0.9,0.103448275862,0.129032258065,0.00306269023326,27,3,4,26,60,0.293333333333
noisy,47,Equal weights,0.883333333333,0.9,0.103448275862,0.129032258065,0.00306269023326,27,3,4,26,60,0.293333333333
noisy,47,No local component,0.8,0.787878787879,0.241379310345,0.161290322581,0.00580465648512,26,7,5,22,60,0.39
noisy,47,Fixed faithful,0.883333333333,0.9,0.103448275862,0.129032258065,0.00306269023326,27,3,4,26,60,0.293333333333
noisy,47,Fixed offset,0.65,0.596153846154,0.724137931034,0,0.01852500953,31,21,0,8,60,0.29
noisy,47,Fixed local_reversal,0.8,0.787878787879,0.241379310345,0.161290322581,0.00580465648512,26,7,5,22,60,0.39
noisy,47,Fixed unrelated,0.333333333333,0.304347826087,0.551724137931,0.774193548387,0.0586249883152,7,16,24,13,60,0.533333333333
noisy,47,Uniform proxy,0.666666666667,,,,0.0215043361409,,,,,,0.376666666667
noisy,47,Always ship,0.516666666667,0.516666666667,1,0,0.0399356750427,31,29,0,0,60,0.473333333333
noisy,47,Never ship,0.483333333333,,0,1,0.0515976485104,0,0,31,29,60,0.526666666667
noisy,48,PROXIMA,0.816666666667,0.709677419355,0.25,0.0833333333333,0.00528314523635,22,9,2,27,60,0.266666666667
noisy,48,Correlation,0.8,0.6875,0.277777777778,0.0833333333333,0.00384088105482,22,10,2,26,60,0.37
noisy,48,Decision only,0.816666666667,0.709677419355,0.25,0.0833333333333,0.00528314523635,22,9,2,27,60,0.266666666667
noisy,48,Local only,0.816666666667,0.709677419355,0.25,0.0833333333333,0.00528314523635,22,9,2,27,60,0.266666666667
noisy,48,Equal weights,0.816666666667,0.709677419355,0.25,0.0833333333333,0.00528314523635,22,9,2,27,60,0.266666666667
noisy,48,No local component,0.816666666667,0.709677419355,0.25,0.0833333333333,0.00528314523635,22,9,2,27,60,0.266666666667
noisy,48,Fixed faithful,0.816666666667,0.709677419355,0.25,0.0833333333333,0.00528314523635,22,9,2,27,60,0.266666666667
noisy,48,Fixed offset,0.683333333333,0.558139534884,0.527777777778,0,0.0117245267625,24,19,0,17,60,0.29
noisy,48,Fixed local_reversal,0.8,0.6875,0.277777777778,0.0833333333333,0.00384088105482,22,10,2,26,60,0.37
noisy,48,Fixed unrelated,0.533333333333,0.433333333333,0.472222222222,0.458333333333,0.0559102039231,13,17,11,19,60,0.51
noisy,48,Uniform proxy,0.708333333333,,,,0.0191896892442,,,,,,0.359166666667
noisy,48,Always ship,0.4,0.4,1,0,0.0518983429719,24,36,0,0,60,0.536666666667
noisy,48,Never ship,0.6,,0,1,0.0416872015006,0,0,24,36,60,0.463333333333
noisy,49,PROXIMA,0.833333333333,0.875,0.153846153846,0.176470588235,0.00663230024628,28,4,6,22,60,0.213333333333
noisy,49,Correlation,0.833333333333,0.875,0.153846153846,0.176470588235,0.00663230024628,28,4,6,22,60,0.213333333333
noisy,49,Decision only,0.833333333333,0.875,0.153846153846,0.176470588235,0.00663230024628,28,4,6,22,60,0.213333333333
noisy,49,Local only,0.833333333333,0.875,0.153846153846,0.176470588235,0.00663230024628,28,4,6,22,60,0.213333333333
noisy,49,Equal weights,0.833333333333,0.875,0.153846153846,0.176470588235,0.00663230024628,28,4,6,22,60,0.213333333333
noisy,49,No local component,0.833333333333,0.875,0.153846153846,0.176470588235,0.00663230024628,28,4,6,22,60,0.213333333333
noisy,49,Fixed faithful,0.833333333333,0.875,0.153846153846,0.176470588235,0.00663230024628,28,4,6,22,60,0.213333333333
noisy,49,Fixed offset,0.683333333333,0.641509433962,0.730769230769,0,0.019552916066,34,19,0,7,60,0.29
noisy,49,Fixed local_reversal,0.933333333333,1,0,0.117647058824,0.0016085036538,30,0,4,26,60,0.393333333333
noisy,49,Fixed unrelated,0.483333333333,0.551724137931,0.5,0.529411764706,0.0366725985746,16,13,18,13,60,0.513333333333
noisy,49,Uniform proxy,0.733333333333,,,,0.0161165796352,,,,,,0.3525
noisy,49,Always ship,0.566666666667,0.566666666667,1,0,0.0356656760402,34,26,0,0,60,0.456666666667
noisy,49,Never ship,0.433333333333,,0,1,0.0459933315105,0,0,34,26,60,0.543333333333
noisy,50,PROXIMA,0.816666666667,0.833333333333,0.121212121212,0.259259259259,0.00902151909359,20,4,7,29,60,0.293333333333
noisy,50,Correlation,0.833333333333,0.84,0.121212121212,0.222222222222,0.00708821626873,21,4,6,29,60,0.436666666667
noisy,50,Decision only,0.816666666667,0.833333333333,0.121212121212,0.259259259259,0.00902151909359,20,4,7,29,60,0.293333333333
noisy,50,Local only,0.816666666667,0.833333333333,0.121212121212,0.259259259259,0.00902151909359,20,4,7,29,60,0.293333333333
noisy,50,Equal weights,0.816666666667,0.833333333333,0.121212121212,0.259259259259,0.00902151909359,20,4,7,29,60,0.293333333333
noisy,50,No local component,0.833333333333,0.84,0.121212121212,0.222222222222,0.00708821626873,21,4,6,29,60,0.436666666667
noisy,50,Fixed faithful,0.816666666667,0.833333333333,0.121212121212,0.259259259259,0.00902151909359,20,4,7,29,60,0.293333333333
noisy,50,Fixed offset,0.7,0.6,0.545454545455,0,0.0206065084234,27,18,0,15,60,0.34
noisy,50,Fixed local_reversal,0.833333333333,0.84,0.121212121212,0.222222222222,0.00708821626873,21,4,6,29,60,0.436666666667
noisy,50,Fixed unrelated,0.533333333333,0.48275862069,0.454545454545,0.481481481481,0.0427558825388,14,15,13,18,60,0.496666666667
noisy,50,Uniform proxy,0.720833333333,,,,0.0198680315811,,,,,,0.391666666667
noisy,50,Always ship,0.45,0.45,1,0,0.0568858566244,27,33,0,0,60,0.566666666667
noisy,50,Never ship,0.55,,0,1,0.0379857735466,0,0,27,33,60,0.433333333333
noisy,51,PROXIMA,0.816666666667,0.787878787879,0.233333333333,0.133333333333,0.00813003944509,26,7,4,23,60,0.26
noisy,51,Correlation,0.8,0.764705882353,0.266666666667,0.133333333333,0.00511919449231,26,8,4,22,60,0.406666666667
noisy,51,Decision only,0.816666666667,0.787878787879,0.233333333333,0.133333333333,0.00813003944509,26,7,4,23,60,0.26
noisy,51,Local only,0.816666666667,0.787878787879,0.233333333333,0.133333333333,0.00813003944509,26,7,4,23,60,0.26
noisy,51,Equal weights,0.816666666667,0.787878787879,0.233333333333,0.133333333333,0.00813003944509,26,7,4,23,60,0.26
noisy,51,No local component,0.816666666667,0.787878787879,0.233333333333,0.133333333333,0.00813003944509,26,7,4,23,60,0.26
noisy,51,Fixed faithful,0.816666666667,0.787878787879,0.233333333333,0.133333333333,0.00813003944509,26,7,4,23,60,0.26
noisy,51,Fixed offset,0.65,0.588235294118,0.7,0,0.0181492948465,30,21,0,9,60,0.273333333333
noisy,51,Fixed local_reversal,0.8,0.764705882353,0.266666666667,0.133333333333,0.00511919449231,26,8,4,22,60,0.406666666667
noisy,51,Fixed unrelated,0.433333333333,0.4375,0.6,0.533333333333,0.0531086813496,14,18,16,12,60,0.486666666667
noisy,51,Uniform proxy,0.675,,,,0.0211268025334,,,,,,0.356666666667
noisy,51,Always ship,0.5,0.5,1,0,0.0449484147106,30,30,0,0,60,0.486666666667
noisy,51,Never ship,0.5,,0,1,0.0462502412103,0,0,30,30,60,0.513333333333
noisy,52,PROXIMA,0.866666666667,0.807692307692,0.138888888889,0.125,0.0026783958642,21,5,3,31,60,0.26
noisy,52,Correlation,0.65,0.533333333333,0.583333333333,0,0.0223794155795,24,21,0,15,60,0.35
noisy,52,Decision only,0.8,0.75,0.166666666667,0.25,0.00380033506447,18,6,6,30,60,0.366666666667
noisy,52,Local only,0.65,0.533333333333,0.583333333333,0,0.0223794155795,24,21,0,15,60,0.35
noisy,52,Equal weights,0.866666666667,0.807692307692,0.138888888889,0.125,0.0026783958642,21,5,3,31,60,0.26
noisy,52,No local component,0.8,0.75,0.166666666667,0.25,0.00380033506447,18,6,6,30,60,0.366666666667
noisy,52,Fixed faithful,0.866666666667,0.807692307692,0.138888888889,0.125,0.0026783958642,21,5,3,31,60,0.26
noisy,52,Fixed offset,0.65,0.533333333333,0.583333333333,0,0.0223794155795,24,21,0,15,60,0.35
noisy,52,Fixed local_reversal,0.8,0.75,0.166666666667,0.25,0.00380033506447,18,6,6,30,60,0.366666666667
noisy,52,Fixed unrelated,0.6,0.5,0.416666666667,0.375,0.0420752017865,15,15,9,21,60,0.486666666667
noisy,52,Uniform proxy,0.729166666667,,,,0.0177333370737,,,,,,0.365833333333
noisy,52,Always ship,0.4,0.4,1,0,0.0636537364088,24,36,0,0,60,0.613333333333
noisy,52,Never ship,0.6,,0,1,0.0302230261958,0,0,24,36,60,0.386666666667
noisy,53,PROXIMA,0.833333333333,0.818181818182,0.206896551724,0.129032258065,0.00811745448232,27,6,4,23,60,0.236666666667
noisy,53,Correlation,0.716666666667,0.645833333333,0.586206896552,0,0.01622959497,31,17,0,12,60,0.256666666667
noisy,53,Decision only,0.85,0.823529411765,0.206896551724,0.0967741935484,0.00598604489634,28,6,3,23,60,0.396666666667
noisy,53,Local only,0.833333333333,0.818181818182,0.206896551724,0.129032258065,0.00811745448232,27,6,4,23,60,0.236666666667
noisy,53,Equal weights,0.85,0.823529411765,0.206896551724,0.0967741935484,0.00598604489634,28,6,3,23,60,0.396666666667
noisy,53,No local component,0.85,0.823529411765,0.206896551724,0.0967741935484,0.00598604489634,28,6,3,23,60,0.396666666667
noisy,53,Fixed faithful,0.833333333333,0.818181818182,0.206896551724,0.129032258065,0.00811745448232,27,6,4,23,60,0.236666666667
noisy,53,Fixed offset,0.716666666667,0.645833333333,0.586206896552,0,0.01622959497,31,17,0,12,60,0.256666666667
noisy,53,Fixed local_reversal,0.85,0.823529411765,0.206896551724,0.0967741935484,0.00598604489634,28,6,3,23,60,0.396666666667
noisy,53,Fixed unrelated,0.516666666667,0.535714285714,0.448275862069,0.516129032258,0.0473127082159,15,13,16,16,60,0.496666666667
noisy,53,Uniform proxy,0.729166666667,,,,0.0194114506411,,,,,,0.346666666667
noisy,53,Always ship,0.516666666667,0.516666666667,1,0,0.0469878668371,31,29,0,0,60,0.476666666667
noisy,53,Never ship,0.483333333333,,0,1,0.0560537762621,0,0,31,29,60,0.523333333333
noisy,54,PROXIMA,0.833333333333,0.913043478261,0.0645161290323,0.275862068966,0.00626146064632,21,2,8,29,60,0.43
noisy,54,Correlation,0.833333333333,0.913043478261,0.0645161290323,0.275862068966,0.00626146064632,21,2,8,29,60,0.43
noisy,54,Decision only,0.75,0.733333333333,0.258064516129,0.241379310345,0.0116272668662,22,8,7,23,60,0.25
noisy,54,Local only,0.65,0.58,0.677419354839,0,0.0247878314004,29,21,0,10,60,0.3
noisy,54,Equal weights,0.75,0.733333333333,0.258064516129,0.241379310345,0.0116272668662,22,8,7,23,60,0.25
noisy,54,No local component,0.833333333333,0.913043478261,0.0645161290323,0.275862068966,0.00626146064632,21,2,8,29,60,0.43
noisy,54,Fixed faithful,0.75,0.733333333333,0.258064516129,0.241379310345,0.0116272668662,22,8,7,23,60,0.25
noisy,54,Fixed offset,0.65,0.58,0.677419354839,0,0.0247878314004,29,21,0,10,60,0.3
noisy,54,Fixed local_reversal,0.833333333333,0.913043478261,0.0645161290323,0.275862068966,0.00626146064632,21,2,8,29,60,0.43
noisy,54,Fixed unrelated,0.466666666667,0.451612903226,0.548387096774,0.51724137931,0.0479945767892,14,17,15,14,60,0.516666666667
noisy,54,Uniform proxy,0.675,,,,0.0226677839255,,,,,,0.374166666667
noisy,54,Always ship,0.483333333333,0.483333333333,1,0,0.0478555944675,29,31,0,0,60,0.513333333333
noisy,54,Never ship,0.516666666667,,0,1,0.0414702133746,0,0,29,31,60,0.486666666667
noisy,55,PROXIMA,0.766666666667,0.782608695652,0.151515151515,0.333333333333,0.00933823281803,18,5,9,28,60,0.253333333333
noisy,55,Correlation,0.783333333333,0.769230769231,0.181818181818,0.259259259259,0.00832564244437,20,6,7,27,60,0.43
noisy,55,Decision only,0.766666666667,0.782608695652,0.151515151515,0.333333333333,0.00933823281803,18,5,9,28,60,0.253333333333
noisy,55,Local only,0.766666666667,0.782608695652,0.151515151515,0.333333333333,0.00933823281803,18,5,9,28,60,0.253333333333
noisy,55,Equal weights,0.766666666667,0.782608695652,0.151515151515,0.333333333333,0.00933823281803,18,5,9,28,60,0.253333333333
noisy,55,No local component,0.766666666667,0.782608695652,0.151515151515,0.333333333333,0.00933823281803,18,5,9,28,60,0.253333333333
noisy,55,Fixed faithful,0.766666666667,0.782608695652,0.151515151515,0.333333333333,0.00933823281803,18,5,9,28,60,0.253333333333
noisy,55,Fixed offset,0.533333333333,0.490909090909,0.848484848485,0,0.0328877356476,27,28,0,5,60,0.36
noisy,55,Fixed local_reversal,0.783333333333,0.769230769231,0.181818181818,0.259259259259,0.00832564244437,20,6,7,27,60,0.43
noisy,55,Fixed unrelated,0.55,0.5,0.393939393939,0.518518518519,0.0448305221482,13,13,14,20,60,0.503333333333
noisy,55,Uniform proxy,0.658333333333,,,,0.0238455332646,,,,,,0.386666666667
noisy,55,Always ship,0.45,0.45,1,0,0.0476615517993,27,33,0,0,60,0.546666666667
noisy,55,Never ship,0.55,,0,1,0.0349743625209,0,0,27,33,60,0.453333333333
noisy,56,PROXIMA,0.85,0.8,0.181818181818,0.111111111111,0.00551426733374,24,6,3,27,60,0.223333333333
noisy,56,Correlation,0.866666666667,0.88,0.0909090909091,0.185185185185,0.00480066435609,22,3,5,30,60,0.383333333333
noisy,56,Decision only,0.85,0.8,0.181818181818,0.111111111111,0.00551426733374,24,6,3,27,60,0.223333333333
noisy,56,Local only,0.85,0.8,0.181818181818,0.111111111111,0.00551426733374,24,6,3,27,60,0.223333333333
noisy,56,Equal weights,0.85,0.8,0.181818181818,0.111111111111,0.00551426733374,24,6,3,27,60,0.223333333333
noisy,56,No local component,0.85,0.8,0.181818181818,0.111111111111,0.00551426733374,24,6,3,27,60,0.223333333333
noisy,56,Fixed faithful,0.85,0.8,0.181818181818,0.111111111111,0.00551426733374,24,6,3,27,60,0.223333333333
noisy,56,Fixed offset,0.65,0.5625,0.636363636364,0,0.02448098387,27,21,0,12,60,0.323333333333
noisy,56,Fixed local_reversal,0.866666666667,0.88,0.0909090909091,0.185185185185,0.00480066435609,22,3,5,30,60,0.383333333333
noisy,56,Fixed unrelated,0.583333333333,0.535714285714,0.393939393939,0.444444444444,0.0391780864726,15,13,12,20,60,0.44
noisy,56,Uniform proxy,0.7375,,,,0.0184935005081,,,,,,0.3425
noisy,56,Always ship,0.45,0.45,1,0,0.0554688043513,27,33,0,0,60,0.573333333333
noisy,56,Never ship,0.55,,0,1,0.0422450316375,0,0,27,33,60,0.426666666667
noisy,57,PROXIMA,0.883333333333,0.90625,0.111111111111,0.121212121212,0.00485674773997,29,3,4,24,60,0.323333333333
noisy,57,Correlation,0.883333333333,0.90625,0.111111111111,0.121212121212,0.00485674773997,29,3,4,24,60,0.323333333333
noisy,57,Decision only,0.883333333333,0.90625,0.111111111111,0.121212121212,0.00485674773997,29,3,4,24,60,0.323333333333
noisy,57,Local only,0.883333333333,0.90625,0.111111111111,0.121212121212,0.00383118649313,29,3,4,24,60,0.22
noisy,57,Equal weights,0.883333333333,0.90625,0.111111111111,0.121212121212,0.00485674773997,29,3,4,24,60,0.323333333333
noisy,57,No local component,0.883333333333,0.90625,0.111111111111,0.121212121212,0.00485674773997,29,3,4,24,60,0.323333333333
noisy,57,Fixed faithful,0.883333333333,0.90625,0.111111111111,0.121212121212,0.00383118649313,29,3,4,24,60,0.22
noisy,57,Fixed offset,0.633333333333,0.6,0.814814814815,0,0.0268277960922,33,22,0,5,60,0.3
noisy,57,Fixed local_reversal,0.883333333333,0.90625,0.111111111111,0.121212121212,0.00485674773997,29,3,4,24,60,0.323333333333
noisy,57,Fixed unrelated,0.5,0.545454545455,0.555555555556,0.454545454545,0.0537435301326,18,15,15,12,60,0.496666666667
noisy,57,Uniform proxy,0.725,,,,0.0223148151145,,,,,,0.335
noisy,57,Always ship,0.55,0.55,1,0,0.0472657757524,33,27,0,0,60,0.47
noisy,57,Never ship,0.45,,0,1,0.0535996474621,0,0,33,27,60,0.53
noisy,58,PROXIMA,0.866666666667,0.875,0.142857142857,0.125,0.00538372078743,28,4,4,24,60,0.293333333333
noisy,58,Correlation,0.633333333333,0.596153846154,0.75,0.03125,0.022419023166,31,21,1,7,60,0.31
noisy,58,Decision only,0.85,0.870967741935,0.142857142857,0.15625,0.0041856860155,27,4,5,24,60,0.403333333333
noisy,58,Local only,0.866666666667,0.875,0.142857142857,0.125,0.00538372078743,28,4,4,24,60,0.293333333333
noisy,58,Equal weights,0.866666666667,0.875,0.142857142857,0.125,0.00538372078743,28,4,4,24,60,0.293333333333
noisy,58,No local component,0.85,0.870967741935,0.142857142857,0.15625,0.0041856860155,27,4,5,24,60,0.403333333333
noisy,58,Fixed faithful,0.866666666667,0.875,0.142857142857,0.125,0.00538372078743,28,4,4,24,60,0.293333333333
noisy,58,Fixed offset,0.633333333333,0.596153846154,0.75,0.03125,0.022419023166,31,21,1,7,60,0.31
noisy,58,Fixed local_reversal,0.85,0.870967741935,0.142857142857,0.15625,0.0041856860155,27,4,5,24,60,0.403333333333
noisy,58,Fixed unrelated,0.55,0.575757575758,0.5,0.40625,0.0386216125637,19,14,13,14,60,0.506666666667
noisy,58,Uniform proxy,0.725,,,,0.0176525106332,,,,,,0.378333333333
noisy,58,Always ship,0.533333333333,0.533333333333,1,0,0.0361770492836,32,28,0,0,60,0.47
noisy,58,Never ship,0.466666666667,,0,1,0.0535834303949,0,0,32,28,60,0.53
noisy,59,PROXIMA,0.883333333333,0.96875,0.0434782608696,0.162162162162,0.00402301369989,31,1,6,22,60,0.303333333333
noisy,59,Correlation,0.783333333333,0.74,0.565217391304,0,0.0120168990946,37,13,0,10,60,0.263333333333
noisy,59,Decision only,0.883333333333,0.96875,0.0434782608696,0.162162162162,0.00402301369989,31,1,6,22,60,0.303333333333
noisy,59,Local only,0.883333333333,0.96875,0.0434782608696,0.162162162162,0.00402301369989,31,1,6,22,60,0.303333333333
noisy,59,Equal weights,0.883333333333,0.96875,0.0434782608696,0.162162162162,0.00402301369989,31,1,6,22,60,0.303333333333
noisy,59,No local component,0.883333333333,0.96875,0.0434782608696,0.162162162162,0.00402301369989,31,1,6,22,60,0.303333333333
noisy,59,Fixed faithful,0.883333333333,0.96875,0.0434782608696,0.162162162162,0.00402301369989,31,1,6,22,60,0.303333333333
noisy,59,Fixed offset,0.783333333333,0.74,0.565217391304,0,0.0120168990946,37,13,0,10,60,0.263333333333
noisy,59,Fixed local_reversal,0.866666666667,0.891891891892,0.173913043478,0.108108108108,0.0042519493623,33,4,4,19,60,0.403333333333
noisy,59,Fixed unrelated,0.5,0.62962962963,0.434782608696,0.540540540541,0.034419900338,17,10,20,13,60,0.45
noisy,59,Uniform proxy,0.758333333333,,,,0.0136779406237,,,,,,0.355
noisy,59,Always ship,0.616666666667,0.616666666667,1,0,0.0301717196787,37,23,0,0,60,0.41
noisy,59,Never ship,0.383333333333,,0,1,0.0519378439766,0,0,37,23,60,0.59
noisy,60,PROXIMA,0.85,0.821428571429,0.151515151515,0.148148148148,0.00656194858701,23,5,4,28,60,0.273333333333
noisy,60,Correlation,0.866666666667,0.827586206897,0.151515151515,0.111111111111,0.00536841687858,24,5,3,28,60,0.41
noisy,60,Decision only,0.85,0.821428571429,0.151515151515,0.148148148148,0.00656194858701,23,5,4,28,60,0.273333333333
noisy,60,Local only,0.85,0.821428571429,0.151515151515,0.148148148148,0.00656194858701,23,5,4,28,60,0.273333333333
noisy,60,Equal weights,0.85,0.821428571429,0.151515151515,0.148148148148,0.00656194858701,23,5,4,28,60,0.273333333333
noisy,60,No local component,0.866666666667,0.827586206897,0.151515151515,0.111111111111,0.00536841687858,24,5,3,28,60,0.41
noisy,60,Fixed faithful,0.85,0.821428571429,0.151515151515,0.148148148148,0.00656194858701,23,5,4,28,60,0.273333333333
noisy,60,Fixed offset,0.65,0.5625,0.636363636364,0,0.0223775911062,27,21,0,12,60,0.336666666667
noisy,60,Fixed local_reversal,0.866666666667,0.827586206897,0.151515151515,0.111111111111,0.00536841687858,24,5,3,28,60,0.41
noisy,60,Fixed unrelated,0.566666666667,0.51724137931,0.424242424242,0.444444444444,0.0443163071192,15,14,12,19,60,0.5
noisy,60,Uniform proxy,0.733333333333,,,,0.0196560659227,,,,,,0.38
noisy,60,Always ship,0.45,0.45,1,0,0.0540983374512,27,33,0,0,60,0.54
noisy,60,Never ship,0.55,,0,1,0.0382012192521,0,0,27,33,60,0.46
noisy,61,PROXIMA,0.85,0.923076923077,0.0689655172414,0.225806451613,0.00492852362359,24,2,7,27,60,0.246666666667
noisy,61,Correlation,0.75,0.673913043478,0.51724137931,0,0.0152834226179,31,15,0,14,60,0.3
noisy,61,Decision only,0.85,0.923076923077,0.0689655172414,0.225806451613,0.00492852362359,24,2,7,27,60,0.246666666667
noisy,61,Local only,0.85,0.923076923077,0.0689655172414,0.225806451613,0.00492852362359,24,2,7,27,60,0.246666666667
noisy,61,Equal weights,0.85,0.923076923077,0.0689655172414,0.225806451613,0.00492852362359,24,2,7,27,60,0.246666666667
noisy,61,No local component,0.85,0.923076923077,0.0689655172414,0.225806451613,0.00492852362359,24,2,7,27,60,0.246666666667
noisy,61,Fixed faithful,0.85,0.923076923077,0.0689655172414,0.225806451613,0.00492852362359,24,2,7,27,60,0.246666666667
noisy,61,Fixed offset,0.75,0.673913043478,0.51724137931,0,0.0152834226179,31,15,0,14,60,0.3
noisy,61,Fixed local_reversal,0.833333333333,0.838709677419,0.172413793103,0.161290322581,0.00413570298297,26,5,5,24,60,0.403333333333
noisy,61,Fixed unrelated,0.566666666667,0.592592592593,0.379310344828,0.483870967742,0.0404367330717,16,11,15,18,60,0.506666666667
noisy,61,Uniform proxy,0.75,,,,0.016196095574,,,,,,0.364166666667
noisy,61,Always ship,0.516666666667,0.516666666667,1,0,0.0506072577754,31,29,0,0,60,0.51
noisy,61,Never ship,0.483333333333,,0,1,0.039517239614,0,0,31,29,60,0.49
noisy,62,PROXIMA,0.916666666667,0.888888888889,0.0882352941176,0.0769230769231,0.00150641965789,24,3,2,31,60,0.406666666667
noisy,62,Correlation,0.916666666667,0.888888888889,0.0882352941176,0.0769230769231,0.00150641965789,24,3,2,31,60,0.406666666667
noisy,62,Decision only,0.916666666667,0.888888888889,0.0882352941176,0.0769230769231,0.00150641965789,24,3,2,31,60,0.406666666667
noisy,62,Local only,0.783333333333,0.69696969697,0.294117647059,0.115384615385,0.00829501822468,23,10,3,24,60,0.296666666667
noisy,62,Equal weights,0.916666666667,0.888888888889,0.0882352941176,0.0769230769231,0.00150641965789,24,3,2,31,60,0.406666666667
noisy,62,No local component,0.916666666667,0.888888888889,0.0882352941176,0.0769230769231,0.00150641965789,24,3,2,31,60,0.406666666667
noisy,62,Fixed faithful,0.783333333333,0.69696969697,0.294117647059,0.115384615385,0.00829501822468,23,10,3,24,60,0.296666666667
noisy,62,Fixed offset,0.633333333333,0.541666666667,0.647058823529,0,0.0222906285309,26,22,0,12,60,0.31
noisy,62,Fixed local_reversal,0.916666666667,0.888888888889,0.0882352941176,0.0769230769231,0.00150641965789,24,3,2,31,60,0.406666666667
noisy,62,Fixed unrelated,0.366666666667,0.3125,0.647058823529,0.615384615385,0.0578497131132,10,22,16,12,60,0.54
noisy,62,Uniform proxy,0.675,,,,0.0224854448817,,,,,,0.388333333333
noisy,62,Always ship,0.433333333333,0.433333333333,1,0,0.0591225948373,26,34,0,0,60,0.556666666667
noisy,62,Never ship,0.566666666667,,0,1,0.0368396580359,0,0,26,34,60,0.443333333333
noisy,63,PROXIMA,0.9,0.861111111111,0.178571428571,0.03125,0.00456893477363,31,5,1,23,60,0.263333333333
noisy,63,Correlation,0.9,1,0,0.1875,0.00268068901616,26,0,6,28,60,0.38
noisy,63,Decision only,0.9,0.861111111111,0.178571428571,0.03125,0.00456893477363,31,5,1,23,60,0.263333333333
noisy,63,Local only,0.9,0.861111111111,0.178571428571,0.03125,0.00456893477363,31,5,1,23,60,0.263333333333
noisy,63,Equal weights,0.9,0.861111111111,0.178571428571,0.03125,0.00456893477363,31,5,1,23,60,0.263333333333
noisy,63,No local component,0.9,1,0,0.1875,0.00268068901616,26,0,6,28,60,0.38
noisy,63,Fixed faithful,0.9,0.861111111111,0.178571428571,0.03125,0.00456893477363,31,5,1,23,60,0.263333333333
noisy,63,Fixed offset,0.7,0.64,0.642857142857,0,0.0189373310116,32,18,0,10,60,0.32
noisy,63,Fixed local_reversal,0.9,1,0,0.1875,0.00268068901616,26,0,6,28,60,0.38
noisy,63,Fixed unrelated,0.416666666667,0.451612903226,0.607142857143,0.5625,0.0559244462078,14,17,18,11,60,0.53
noisy,63,Uniform proxy,0.729166666667,,,,0.0205278502523,,,,,,0.373333333333
noisy,63,Always ship,0.533333333333,0.533333333333,1,0,0.0460444055857,32,28,0,0,60,0.52
noisy,63,Never ship,0.466666666667,,0,1,0.0454102714982,0,0,32,28,60,0.48
noisy,64,PROXIMA,0.7,0.647058823529,0.666666666667,0,0.0179741433853,33,18,0,9,60,0.306666666667
noisy,64,Correlation,0.7,0.647058823529,0.666666666667,0,0.0179741433853,33,18,0,9,60,0.306666666667
noisy,64,Decision only,0.816666666667,0.84375,0.185185185185,0.181818181818,0.00673498420785,27,5,6,22,60,0.43
noisy,64,Local only,0.816666666667,0.823529411765,0.222222222222,0.151515151515,0.00765642165826,28,6,5,21,60,0.29
noisy,64,Equal weights,0.816666666667,0.823529411765,0.222222222222,0.151515151515,0.00765642165826,28,6,5,21,60,0.29
noisy,64,No local component,0.816666666667,0.84375,0.185185185185,0.181818181818,0.00673498420785,27,5,6,22,60,0.43
noisy,64,Fixed faithful,0.816666666667,0.823529411765,0.222222222222,0.151515151515,0.00765642165826,28,6,5,21,60,0.29
noisy,64,Fixed offset,0.7,0.647058823529,0.666666666667,0,0.0179741433853,33,18,0,9,60,0.306666666667
noisy,64,Fixed local_reversal,0.816666666667,0.84375,0.185185185185,0.181818181818,0.00673498420785,27,5,6,22,60,0.43
noisy,64,Fixed unrelated,0.55,0.615384615385,0.37037037037,0.515151515152,0.0422777066325,16,10,17,17,60,0.473333333333
noisy,64,Uniform proxy,0.720833333333,,,,0.018660813971,,,,,,0.375
noisy,64,Always ship,0.55,0.55,1,0,0.0399100070061,33,27,0,0,60,0.49
noisy,64,Never ship,0.45,,0,1,0.043082317377,0,0,33,27,60,0.51
noisy,65,PROXIMA,0.883333333333,0.884615384615,0.0909090909091,0.148148148148,0.00323804381263,23,3,4,30,60,0.393333333333
noisy,65,Correlation,0.633333333333,0.551020408163,0.666666666667,0,0.0183665026121,27,22,0,11,60,0.286666666667
noisy,65,Decision only,0.883333333333,0.884615384615,0.0909090909091,0.148148148148,0.00323804381263,23,3,4,30,60,0.393333333333
noisy,65,Local only,0.633333333333,0.551020408163,0.666666666667,0,0.0183665026121,27,22,0,11,60,0.286666666667
noisy,65,Equal weights,0.883333333333,0.884615384615,0.0909090909091,0.148148148148,0.00323804381263,23,3,4,30,60,0.393333333333
noisy,65,No local component,0.883333333333,0.884615384615,0.0909090909091,0.148148148148,0.00323804381263,23,3,4,30,60,0.393333333333
noisy,65,Fixed faithful,0.816666666667,0.766666666667,0.212121212121,0.148148148148,0.00578970643088,23,7,4,26,60,0.21
noisy,65,Fixed offset,0.633333333333,0.551020408163,0.666666666667,0,0.0183665026121,27,22,0,11,60,0.286666666667
noisy,65,Fixed local_reversal,0.883333333333,0.884615384615,0.0909090909091,0.148148148148,0.00323804381263,23,3,4,30,60,0.393333333333
noisy,65,Fixed unrelated,0.55,0.5,0.363636363636,0.555555555556,0.0456956068801,12,12,15,21,60,0.493333333333
noisy,65,Uniform proxy,0.720833333333,,,,0.0182724649339,,,,,,0.345833333333
noisy,65,Always ship,0.45,0.45,1,0,0.0413424800747,27,33,0,0,60,0.503333333333
noisy,65,Never ship,0.55,,0,1,0.0490721709779,0,0,27,33,60,0.496666666667
noisy,66,PROXIMA,0.85,0.818181818182,0.2,0.1,0.00498010539492,27,6,3,24,60,0.26
noisy,66,Correlation,0.883333333333,0.828571428571,0.2,0.0333333333333,0.00289164161773,29,6,1,24,60,0.356666666667
noisy,66,Decision only,0.85,0.818181818182,0.2,0.1,0.00498010539492,27,6,3,24,60,0.26
noisy,66,Local only,0.85,0.818181818182,0.2,0.1,0.00498010539492,27,6,3,24,60,0.26
noisy,66,Equal weights,0.85,0.818181818182,0.2,0.1,0.00498010539492,27,6,3,24,60,0.26
noisy,66,No local component,0.883333333333,0.828571428571,0.2,0.0333333333333,0.00289164161773,29,6,1,24,60,0.356666666667
noisy,66,Fixed faithful,0.85,0.818181818182,0.2,0.1,0.00498010539492,27,6,3,24,60,0.26
noisy,66,Fixed offset,0.683333333333,0.612244897959,0.633333333333,0,0.0129786157011,30,19,0,11,60,0.316666666667
noisy,66,Fixed local_reversal,0.883333333333,0.828571428571,0.2,0.0333333333333,0.00289164161773,29,6,1,24,60,0.356666666667
noisy,66,Fixed unrelated,0.566666666667,0.5625,0.466666666667,0.4,0.0371846760048,18,14,12,16,60,0.513333333333
noisy,66,Uniform proxy,0.745833333333,,,,0.0145087596796,,,,,,0.361666666667
noisy,66,Always ship,0.5,0.5,1,0,0.0424670257746,30,30,0,0,60,0.473333333333
noisy,66,Never ship,0.5,,0,1,0.0516451152777,0,0,30,30,60,0.526666666667
noisy,67,PROXIMA,0.816666666667,0.857142857143,0.208333333333,0.166666666667,0.00818707325376,30,5,6,19,60,0.26
noisy,67,Correlation,0.75,0.705882352941,0.625,0,0.0149646831807,36,15,0,9,60,0.276666666667
noisy,67,Decision only,0.933333333333,0.944444444444,0.0833333333333,0.0555555555556,0.00349822998758,34,2,2,22,60,0.43
noisy,67,Local only,0.816666666667,0.857142857143,0.208333333333,0.166666666667,0.00818707325376,30,5,6,19,60,0.26
noisy,67,Equal weights,0.816666666667,0.857142857143,0.208333333333,0.166666666667,0.00818707325376,30,5,6,19,60,0.26
noisy,67,No local component,0.933333333333,0.944444444444,0.0833333333333,0.0555555555556,0.00349822998758,34,2,2,22,60,0.43
noisy,67,Fixed faithful,0.816666666667,0.857142857143,0.208333333333,0.166666666667,0.00818707325376,30,5,6,19,60,0.26
noisy,67,Fixed offset,0.75,0.705882352941,0.625,0,0.0149646831807,36,15,0,9,60,0.276666666667
noisy,67,Fixed local_reversal,0.933333333333,0.944444444444,0.0833333333333,0.0555555555556,0.00349822998758,34,2,2,22,60,0.43
noisy,67,Fixed unrelated,0.5,0.59375,0.541666666667,0.472222222222,0.0536847788264,19,13,17,11,60,0.486666666667
noisy,67,Uniform proxy,0.75,,,,0.0200836913121,,,,,,0.363333333333
noisy,67,Always ship,0.6,0.6,1,0,0.0375036469584,36,24,0,0,60,0.423333333333
noisy,67,Never ship,0.4,,0,1,0.0605554615293,0,0,36,24,60,0.576666666667
noisy,68,PROXIMA,0.85,0.882352941176,0.16,0.142857142857,0.00388879990854,30,4,5,21,60,0.333333333333
noisy,68,Correlation,0.85,0.882352941176,0.16,0.142857142857,0.00388879990854,30,4,5,21,60,0.333333333333
noisy,68,Decision only,0.85,0.882352941176,0.16,0.142857142857,0.00388879990854,30,4,5,21,60,0.333333333333
noisy,68,Local only,0.85,0.90625,0.12,0.171428571429,0.00531687342122,29,3,6,22,60,0.233333333333
noisy,68,Equal weights,0.85,0.90625,0.12,0.171428571429,0.00531687342122,29,3,6,22,60,0.233333333333
noisy,68,No local component,0.85,0.882352941176,0.16,0.142857142857,0.00388879990854,30,4,5,21,60,0.333333333333
noisy,68,Fixed faithful,0.85,0.90625,0.12,0.171428571429,0.00531687342122,29,3,6,22,60,0.233333333333
noisy,68,Fixed offset,0.766666666667,0.714285714286,0.56,0,0.0126143894076,35,14,0,11,60,0.286666666667
noisy,68,Fixed local_reversal,0.85,0.882352941176,0.16,0.142857142857,0.00388879990854,30,4,5,21,60,0.333333333333
noisy,68,Fixed unrelated,0.6,0.648648648649,0.52,0.314285714286,0.0390414919796,24,13,11,12,60,0.48
noisy,68,Uniform proxy,0.766666666667,,,,0.0152153886793,,,,,,0.333333333333
noisy,68,Always ship,0.583333333333,0.583333333333,1,0,0.0453872412654,35,25,0,0,60,0.496666666667
noisy,68,Never ship,0.416666666667,,0,1,0.0477889153791,0,0,35,25,60,0.503333333333
noisy,69,PROXIMA,0.916666666667,0.9,0.173913043478,0.027027027027,0.00429210058648,36,4,1,19,60,0.24
noisy,69,Correlation,0.916666666667,0.9,0.173913043478,0.027027027027,0.00429210058648,36,4,1,19,60,0.24
noisy,69,Decision only,0.916666666667,0.9,0.173913043478,0.027027027027,0.00429210058648,36,4,1,19,60,0.24
noisy,69,Local only,0.766666666667,0.725490196078,0.608695652174,0,0.0144910975504,37,14,0,9,60,0.263333333333
noisy,69,Equal weights,0.916666666667,0.9,0.173913043478,0.027027027027,0.00429210058648,36,4,1,19,60,0.24
noisy,69,No local component,0.916666666667,0.9,0.173913043478,0.027027027027,0.00429210058648,36,4,1,19,60,0.24
noisy,69,Fixed faithful,0.916666666667,0.9,0.173913043478,0.027027027027,0.00429210058648,36,4,1,19,60,0.24
noisy,69,Fixed offset,0.766666666667,0.725490196078,0.608695652174,0,0.0144910975504,37,14,0,9,60,0.263333333333
noisy,69,Fixed local_reversal,0.95,0.972222222222,0.0434782608696,0.0540540540541,0.00137250611286,35,1,2,22,60,0.393333333333
noisy,69,Fixed unrelated,0.6,0.724137931034,0.347826086957,0.432432432432,0.0384130111403,21,8,16,15,60,0.47
noisy,69,Uniform proxy,0.808333333333,,,,0.0146421788475,,,,,,0.341666666667
noisy,69,Always ship,0.616666666667,0.616666666667,1,0,0.0341051036494,37,23,0,0,60,0.443333333333
noisy,69,Never ship,0.383333333333,,0,1,0.0567413750112,0,0,37,23,60,0.556666666667
noisy,70,PROXIMA,0.833333333333,0.8125,0.2,0.133333333333,0.00331334258509,26,6,4,24,60,0.36
noisy,70,Correlation,0.683333333333,0.612244897959,0.633333333333,0,0.0168228528838,30,19,0,11,60,0.25
noisy,70,Decision only,0.833333333333,0.8125,0.2,0.133333333333,0.00331334258509,26,6,4,24,60,0.36
noisy,70,Local only,0.883333333333,0.896551724138,0.1,0.133333333333,0.00197201554162,26,3,4,27,60,0.24
noisy,70,Equal weights,0.833333333333,0.8125,0.2,0.133333333333,0.00331334258509,26,6,4,24,60,0.36
noisy,70,No local component,0.833333333333,0.8125,0.2,0.133333333333,0.00331334258509,26,6,4,24,60,0.36
noisy,70,Fixed faithful,0.883333333333,0.896551724138,0.1,0.133333333333,0.00197201554162,26,3,4,27,60,0.24
noisy,70,Fixed offset,0.683333333333,0.612244897959,0.633333333333,0,0.0168228528838,30,19,0,11,60,0.25
noisy,70,Fixed local_reversal,0.833333333333,0.8125,0.2,0.133333333333,0.00331334258509,26,6,4,24,60,0.36
noisy,70,Fixed unrelated,0.466666666667,0.46875,0.566666666667,0.5,0.0467831524032,15,17,15,13,60,0.47
noisy,70,Uniform proxy,0.716666666667,,,,0.0172228408534,,,,,,0.33
noisy,70,Always ship,0.5,0.5,1,0,0.0496354323237,30,30,0,0,60,0.486666666667
noisy,70,Never ship,0.5,,0,1,0.0524395430955,0,0,30,30,60,0.513333333333
noisy,71,PROXIMA,0.866666666667,0.821428571429,0.147058823529,0.115384615385,0.00412114320008,23,5,3,29,60,0.393333333333
noisy,71,Correlation,0.65,0.553191489362,0.617647058824,0,0.0211598296036,26,21,0,13,60,0.333333333333
noisy,71,Decision only,0.866666666667,0.821428571429,0.147058823529,0.115384615385,0.00412114320008,23,5,3,29,60,0.393333333333
noisy,71,Local only,0.866666666667,0.846153846154,0.117647058824,0.153846153846,0.00392582318971,22,4,4,30,60,0.243333333333
noisy,71,Equal weights,0.866666666667,0.846153846154,0.117647058824,0.153846153846,0.00392582318971,22,4,4,30,60,0.243333333333
noisy,71,No local component,0.866666666667,0.821428571429,0.147058823529,0.115384615385,0.00412114320008,23,5,3,29,60,0.393333333333
noisy,71,Fixed faithful,0.866666666667,0.846153846154,0.117647058824,0.153846153846,0.00392582318971,22,4,4,30,60,0.243333333333
noisy,71,Fixed offset,0.65,0.553191489362,0.617647058824,0,0.0211598296036,26,21,0,13,60,0.333333333333
noisy,71,Fixed local_reversal,0.866666666667,0.821428571429,0.147058823529,0.115384615385,0.00412114320008,23,5,3,29,60,0.393333333333
noisy,71,Fixed unrelated,0.55,0.484848484848,0.5,0.384615384615,0.0485538804675,16,17,10,17,60,0.503333333333
noisy,71,Uniform proxy,0.733333333333,,,,0.0194401691152,,,,,,0.368333333333
noisy,71,Always ship,0.433333333333,0.433333333333,1,0,0.0501952038672,26,34,0,0,60,0.526666666667
noisy,71,Never ship,0.566666666667,,0,1,0.0440839200244,0,0,26,34,60,0.473333333333
noisy,72,PROXIMA,0.783333333333,0.846153846154,0.137931034483,0.290322580645,0.00705822997234,22,4,9,25,60,0.253333333333
noisy,72,Correlation,0.666666666667,0.607843137255,0.689655172414,0,0.0204257794016,31,20,0,9,60,0.276666666667
noisy,72,Decision only,0.95,0.966666666667,0.0344827586207,0.0645161290323,0.00062557588321,29,1,2,28,60,0.37
noisy,72,Local only,0.666666666667,0.607843137255,0.689655172414,0,0.0204257794016,31,20,0,9,60,0.276666666667
noisy,72,Equal weights,0.783333333333,0.846153846154,0.137931034483,0.290322580645,0.00705822997234,22,4,9,25,60,0.253333333333
noisy,72,No local component,0.95,0.966666666667,0.0344827586207,0.0645161290323,0.00062557588321,29,1,2,28,60,0.37
noisy,72,Fixed faithful,0.783333333333,0.846153846154,0.137931034483,0.290322580645,0.00705822997234,22,4,9,25,60,0.253333333333
noisy,72,Fixed offset,0.666666666667,0.607843137255,0.689655172414,0,0.0204257794016,31,20,0,9,60,0.276666666667
noisy,72,Fixed local_reversal,0.95,0.966666666667,0.0344827586207,0.0645161290323,0.00062557588321,29,1,2,28,60,0.37
noisy,72,Fixed unrelated,0.6,0.652173913043,0.275862068966,0.516129032258,0.0287625843367,15,8,16,21,60,0.49
noisy,72,Uniform proxy,0.75,,,,0.0142180423985,,,,,,0.3475
noisy,72,Always ship,0.516666666667,0.516666666667,1,0,0.0461909958834,31,29,0,0,60,0.5
noisy,72,Never ship,0.483333333333,,0,1,0.042864911939,0,0,31,29,60,0.5
noisy,73,PROXIMA,0.833333333333,0.903225806452,0.12,0.2,0.00671237162061,28,3,7,22,60,0.263333333333
noisy,73,Correlation,0.833333333333,0.903225806452,0.12,0.2,0.00671237162061,28,3,7,22,60,0.263333333333
noisy,73,Decision only,0.833333333333,0.903225806452,0.12,0.2,0.00671237162061,28,3,7,22,60,0.263333333333
noisy,73,Local only,0.833333333333,0.903225806452,0.12,0.2,0.00671237162061,28,3,7,22,60,0.263333333333
noisy,73,Equal weights,0.833333333333,0.903225806452,0.12,0.2,0.00671237162061,28,3,7,22,60,0.263333333333
noisy,73,No local component,0.833333333333,0.903225806452,0.12,0.2,0.00671237162061,28,3,7,22,60,0.263333333333
noisy,73,Fixed faithful,0.833333333333,0.903225806452,0.12,0.2,0.00671237162061,28,3,7,22,60,0.263333333333
noisy,73,Fixed offset,0.75,0.7,0.6,0,0.0147886409561,35,15,0,10,60,0.31
noisy,73,Fixed local_reversal,0.85,0.882352941176,0.16,0.142857142857,0.00644485182146,30,4,5,21,60,0.393333333333
noisy,73,Fixed unrelated,0.633333333333,0.69696969697,0.4,0.342857142857,0.0290335298112,23,10,12,15,60,0.446666666667
noisy,73,Uniform proxy,0.766666666667,,,,0.0142448485523,,,,,,0.353333333333
noisy,73,Always ship,0.583333333333,0.583333333333,1,0,0.0454223207941,35,25,0,0,60,0.473333333333
noisy,73,Never ship,0.416666666667,,0,1,0.0539335216774,0,0,35,25,60,0.526666666667
noisy,74,PROXIMA,0.8,0.794117647059,0.25,0.15625,0.00696093565663,27,7,5,21,60,0.213333333333
noisy,74,Correlation,0.716666666667,0.65306122449,0.607142857143,0,0.0187778909617,32,17,0,11,60,0.263333333333
noisy,74,Decision only,0.833333333333,0.866666666667,0.142857142857,0.1875,0.00290769228901,26,4,6,24,60,0.366666666667
noisy,74,Local only,0.8,0.794117647059,0.25,0.15625,0.00696093565663,27,7,5,21,60,0.213333333333
noisy,74,Equal weights,0.8,0.794117647059,0.25,0.15625,0.00696093565663,27,7,5,21,60,0.213333333333
noisy,74,No local component,0.833333333333,0.866666666667,0.142857142857,0.1875,0.00290769228901,26,4,6,24,60,0.366666666667
noisy,74,Fixed faithful,0.8,0.794117647059,0.25,0.15625,0.00696093565663,27,7,5,21,60,0.213333333333
noisy,74,Fixed offset,0.716666666667,0.65306122449,0.607142857143,0,0.0187778909617,32,17,0,11,60,0.263333333333
noisy,74,Fixed local_reversal,0.833333333333,0.866666666667,0.142857142857,0.1875,0.00290769228901,26,4,6,24,60,0.366666666667
noisy,74,Fixed unrelated,0.55,0.6,0.357142857143,0.53125,0.0499628208817,15,10,17,18,60,0.473333333333
noisy,74,Uniform proxy,0.725,,,,0.0196523349473,,,,,,0.329166666667
noisy,74,Always ship,0.533333333333,0.533333333333,1,0,0.0421009915491,32,28,0,0,60,0.48
noisy,74,Never ship,0.466666666667,,0,1,0.0570242870667,0,0,32,28,60,0.52
noisy,75,PROXIMA,0.8,0.787878787879,0.241379310345,0.161290322581,0.00645200741857,26,7,5,22,60,0.393333333333
noisy,75,Correlation,0.666666666667,0.607843137255,0.689655172414,0,0.0223129920362,31,20,0,9,60,0.333333333333
noisy,75,Decision only,0.8,0.787878787879,0.241379310345,0.161290322581,0.00645200741857,26,7,5,22,60,0.393333333333
noisy,75,Local only,0.85,0.923076923077,0.0689655172414,0.225806451613,0.00475806441744,24,2,7,27,60,0.233333333333
noisy,75,Equal weights,0.8,0.787878787879,0.241379310345,0.161290322581,0.00645200741857,26,7,5,22,60,0.393333333333
noisy,75,No local component,0.8,0.787878787879,0.241379310345,0.161290322581,0.00645200741857,26,7,5,22,60,0.393333333333
noisy,75,Fixed faithful,0.85,0.923076923077,0.0689655172414,0.225806451613,0.00475806441744,24,2,7,27,60,0.233333333333
noisy,75,Fixed offset,0.666666666667,0.607843137255,0.689655172414,0,0.0223129920362,31,20,0,9,60,0.333333333333
noisy,75,Fixed local_reversal,0.8,0.787878787879,0.241379310345,0.161290322581,0.00645200741857,26,7,5,22,60,0.393333333333
noisy,75,Fixed unrelated,0.516666666667,0.529411764706,0.551724137931,0.41935483871,0.0441763777722,18,16,13,13,60,0.513333333333
noisy,75,Uniform proxy,0.708333333333,,,,0.0194248604111,,,,,,0.368333333333
noisy,75,Always ship,0.516666666667,0.516666666667,1,0,0.0484964243969,31,29,0,0,60,0.506666666667
noisy,75,Never ship,0.483333333333,,0,1,0.0487780923998,0,0,31,29,60,0.493333333333
noisy,76,PROXIMA,0.916666666667,0.925925925926,0.0625,0.107142857143,0.00309841872584,25,2,3,30,60,0.25
noisy,76,Correlation,0.833333333333,0.875,0.09375,0.25,0.00536880305184,21,3,7,29,60,0.4
noisy,76,Decision only,0.916666666667,0.925925925926,0.0625,0.107142857143,0.00309841872584,25,2,3,30,60,0.25
noisy,76,Local only,0.916666666667,0.925925925926,0.0625,0.107142857143,0.00309841872584,25,2,3,30,60,0.25
noisy,76,Equal weights,0.916666666667,0.925925925926,0.0625,0.107142857143,0.00309841872584,25,2,3,30,60,0.25
noisy,76,No local component,0.833333333333,0.875,0.09375,0.25,0.00536880305184,21,3,7,29,60,0.4
noisy,76,Fixed faithful,0.916666666667,0.925925925926,0.0625,0.107142857143,0.00309841872584,25,2,3,30,60,0.25
noisy,76,Fixed offset,0.633333333333,0.56,0.6875,0,0.0260006516244,28,22,0,10,60,0.326666666667
noisy,76,Fixed local_reversal,0.833333333333,0.875,0.09375,0.25,0.00536880305184,21,3,7,29,60,0.4
noisy,76,Fixed unrelated,0.45,0.41935483871,0.5625,0.535714285714,0.0516768499402,13,18,15,14,60,0.536666666667
noisy,76,Uniform proxy,0.708333333333,,,,0.0215361808356,,,,,,0.378333333333
noisy,76,Always ship,0.466666666667,0.466666666667,1,0,0.044873348182,28,32,0,0,60,0.513333333333
noisy,76,Never ship,0.533333333333,,0,1,0.0435109359814,0,0,28,32,60,0.486666666667
noisy,77,PROXIMA,0.866666666667,0.939393939394,0.0869565217391,0.162162162162,0.00306459732005,31,2,6,21,60,0.203333333333
noisy,77,Correlation,0.866666666667,0.939393939394,0.0869565217391,0.162162162162,0.00306459732005,31,2,6,21,60,0.203333333333
noisy,77,Decision only,0.866666666667,0.939393939394,0.0869565217391,0.162162162162,0.00306459732005,31,2,6,21,60,0.203333333333
noisy,77,Local only,0.866666666667,0.939393939394,0.0869565217391,0.162162162162,0.00306459732005,31,2,6,21,60,0.203333333333
noisy,77,Equal weights,0.866666666667,0.939393939394,0.0869565217391,0.162162162162,0.00306459732005,31,2,6,21,60,0.203333333333
noisy,77,No local component,0.866666666667,0.939393939394,0.0869565217391,0.162162162162,0.00306459732005,31,2,6,21,60,0.203333333333
noisy,77,Fixed faithful,0.866666666667,0.939393939394,0.0869565217391,0.162162162162,0.00306459732005,31,2,6,21,60,0.203333333333
noisy,77,Fixed offset,0.783333333333,0.74,0.565217391304,0,0.0175926668732,37,13,0,10,60,0.273333333333
noisy,77,Fixed local_reversal,0.883333333333,0.96875,0.0434782608696,0.162162162162,0.00235032577678,31,1,6,22,60,0.343333333333
noisy,77,Fixed unrelated,0.516666666667,0.633333333333,0.478260869565,0.486486486486,0.0525401212625,19,11,18,12,60,0.483333333333
noisy,77,Uniform proxy,0.7625,,,,0.0188869278081,,,,,,0.325833333333
noisy,77,Always ship,0.616666666667,0.616666666667,1,0,0.0410838335927,37,23,0,0,60,0.443333333333
noisy,77,Never ship,0.383333333333,,0,1,0.0641363045287,0,0,37,23,60,0.556666666667
noisy,78,PROXIMA,0.883333333333,0.852941176471,0.172413793103,0.0645161290323,0.0038884256308,29,5,2,24,60,0.25
noisy,78,Correlation,0.883333333333,0.9,0.103448275862,0.129032258065,0.00274765079267,27,3,4,26,60,0.42
noisy,78,Decision only,0.883333333333,0.9,0.103448275862,0.129032258065,0.00274765079267,27,3,4,26,60,0.42
noisy,78,Local only,0.883333333333,0.852941176471,0.172413793103,0.0645161290323,0.0038884256308,29,5,2,24,60,0.25
noisy,78,Equal weights,0.883333333333,0.852941176471,0.172413793103,0.0645161290323,0.0038884256308,29,5,2,24,60,0.25
noisy,78,No local component,0.883333333333,0.9,0.103448275862,0.129032258065,0.00274765079267,27,3,4,26,60,0.42
noisy,78,Fixed faithful,0.883333333333,0.852941176471,0.172413793103,0.0645161290323,0.0038884256308,29,5,2,24,60,0.25
noisy,78,Fixed offset,0.6,0.563636363636,0.827586206897,0,0.0278361955106,31,24,0,5,60,0.316666666667
noisy,78,Fixed local_reversal,0.883333333333,0.9,0.103448275862,0.129032258065,0.00274765079267,27,3,4,26,60,0.42
noisy,78,Fixed unrelated,0.516666666667,0.533333333333,0.48275862069,0.483870967742,0.0381013144278,16,14,15,15,60,0.53
noisy,78,Uniform proxy,0.720833333333,,,,0.0181433965905,,,,,,0.379166666667
noisy,78,Always ship,0.516666666667,0.516666666667,1,0,0.0397647044983,31,29,0,0,60,0.496666666667
noisy,78,Never ship,0.483333333333,,0,1,0.0453953459818,0,0,31,29,60,0.503333333333
noisy,79,PROXIMA,0.933333333333,0.944444444444,0.0833333333333,0.0555555555556,0.00186379162542,34,2,2,22,60,0.313333333333
noisy,79,Correlation,0.933333333333,0.944444444444,0.0833333333333,0.0555555555556,0.00186379162542,34,2,2,22,60,0.313333333333
noisy,79,Decision only,0.933333333333,0.944444444444,0.0833333333333,0.0555555555556,0.00186379162542,34,2,2,22,60,0.313333333333
noisy,79,Local only,0.883333333333,0.939393939394,0.0833333333333,0.138888888889,0.00618080973738,31,2,5,22,60,0.213333333333
noisy,79,Equal weights,0.933333333333,0.944444444444,0.0833333333333,0.0555555555556,0.00186379162542,34,2,2,22,60,0.313333333333
noisy,79,No local component,0.933333333333,0.944444444444,0.0833333333333,0.0555555555556,0.00186379162542,34,2,2,22,60,0.313333333333
noisy,79,Fixed faithful,0.883333333333,0.939393939394,0.0833333333333,0.138888888889,0.00618080973738,31,2,5,22,60,0.213333333333
noisy,79,Fixed offset,0.75,0.705882352941,0.625,0,0.0145764834159,36,15,0,9,60,0.26
noisy,79,Fixed local_reversal,0.933333333333,0.944444444444,0.0833333333333,0.0555555555556,0.00186379162542,34,2,2,22,60,0.313333333333
noisy,79,Fixed unrelated,0.55,0.655172413793,0.416666666667,0.472222222222,0.0502134247743,19,10,17,14,60,0.473333333333
noisy,79,Uniform proxy,0.779166666667,,,,0.0182086273883,,,,,,0.315
noisy,79,Always ship,0.6,0.6,1,0,0.0390819325248,36,24,0,0,60,0.423333333333
noisy,79,Never ship,0.4,,0,1,0.0620420437968,0,0,36,24,60,0.576666666667
noisy,80,PROXIMA,0.816666666667,0.828571428571,0.230769230769,0.147058823529,0.00389028848165,29,6,5,20,60,0.293333333333
noisy,80,Correlation,0.7,0.653846153846,0.692307692308,0,0.017203381646,34,18,0,8,60,0.283333333333
noisy,80,Decision only,0.816666666667,0.828571428571,0.230769230769,0.147058823529,0.00389028848165,29,6,5,20,60,0.293333333333
noisy,80,Local only,0.7,0.653846153846,0.692307692308,0,0.017203381646,34,18,0,8,60,0.283333333333
noisy,80,Equal weights,0.816666666667,0.828571428571,0.230769230769,0.147058823529,0.00389028848165,29,6,5,20,60,0.293333333333
noisy,80,No local component,0.816666666667,0.828571428571,0.230769230769,0.147058823529,0.00389028848165,29,6,5,20,60,0.293333333333
noisy,80,Fixed faithful,0.816666666667,0.828571428571,0.230769230769,0.147058823529,0.00389028848165,29,6,5,20,60,0.293333333333
noisy,80,Fixed offset,0.7,0.653846153846,0.692307692308,0,0.017203381646,34,18,0,8,60,0.283333333333
noisy,80,Fixed local_reversal,0.916666666667,0.967741935484,0.0384615384615,0.117647058824,0.00144604140699,30,1,4,25,60,0.39
noisy,80,Fixed unrelated,0.5,0.566666666667,0.5,0.5,0.0467105880531,17,13,17,13,60,0.54
noisy,80,Uniform proxy,0.733333333333,,,,0.0173125748969,,,,,,0.376666666667
noisy,80,Always ship,0.566666666667,0.566666666667,1,0,0.0365962398542,34,26,0,0,60,0.47
noisy,80,Never ship,0.433333333333,,0,1,0.043454858743,0,0,34,26,60,0.53
noisy,81,PROXIMA,0.95,0.9375,0.0689655172414,0.0322580645161,0.00145390670692,30,2,1,27,60,0.28
noisy,81,Correlation,0.683333333333,0.62,0.655172413793,0,0.0256990531959,31,19,0,10,60,0.306666666667
noisy,81,Decision only,0.95,0.9375,0.0689655172414,0.0322580645161,0.00145390670692,30,2,1,27,60,0.28
noisy,81,Local only,0.95,0.9375,0.0689655172414,0.0322580645161,0.00145390670692,30,2,1,27,60,0.28
noisy,81,Equal weights,0.95,0.9375,0.0689655172414,0.0322580645161,0.00145390670692,30,2,1,27,60,0.28
noisy,81,No local component,0.95,0.9375,0.0689655172414,0.0322580645161,0.00145390670692,30,2,1,27,60,0.28
noisy,81,Fixed faithful,0.95,0.9375,0.0689655172414,0.0322580645161,0.00145390670692,30,2,1,27,60,0.28
noisy,81,Fixed offset,0.683333333333,0.62,0.655172413793,0,0.0256990531959,31,19,0,10,60,0.306666666667
noisy,81,Fixed local_reversal,0.833333333333,0.862068965517,0.137931034483,0.193548387097,0.00599777601622,25,4,6,25,60,0.386666666667
noisy,81,Fixed unrelated,0.55,0.576923076923,0.379310344828,0.516129032258,0.0435738796112,15,11,16,18,60,0.483333333333
noisy,81,Uniform proxy,0.754166666667,,,,0.0191811538826,,,,,,0.364166666667
noisy,81,Always ship,0.516666666667,0.516666666667,1,0,0.0483607001046,31,29,0,0,60,0.52
noisy,81,Never ship,0.483333333333,,0,1,0.048687603691,0,0,31,29,60,0.48
noisy,82,PROXIMA,0.8,0.806451612903,0.206896551724,0.193548387097,0.00919891391154,25,6,6,23,60,0.263333333333
noisy,82,Correlation,0.716666666667,0.645833333333,0.586206896552,0,0.0121021709516,31,17,0,12,60,0.273333333333
noisy,82,Decision only,0.8,0.806451612903,0.206896551724,0.193548387097,0.00919891391154,25,6,6,23,60,0.263333333333
noisy,82,Local only,0.8,0.806451612903,0.206896551724,0.193548387097,0.00919891391154,25,6,6,23,60,0.263333333333
noisy,82,Equal weights,0.8,0.806451612903,0.206896551724,0.193548387097,0.00919891391154,25,6,6,23,60,0.263333333333
noisy,82,No local component,0.8,0.806451612903,0.206896551724,0.193548387097,0.00919891391154,25,6,6,23,60,0.263333333333
noisy,82,Fixed faithful,0.8,0.806451612903,0.206896551724,0.193548387097,0.00919891391154,25,6,6,23,60,0.263333333333
noisy,82,Fixed offset,0.716666666667,0.645833333333,0.586206896552,0,0.0121021709516,31,17,0,12,60,0.273333333333
noisy,82,Fixed local_reversal,0.833333333333,0.8,0.241379310345,0.0967741935484,0.00349216722372,28,7,3,22,60,0.43
noisy,82,Fixed unrelated,0.583333333333,0.59375,0.448275862069,0.387096774194,0.0385293819483,19,13,12,16,60,0.54
noisy,82,Uniform proxy,0.733333333333,,,,0.0158306585088,,,,,,0.376666666667
noisy,82,Always ship,0.516666666667,0.516666666667,1,0,0.0447804199977,31,29,0,0,60,0.513333333333
noisy,82,Never ship,0.483333333333,,0,1,0.0449071344781,0,0,31,29,60,0.486666666667
noisy,83,PROXIMA,0.833333333333,0.857142857143,0.133333333333,0.2,0.00573731987637,24,4,6,26,60,0.276666666667
noisy,83,Correlation,0.833333333333,0.857142857143,0.133333333333,0.2,0.00573731987637,24,4,6,26,60,0.276666666667
noisy,83,Decision only,0.8,0.8,0.2,0.2,0.00922307035516,24,6,6,24,60,0.413333333333
noisy,83,Local only,0.833333333333,0.857142857143,0.133333333333,0.2,0.00573731987637,24,4,6,26,60,0.276666666667
noisy,83,Equal weights,0.833333333333,0.857142857143,0.133333333333,0.2,0.00573731987637,24,4,6,26,60,0.276666666667
noisy,83,No local component,0.833333333333,0.857142857143,0.133333333333,0.2,0.00573731987637,24,4,6,26,60,0.276666666667
noisy,83,Fixed faithful,0.833333333333,0.857142857143,0.133333333333,0.2,0.00573731987637,24,4,6,26,60,0.276666666667
noisy,83,Fixed offset,0.683333333333,0.612244897959,0.633333333333,0,0.0166033689642,30,19,0,11,60,0.31
noisy,83,Fixed local_reversal,0.8,0.8,0.2,0.2,0.00922307035516,24,6,6,24,60,0.413333333333
noisy,83,Fixed unrelated,0.55,0.548387096774,0.466666666667,0.433333333333,0.0294269820153,17,14,13,16,60,0.493333333333
noisy,83,Uniform proxy,0.716666666667,,,,0.0152476853028,,,,,,0.373333333333
noisy,83,Always ship,0.5,0.5,1,0,0.0485358046887,30,30,0,0,60,0.493333333333
noisy,83,Never ship,0.5,,0,1,0.0386882005475,0,0,30,30,60,0.506666666667
noisy,84,PROXIMA,0.866666666667,0.931034482759,0.0740740740741,0.181818181818,0.00412501340164,27,2,6,25,60,0.25
noisy,84,Correlation,0.716666666667,0.66,0.62962962963,0,0.0171640100484,33,17,0,10,60,0.276666666667
noisy,84,Decision only,0.866666666667,0.931034482759,0.0740740740741,0.181818181818,0.00412501340164,27,2,6,25,60,0.25
noisy,84,Local only,0.866666666667,0.931034482759,0.0740740740741,0.181818181818,0.00412501340164,27,2,6,25,60,0.25
noisy,84,Equal weights,0.866666666667,0.931034482759,0.0740740740741,0.181818181818,0.00412501340164,27,2,6,25,60,0.25
noisy,84,No local component,0.85,0.833333333333,0.222222222222,0.0909090909091,0.00427128904127,30,6,3,21,60,0.38
noisy,84,Fixed faithful,0.866666666667,0.931034482759,0.0740740740741,0.181818181818,0.00412501340164,27,2,6,25,60,0.25
noisy,84,Fixed offset,0.716666666667,0.66,0.62962962963,0,0.0171640100484,33,17,0,10,60,0.276666666667
noisy,84,Fixed local_reversal,0.85,0.833333333333,0.222222222222,0.0909090909091,0.00427128904127,30,6,3,21,60,0.38
noisy,84,Fixed unrelated,0.516666666667,0.583333333333,0.37037037037,0.575757575758,0.0411687548493,14,10,19,17,60,0.47
noisy,84,Uniform proxy,0.7375,,,,0.0166822668352,,,,,,0.344166666667
noisy,84,Always ship,0.55,0.55,1,0,0.0448532800192,33,27,0,0,60,0.496666666667
noisy,84,Never ship,0.45,,0,1,0.0409437906962,0,0,33,27,60,0.503333333333
noisy,85,PROXIMA,0.933333333333,0.923076923077,0.0588235294118,0.0769230769231,0.000994083633645,24,2,2,32,60,0.19
noisy,85,Correlation,0.683333333333,0.577777777778,0.558823529412,0,0.0148362005907,26,19,0,15,60,0.266666666667
noisy,85,Decision only,0.933333333333,0.923076923077,0.0588235294118,0.0769230769231,0.000994083633645,24,2,2,32,60,0.19
noisy,85,Local only,0.933333333333,0.923076923077,0.0588235294118,0.0769230769231,0.000994083633645,24,2,2,32,60,0.19
noisy,85,Equal weights,0.933333333333,0.923076923077,0.0588235294118,0.0769230769231,0.000994083633645,24,2,2,32,60,0.19
noisy,85,No local component,0.933333333333,0.923076923077,0.0588235294118,0.0769230769231,0.000994083633645,24,2,2,32,60,0.19
noisy,85,Fixed faithful,0.933333333333,0.923076923077,0.0588235294118,0.0769230769231,0.000994083633645,24,2,2,32,60,0.19
noisy,85,Fixed offset,0.683333333333,0.577777777778,0.558823529412,0,0.0148362005907,26,19,0,15,60,0.266666666667
noisy,85,Fixed local_reversal,0.833333333333,0.785714285714,0.176470588235,0.153846153846,0.00364705965628,22,6,4,28,60,0.366666666667
noisy,85,Fixed unrelated,0.366666666667,0.342105263158,0.735294117647,0.5,0.0644148901576,13,25,13,9,60,0.53
noisy,85,Uniform proxy,0.704166666667,,,,0.0209730585095,,,,,,0.338333333333
noisy,85,Always ship,0.433333333333,0.433333333333,1,0,0.0549438101235,26,34,0,0,60,0.516666666667
noisy,85,Never ship,0.566666666667,,0,1,0.0540036163407,0,0,26,34,60,0.483333333333
noisy,86,PROXIMA,0.933333333333,0.96,0.030303030303,0.111111111111,0.00348697124902,24,1,3,32,60,0.3
noisy,86,Correlation,0.933333333333,0.96,0.030303030303,0.111111111111,0.00348697124902,24,1,3,32,60,0.3
noisy,86,Decision only,0.916666666667,0.866666666667,0.121212121212,0.037037037037,0.00386231381693,26,4,1,29,60,0.223333333333
noisy,86,Local only,0.916666666667,0.866666666667,0.121212121212,0.037037037037,0.00386231381693,26,4,1,29,60,0.223333333333
noisy,86,Equal weights,0.916666666667,0.866666666667,0.121212121212,0.037037037037,0.00386231381693,26,4,1,29,60,0.223333333333
noisy,86,No local component,0.933333333333,0.96,0.030303030303,0.111111111111,0.00348697124902,24,1,3,32,60,0.3
noisy,86,Fixed faithful,0.916666666667,0.866666666667,0.121212121212,0.037037037037,0.00386231381693,26,4,1,29,60,0.223333333333
noisy,86,Fixed offset,0.7,0.6,0.545454545455,0,0.0206303036158,27,18,0,15,60,0.296666666667
noisy,86,Fixed local_reversal,0.933333333333,0.96,0.030303030303,0.111111111111,0.00348697124902,24,1,3,32,60,0.3
noisy,86,Fixed unrelated,0.516666666667,0.46875,0.515151515152,0.444444444444,0.0493798941115,15,17,12,16,60,0.526666666667
noisy,86,Uniform proxy,0.766666666667,,,,0.0193398706983,,,,,,0.336666666667
noisy,86,Always ship,0.45,0.45,1,0,0.0552798800846,27,33,0,0,60,0.53
noisy,86,Never ship,0.55,,0,1,0.0514752890112,0,0,27,33,60,0.47
noisy,87,PROXIMA,0.85,0.78125,0.212121212121,0.0740740740741,0.00341884246968,25,7,2,26,60,0.266666666667
noisy,87,Correlation,0.833333333333,0.774193548387,0.212121212121,0.111111111111,0.00272789095748,24,7,3,26,60,0.406666666667
noisy,87,Decision only,0.85,0.78125,0.212121212121,0.0740740740741,0.00341884246968,25,7,2,26,60,0.266666666667
noisy,87,Local only,0.85,0.78125,0.212121212121,0.0740740740741,0.00341884246968,25,7,2,26,60,0.266666666667
noisy,87,Equal weights,0.85,0.78125,0.212121212121,0.0740740740741,0.00341884246968,25,7,2,26,60,0.266666666667
noisy,87,No local component,0.85,0.78125,0.212121212121,0.0740740740741,0.00341884246968,25,7,2,26,60,0.266666666667
noisy,87,Fixed faithful,0.85,0.78125,0.212121212121,0.0740740740741,0.00341884246968,25,7,2,26,60,0.266666666667
noisy,87,Fixed offset,0.516666666667,0.482142857143,0.878787878788,0,0.0285637095563,27,29,0,4,60,0.336666666667
noisy,87,Fixed local_reversal,0.833333333333,0.774193548387,0.212121212121,0.111111111111,0.00272789095748,24,7,3,26,60,0.406666666667
noisy,87,Fixed unrelated,0.466666666667,0.41935483871,0.545454545455,0.518518518519,0.0449653163275,13,18,14,15,60,0.536666666667
noisy,87,Uniform proxy,0.666666666667,,,,0.0199189398277,,,,,,0.386666666667
noisy,87,Always ship,0.45,0.45,1,0,0.0384095306054,27,33,0,0,60,0.49
noisy,87,Never ship,0.55,,0,1,0.0438249429313,0,0,27,33,60,0.51
noisy,88,PROXIMA,0.816666666667,0.878787878788,0.166666666667,0.194444444444,0.00758710401057,29,4,7,20,60,0.24
noisy,88,Correlation,0.75,0.705882352941,0.625,0,0.0150092668157,36,15,0,9,60,0.273333333333
noisy,88,Decision only,0.85,0.864864864865,0.208333333333,0.111111111111,0.0051907662393,32,5,4,19,60,0.386666666667
noisy,88,Local only,0.816666666667,0.878787878788,0.166666666667,0.194444444444,0.00758710401057,29,4,7,20,60,0.24
noisy,88,Equal weights,0.816666666667,0.878787878788,0.166666666667,0.194444444444,0.00758710401057,29,4,7,20,60,0.24
noisy,88,No local component,0.85,0.864864864865,0.208333333333,0.111111111111,0.0051907662393,32,5,4,19,60,0.386666666667
noisy,88,Fixed faithful,0.816666666667,0.878787878788,0.166666666667,0.194444444444,0.00758710401057,29,4,7,20,60,0.24
noisy,88,Fixed offset,0.75,0.705882352941,0.625,0,0.0150092668157,36,15,0,9,60,0.273333333333
noisy,88,Fixed local_reversal,0.85,0.864864864865,0.208333333333,0.111111111111,0.0051907662393,32,5,4,19,60,0.386666666667
noisy,88,Fixed unrelated,0.633333333333,0.733333333333,0.333333333333,0.388888888889,0.0361733853239,22,8,14,16,60,0.436666666667
noisy,88,Uniform proxy,0.7625,,,,0.0159901305974,,,,,,0.334166666667
noisy,88,Always ship,0.6,0.6,1,0,0.0378837586177,36,24,0,0,60,0.446666666667
noisy,88,Never ship,0.4,,0,1,0.054310758636,0,0,36,24,60,0.553333333333
noisy,89,PROXIMA,0.8,0.851851851852,0.137931034483,0.258064516129,0.00620501842587,23,4,8,25,60,0.263333333333
noisy,89,Correlation,0.866666666667,0.828571428571,0.206896551724,0.0645161290323,0.00499851824931,29,6,2,23,60,0.376666666667
noisy,89,Decision only,0.8,0.851851851852,0.137931034483,0.258064516129,0.00620501842587,23,4,8,25,60,0.263333333333
noisy,89,Local only,0.8,0.851851851852,0.137931034483,0.258064516129,0.00620501842587,23,4,8,25,60,0.263333333333
noisy,89,Equal weights,0.8,0.851851851852,0.137931034483,0.258064516129,0.00620501842587,23,4,8,25,60,0.263333333333
noisy,89,No local component,0.866666666667,0.828571428571,0.206896551724,0.0645161290323,0.00499851824931,29,6,2,23,60,0.376666666667
noisy,89,Fixed faithful,0.8,0.851851851852,0.137931034483,0.258064516129,0.00620501842587,23,4,8,25,60,0.263333333333
noisy,89,Fixed offset,0.7,0.632653061224,0.620689655172,0,0.0122764159712,31,18,0,11,60,0.29
noisy,89,Fixed local_reversal,0.866666666667,0.828571428571,0.206896551724,0.0645161290323,0.00499851824931,29,6,2,23,60,0.376666666667
noisy,89,Fixed unrelated,0.5,0.515151515152,0.551724137931,0.451612903226,0.0461659616474,17,16,14,13,60,0.53
noisy,89,Uniform proxy,0.716666666667,,,,0.0174114785735,,,,,,0.365
noisy,89,Always ship,0.516666666667,0.516666666667,1,0,0.0449174787983,31,29,0,0,60,0.463333333333
noisy,89,Never ship,0.483333333333,,0,1,0.0551054700071,0,0,31,29,60,0.536666666667
noisy,90,PROXIMA,0.883333333333,0.857142857143,0.121212121212,0.111111111111,0.0032326606158,24,4,3,29,60,0.403333333333
noisy,90,Correlation,0.616666666667,0.54,0.69696969697,0,0.0200368949866,27,23,0,10,60,0.373333333333
noisy,90,Decision only,0.883333333333,0.857142857143,0.121212121212,0.111111111111,0.0032326606158,24,4,3,29,60,0.403333333333
noisy,90,Local only,0.783333333333,0.75,0.212121212121,0.222222222222,0.0102432220561,21,7,6,26,60,0.3
noisy,90,Equal weights,0.783333333333,0.75,0.212121212121,0.222222222222,0.0102432220561,21,7,6,26,60,0.3
noisy,90,No local component,0.883333333333,0.857142857143,0.121212121212,0.111111111111,0.0032326606158,24,4,3,29,60,0.403333333333
noisy,90,Fixed faithful,0.783333333333,0.75,0.212121212121,0.222222222222,0.0102432220561,21,7,6,26,60,0.3
noisy,90,Fixed offset,0.616666666667,0.54,0.69696969697,0,0.0200368949866,27,23,0,10,60,0.373333333333
noisy,90,Fixed local_reversal,0.883333333333,0.857142857143,0.121212121212,0.111111111111,0.0032326606158,24,4,3,29,60,0.403333333333
noisy,90,Fixed unrelated,0.516666666667,0.461538461538,0.424242424242,0.555555555556,0.0446886191514,12,14,15,19,60,0.496666666667
noisy,90,Uniform proxy,0.7,,,,0.0195503492025,,,,,,0.393333333333
noisy,90,Always ship,0.45,0.45,1,0,0.0454372088999,27,33,0,0,60,0.533333333333
noisy,90,Never ship,0.55,,0,1,0.0517868125624,0,0,27,33,60,0.466666666667
noisy,91,PROXIMA,0.783333333333,0.806451612903,0.214285714286,0.21875,0.0064160720087,25,6,7,22,60,0.303333333333
noisy,91,Correlation,0.833333333333,0.866666666667,0.142857142857,0.1875,0.0055626226988,26,4,6,24,60,0.45
noisy,91,Decision only,0.783333333333,0.806451612903,0.214285714286,0.21875,0.0064160720087,25,6,7,22,60,0.303333333333
noisy,91,Local only,0.65,0.603773584906,0.75,0,0.0193480987267,32,21,0,7,60,0.316666666667
noisy,91,Equal weights,0.783333333333,0.806451612903,0.214285714286,0.21875,0.0064160720087,25,6,7,22,60,0.303333333333
noisy,91,No local component,0.833333333333,0.866666666667,0.142857142857,0.1875,0.0055626226988,26,4,6,24,60,0.45
noisy,91,Fixed faithful,0.783333333333,0.806451612903,0.214285714286,0.21875,0.0064160720087,25,6,7,22,60,0.303333333333
noisy,91,Fixed offset,0.65,0.603773584906,0.75,0,0.0193480987267,32,21,0,7,60,0.316666666667
noisy,91,Fixed local_reversal,0.833333333333,0.866666666667,0.142857142857,0.1875,0.0055626226988,26,4,6,24,60,0.45
noisy,91,Fixed unrelated,0.5,0.53125,0.535714285714,0.46875,0.0288474499637,17,15,15,13,60,0.493333333333
noisy,91,Uniform proxy,0.691666666667,,,,0.0150435608495,,,,,,0.390833333333
noisy,91,Always ship,0.533333333333,0.533333333333,1,0,0.0308932256459,32,28,0,0,60,0.47
noisy,91,Never ship,0.466666666667,,0,1,0.0442951943035,0,0,32,28,60,0.53
noisy,92,PROXIMA,0.9,0.892857142857,0.09375,0.107142857143,0.00348112106635,25,3,3,29,60,0.263333333333
noisy,92,Correlation,0.9,0.923076923077,0.0625,0.142857142857,0.00391385617894,24,2,4,30,60,0.423333333333
noisy,92,Decision only,0.9,0.923076923077,0.0625,0.142857142857,0.00391385617894,24,2,4,30,60,0.423333333333
noisy,92,Local only,0.9,0.892857142857,0.09375,0.107142857143,0.00348112106635,25,3,3,29,60,0.263333333333
noisy,92,Equal weights,0.9,0.892857142857,0.09375,0.107142857143,0.00348112106635,25,3,3,29,60,0.263333333333
noisy,92,No local component,0.9,0.923076923077,0.0625,0.142857142857,0.00391385617894,24,2,4,30,60,0.423333333333
noisy,92,Fixed faithful,0.9,0.892857142857,0.09375,0.107142857143,0.00348112106635,25,3,3,29,60,0.263333333333
noisy,92,Fixed offset,0.683333333333,0.6,0.5625,0.0357142857143,0.0180285667164,27,18,1,14,60,0.286666666667
noisy,92,Fixed local_reversal,0.9,0.923076923077,0.0625,0.142857142857,0.00391385617894,24,2,4,30,60,0.423333333333
noisy,92,Fixed unrelated,0.4,0.357142857143,0.5625,0.642857142857,0.0536502714085,10,18,18,14,60,0.516666666667
noisy,92,Uniform proxy,0.720833333333,,,,0.0197684538426,,,,,,0.3725
noisy,92,Always ship,0.466666666667,0.466666666667,1,0,0.0545884442652,28,32,0,0,60,0.536666666667
noisy,92,Never ship,0.533333333333,,0,1,0.03398527741,0,0,28,32,60,0.463333333333
noisy,93,PROXIMA,0.866666666667,0.896551724138,0.103448275862,0.161290322581,0.00355133574683,26,3,5,26,60,0.23
noisy,93,Correlation,0.883333333333,0.961538461538,0.0344827586207,0.193548387097,0.00258120338202,25,1,6,28,60,0.36
noisy,93,Decision only,0.883333333333,0.961538461538,0.0344827586207,0.193548387097,0.00258120338202,25,1,6,28,60,0.36
noisy,93,Local only,0.866666666667,0.896551724138,0.103448275862,0.161290322581,0.00355133574683,26,3,5,26,60,0.23
noisy,93,Equal weights,0.866666666667,0.896551724138,0.103448275862,0.161290322581,0.00355133574683,26,3,5,26,60,0.23
noisy,93,No local component,0.883333333333,0.961538461538,0.0344827586207,0.193548387097,0.00258120338202,25,1,6,28,60,0.36
noisy,93,Fixed faithful,0.866666666667,0.896551724138,0.103448275862,0.161290322581,0.00355133574683,26,3,5,26,60,0.23
noisy,93,Fixed offset,0.8,0.720930232558,0.413793103448,0,0.0119618698388,31,12,0,17,60,0.263333333333
noisy,93,Fixed local_reversal,0.883333333333,0.961538461538,0.0344827586207,0.193548387097,0.00258120338202,25,1,6,28,60,0.36
noisy,93,Fixed unrelated,0.55,0.566666666667,0.448275862069,0.451612903226,0.0554513733723,17,13,14,16,60,0.483333333333
noisy,93,Uniform proxy,0.775,,,,0.018386445585,,,,,,0.334166666667
noisy,93,Always ship,0.516666666667,0.516666666667,1,0,0.0537564189747,31,29,0,0,60,0.516666666667
noisy,93,Never ship,0.483333333333,,0,1,0.0445653691483,0,0,31,29,60,0.483333333333
noisy,94,PROXIMA,0.85,0.76,0.157894736842,0.136363636364,0.00356669364845,19,6,3,32,60,0.233333333333
noisy,94,Correlation,0.566666666667,0.458333333333,0.684210526316,0,0.026423089766,22,26,0,12,60,0.353333333333
noisy,94,Decision only,0.85,0.76,0.157894736842,0.136363636364,0.00356669364845,19,6,3,32,60,0.233333333333
noisy,94,Local only,0.85,0.76,0.157894736842,0.136363636364,0.00356669364845,19,6,3,32,60,0.233333333333
noisy,94,Equal weights,0.85,0.76,0.157894736842,0.136363636364,0.00356669364845,19,6,3,32,60,0.233333333333
noisy,94,No local component,0.85,0.76,0.157894736842,0.136363636364,0.00356669364845,19,6,3,32,60,0.233333333333
noisy,94,Fixed faithful,0.85,0.76,0.157894736842,0.136363636364,0.00356669364845,19,6,3,32,60,0.233333333333
noisy,94,Fixed offset,0.566666666667,0.458333333333,0.684210526316,0,0.026423089766,22,26,0,12,60,0.353333333333
noisy,94,Fixed local_reversal,0.883333333333,0.8,0.131578947368,0.0909090909091,0.0022152538308,20,5,2,33,60,0.41
noisy,94,Fixed unrelated,0.5,0.318181818182,0.394736842105,0.681818181818,0.0409231229166,7,15,15,23,60,0.476666666667
noisy,94,Uniform proxy,0.7,,,,0.0182820400405,,,,,,0.368333333333
noisy,94,Always ship,0.366666666667,0.366666666667,1,0,0.0514443365223,22,38,0,0,60,0.566666666667
noisy,94,Never ship,0.633333333333,,0,1,0.0312628468475,0,0,22,38,60,0.433333333333
noisy,95,PROXIMA,0.883333333333,0.933333333333,0.0740740740741,0.151515151515,0.00496314812375,28,2,5,25,60,0.383333333333
noisy,95,Correlation,0.883333333333,0.933333333333,0.0740740740741,0.151515151515,0.00496314812375,28,2,5,25,60,0.383333333333
noisy,95,Decision only,0.9,0.885714285714,0.148148148148,0.0606060606061,0.00440998348057,31,4,2,23,60,0.256666666667
noisy,95,Local only,0.9,0.885714285714,0.148148148148,0.0606060606061,0.00440998348057,31,4,2,23,60,0.256666666667
noisy,95,Equal weights,0.883333333333,0.933333333333,0.0740740740741,0.151515151515,0.00496314812375,28,2,5,25,60,0.383333333333
noisy,95,No local component,0.883333333333,0.933333333333,0.0740740740741,0.151515151515,0.00496314812375,28,2,5,25,60,0.383333333333
noisy,95,Fixed faithful,0.9,0.885714285714,0.148148148148,0.0606060606061,0.00440998348057,31,4,2,23,60,0.256666666667
noisy,95,Fixed offset,0.65,0.611111111111,0.777777777778,0,0.0213946436853,33,21,0,6,60,0.276666666667
noisy,95,Fixed local_reversal,0.883333333333,0.933333333333,0.0740740740741,0.151515151515,0.00496314812375,28,2,5,25,60,0.383333333333
noisy,95,Fixed unrelated,0.5,0.551724137931,0.481481481481,0.515151515152,0.0480205497207,16,13,17,14,60,0.47
noisy,95,Uniform proxy,0.733333333333,,,,0.0196970812526,,,,,,0.346666666667
noisy,95,Always ship,0.55,0.55,1,0,0.0318208350824,33,27,0,0,60,0.443333333333
noisy,95,Never ship,0.45,,0,1,0.0492767885643,0,0,33,27,60,0.556666666667
noisy,96,PROXIMA,0.933333333333,0.925925925926,0.0606060606061,0.0740740740741,0.00223083273536,25,2,2,31,60,0.236666666667
noisy,96,Correlation,0.933333333333,0.925925925926,0.0606060606061,0.0740740740741,0.00223083273536,25,2,2,31,60,0.236666666667
noisy,96,Decision only,0.933333333333,0.925925925926,0.0606060606061,0.0740740740741,0.00223083273536,25,2,2,31,60,0.236666666667
noisy,96,Local only,0.933333333333,0.925925925926,0.0606060606061,0.0740740740741,0.00223083273536,25,2,2,31,60,0.236666666667
noisy,96,Equal weights,0.933333333333,0.925925925926,0.0606060606061,0.0740740740741,0.00223083273536,25,2,2,31,60,0.236666666667
noisy,96,No local component,0.933333333333,0.925925925926,0.0606060606061,0.0740740740741,0.00223083273536,25,2,2,31,60,0.236666666667
noisy,96,Fixed faithful,0.933333333333,0.925925925926,0.0606060606061,0.0740740740741,0.00223083273536,25,2,2,31,60,0.236666666667
noisy,96,Fixed offset,0.616666666667,0.54,0.69696969697,0,0.0292577669298,27,23,0,10,60,0.25
noisy,96,Fixed local_reversal,0.9,0.862068965517,0.121212121212,0.0740740740741,0.00348036959867,25,4,2,29,60,0.323333333333
noisy,96,Fixed unrelated,0.5,0.444444444444,0.454545454545,0.555555555556,0.0648258213384,12,15,15,18,60,0.516666666667
noisy,96,Uniform proxy,0.7375,,,,0.0249486976506,,,,,,0.331666666667
noisy,96,Always ship,0.45,0.45,1,0,0.0648080895162,27,33,0,0,60,0.513333333333
noisy,96,Never ship,0.55,,0,1,0.0503903477758,0,0,27,33,60,0.486666666667
noisy,97,PROXIMA,0.9,0.852941176471,0.166666666667,0.0333333333333,0.00231249209849,29,5,1,25,60,0.413333333333
noisy,97,Correlation,0.9,0.852941176471,0.166666666667,0.0333333333333,0.00231249209849,29,5,1,25,60,0.413333333333
noisy,97,Decision only,0.85,0.888888888889,0.1,0.2,0.0043388262368,24,3,6,27,60,0.246666666667
noisy,97,Local only,0.9,0.852941176471,0.166666666667,0.0333333333333,0.00231249209849,29,5,1,25,60,0.413333333333
noisy,97,Equal weights,0.9,0.852941176471,0.166666666667,0.0333333333333,0.00231249209849,29,5,1,25,60,0.413333333333
noisy,97,No local component,0.9,0.852941176471,0.166666666667,0.0333333333333,0.00231249209849,29,5,1,25,60,0.413333333333
noisy,97,Fixed faithful,0.85,0.888888888889,0.1,0.2,0.0043388262368,24,3,6,27,60,0.246666666667
noisy,97,Fixed offset,0.616666666667,0.566037735849,0.766666666667,0,0.0221590654439,30,23,0,7,60,0.29
noisy,97,Fixed local_reversal,0.9,0.852941176471,0.166666666667,0.0333333333333,0.00231249209849,29,5,1,25,60,0.413333333333
noisy,97,Fixed unrelated,0.533333333333,0.529411764706,0.533333333333,0.4,0.0540654778234,18,16,12,14,60,0.51
noisy,97,Uniform proxy,0.725,,,,0.0207189654006,,,,,,0.365
noisy,97,Always ship,0.5,0.5,1,0,0.0474158797246,30,30,0,0,60,0.486666666667
noisy,97,Never ship,0.5,,0,1,0.0460353852483,0,0,30,30,60,0.513333333333
noisy,98,PROXIMA,0.833333333333,0.771428571429,0.258064516129,0.0689655172414,0.00346625686411,27,8,2,23,60,0.41
noisy,98,Correlation,0.833333333333,0.771428571429,0.258064516129,0.0689655172414,0.00346625686411,27,8,2,23,60,0.41
noisy,98,Decision only,0.833333333333,0.771428571429,0.258064516129,0.0689655172414,0.00346625686411,27,8,2,23,60,0.41
noisy,98,Local only,0.616666666667,0.557692307692,0.741935483871,0,0.019353317581,29,23,0,8,60,0.313333333333
noisy,98,Equal weights,0.833333333333,0.771428571429,0.258064516129,0.0689655172414,0.00346625686411,27,8,2,23,60,0.41
noisy,98,No local component,0.833333333333,0.771428571429,0.258064516129,0.0689655172414,0.00346625686411,27,8,2,23,60,0.41
noisy,98,Fixed faithful,0.9,0.925925925926,0.0645161290323,0.137931034483,0.00159802919306,25,2,4,29,60,0.246666666667
noisy,98,Fixed offset,0.616666666667,0.557692307692,0.741935483871,0,0.019353317581,29,23,0,8,60,0.313333333333
noisy,98,Fixed local_reversal,0.833333333333,0.771428571429,0.258064516129,0.0689655172414,0.00346625686411,27,8,2,23,60,0.41
noisy,98,Fixed unrelated,0.6,0.58064516129,0.41935483871,0.379310344828,0.0406876198796,18,13,11,18,60,0.42
noisy,98,Uniform proxy,0.7375,,,,0.0162763058794,,,,,,0.3475
noisy,98,Always ship,0.483333333333,0.483333333333,1,0,0.039580503799,29,31,0,0,60,0.496666666667
noisy,98,Never ship,0.516666666667,,0,1,0.0491262730656,0,0,29,31,60,0.503333333333
noisy,99,PROXIMA,0.833333333333,0.885714285714,0.173913043478,0.162162162162,0.00666587335974,31,4,6,19,60,0.4
noisy,99,Correlation,0.833333333333,0.885714285714,0.173913043478,0.162162162162,0.00666587335974,31,4,6,19,60,0.4
noisy,99,Decision only,0.833333333333,0.885714285714,0.173913043478,0.162162162162,0.00666587335974,31,4,6,19,60,0.4
noisy,99,Local only,0.883333333333,0.857142857143,0.260869565217,0.027027027027,0.00994762550195,36,6,1,17,60,0.28
noisy,99,Equal weights,0.833333333333,0.885714285714,0.173913043478,0.162162162162,0.00666587335974,31,4,6,19,60,0.4
noisy,99,No local component,0.833333333333,0.885714285714,0.173913043478,0.162162162162,0.00666587335974,31,4,6,19,60,0.4
noisy,99,Fixed faithful,0.883333333333,0.857142857143,0.260869565217,0.027027027027,0.00994762550195,36,6,1,17,60,0.28
noisy,99,Fixed offset,0.75,0.711538461538,0.652173913043,0,0.0200623765667,37,15,0,8,60,0.28
noisy,99,Fixed local_reversal,0.833333333333,0.885714285714,0.173913043478,0.162162162162,0.00666587335974,31,4,6,19,60,0.4
noisy,99,Fixed unrelated,0.583333333333,0.75,0.260869565217,0.513513513514,0.0377129724098,18,6,19,17,60,0.493333333333
noisy,99,Uniform proxy,0.7625,,,,0.0185972119595,,,,,,0.363333333333
noisy,99,Always ship,0.616666666667,0.616666666667,1,0,0.0419020155232,37,23,0,0,60,0.48
noisy,99,Never ship,0.383333333333,,0,1,0.0456544697462,0,0,37,23,60,0.52
shifted,0,PROXIMA,0.5,0.464285714286,0.882352941176,0,0.0448558395068,26,30,0,4,60,0.41
shifted,0,Correlation,0.716666666667,0.604651162791,0.5,0,0.013419876697,26,17,0,17,60,0.29
shifted,0,Decision only,0.5,0.464285714286,0.882352941176,0,0.0448558395068,26,30,0,4,60,0.41
shifted,0,Local only,0.5,0.464285714286,0.882352941176,0,0.0448558395068,26,30,0,4,60,0.41
shifted,0,Equal weights,0.5,0.464285714286,0.882352941176,0,0.0448558395068,26,30,0,4,60,0.41
shifted,0,No local component,0.966666666667,0.961538461538,0.0294117647059,0.0384615384615,0.000630676508222,25,1,1,33,60,0.286666666667
shifted,0,Fixed faithful,0.5,0.464285714286,0.882352941176,0,0.0448558395068,26,30,0,4,60,0.41
shifted,0,Fixed offset,0.716666666667,0.604651162791,0.5,0,0.013419876697,26,17,0,17,60,0.29
shifted,0,Fixed local_reversal,0.966666666667,0.961538461538,0.0294117647059,0.0384615384615,0.000630676508222,25,1,1,33,60,0.286666666667
shifted,0,Fixed unrelated,0.433333333333,0.375,0.588235294118,0.538461538462,0.0569803343331,12,20,14,14,60,0.52
shifted,0,Uniform proxy,0.654166666667,,,,0.0289716817613,,,,,,0.376666666667
shifted,0,Always ship,0.433333333333,0.433333333333,1,0,0.0587870100475,26,34,0,0,60,0.54
shifted,0,Never ship,0.566666666667,,0,1,0.0439828664204,0,0,26,34,60,0.46
shifted,1,PROXIMA,0.583333333333,0.583333333333,1,0,0.0406057944878,35,25,0,0,60,0.4
shifted,1,Correlation,0.733333333333,0.686274509804,0.64,0,0.0175504052588,35,16,0,9,60,0.296666666667
shifted,1,Decision only,0.966666666667,0.971428571429,0.04,0.0285714285714,0.000442499043313,34,1,1,24,60,0.3
shifted,1,Local only,0.583333333333,0.583333333333,1,0,0.0406057944878,35,25,0,0,60,0.4
shifted,1,Equal weights,0.583333333333,0.583333333333,1,0,0.0406057944878,35,25,0,0,60,0.4
shifted,1,No local component,0.966666666667,0.971428571429,0.04,0.0285714285714,0.000442499043313,34,1,1,24,60,0.3
shifted,1,Fixed faithful,0.583333333333,0.583333333333,1,0,0.0406057944878,35,25,0,0,60,0.4
shifted,1,Fixed offset,0.733333333333,0.686274509804,0.64,0,0.0175504052588,35,16,0,9,60,0.296666666667
shifted,1,Fixed local_reversal,0.966666666667,0.971428571429,0.04,0.0285714285714,0.000442499043313,34,1,1,24,60,0.3
shifted,1,Fixed unrelated,0.366666666667,0.451612903226,0.68,0.6,0.0728836978384,14,17,21,8,60,0.563333333333
shifted,1,Uniform proxy,0.6625,,,,0.0328705991571,,,,,,0.39
shifted,1,Always ship,0.583333333333,0.583333333333,1,0,0.0406057944878,35,25,0,0,60,0.48
shifted,1,Never ship,0.416666666667,,0,1,0.0629695160489,0,0,35,25,60,0.52
shifted,2,PROXIMA,0.583333333333,0.576271186441,0.961538461538,0,0.0252278106906,34,25,0,1,60,0.333333333333
shifted,2,Correlation,0.65,0.618181818182,0.807692307692,0,0.0155066983023,34,21,0,5,60,0.25
shifted,2,Decision only,0.933333333333,0.916666666667,0.115384615385,0.0294117647059,0.00083362660467,33,3,1,23,60,0.396666666667
shifted,2,Local only,0.583333333333,0.576271186441,0.961538461538,0,0.0252278106906,34,25,0,1,60,0.333333333333
shifted,2,Equal weights,0.583333333333,0.576271186441,0.961538461538,0,0.0252278106906,34,25,0,1,60,0.333333333333
shifted,2,No local component,0.933333333333,0.916666666667,0.115384615385,0.0294117647059,0.00083362660467,33,3,1,23,60,0.396666666667
shifted,2,Fixed faithful,0.583333333333,0.576271186441,0.961538461538,0,0.0252278106906,34,25,0,1,60,0.333333333333
shifted,2,Fixed offset,0.65,0.618181818182,0.807692307692,0,0.0155066983023,34,21,0,5,60,0.25
shifted,2,Fixed local_reversal,0.933333333333,0.916666666667,0.115384615385,0.0294117647059,0.00083362660467,33,3,1,23,60,0.396666666667
shifted,2,Fixed unrelated,0.416666666667,0.481481481481,0.538461538462,0.617647058824,0.0559576672133,13,14,21,12,60,0.486666666667
shifted,2,Uniform proxy,0.645833333333,,,,0.0243814507027,,,,,,0.366666666667
shifted,2,Always ship,0.566666666667,0.566666666667,1,0,0.0298402919895,34,26,0,0,60,0.403333333333
shifted,2,Never ship,0.433333333333,,0,1,0.0589485557257,0,0,34,26,60,0.596666666667
shifted,3,PROXIMA,0.533333333333,0.508771929825,0.903225806452,0,0.0413515595247,29,28,0,3,60,0.416666666667
shifted,3,Correlation,0.933333333333,0.903225806452,0.0967741935484,0.0344827586207,0.00105349663674,28,3,1,28,60,0.306666666667
shifted,3,Decision only,0.933333333333,0.903225806452,0.0967741935484,0.0344827586207,0.00105349663674,28,3,1,28,60,0.306666666667
shifted,3,Local only,0.533333333333,0.508771929825,0.903225806452,0,0.0413515595247,29,28,0,3,60,0.416666666667
shifted,3,Equal weights,0.533333333333,0.508771929825,0.903225806452,0,0.0413515595247,29,28,0,3,60,0.416666666667
shifted,3,No local component,0.933333333333,0.903225806452,0.0967741935484,0.0344827586207,0.00105349663674,28,3,1,28,60,0.306666666667
shifted,3,Fixed faithful,0.533333333333,0.508771929825,0.903225806452,0,0.0413515595247,29,28,0,3,60,0.416666666667
shifted,3,Fixed offset,0.65,0.58,0.677419354839,0,0.0214532268294,29,21,0,10,60,0.29
shifted,3,Fixed local_reversal,0.933333333333,0.903225806452,0.0967741935484,0.0344827586207,0.00105349663674,28,3,1,28,60,0.306666666667
shifted,3,Fixed unrelated,0.533333333333,0.515151515152,0.516129032258,0.413793103448,0.0574154215727,17,16,12,15,60,0.526666666667
shifted,3,Uniform proxy,0.6625,,,,0.0303184261409,,,,,,0.385
shifted,3,Always ship,0.483333333333,0.483333333333,1,0,0.0521819887833,29,31,0,0,60,0.51
shifted,3,Never ship,0.516666666667,,0,1,0.0525451815649,0,0,29,31,60,0.49
shifted,4,PROXIMA,0.45,0.421052631579,0.916666666667,0,0.0382018722288,24,33,0,3,60,0.403333333333
shifted,4,Correlation,0.966666666667,0.923076923077,0.0555555555556,0,0.000320480253781,24,2,0,34,60,0.37
shifted,4,Decision only,0.966666666667,0.923076923077,0.0555555555556,0,0.000320480253781,24,2,0,34,60,0.37
shifted,4,Local only,0.45,0.421052631579,0.916666666667,0,0.0382018722288,24,33,0,3,60,0.403333333333
shifted,4,Equal weights,0.45,0.421052631579,0.916666666667,0,0.0382018722288,24,33,0,3,60,0.403333333333
shifted,4,No local component,0.966666666667,0.923076923077,0.0555555555556,0,0.000320480253781,24,2,0,34,60,0.37
shifted,4,Fixed faithful,0.45,0.421052631579,0.916666666667,0,0.0382018722288,24,33,0,3,60,0.403333333333
shifted,4,Fixed offset,0.55,0.470588235294,0.75,0,0.0239589332407,24,27,0,9,60,0.3
shifted,4,Fixed local_reversal,0.966666666667,0.923076923077,0.0555555555556,0,0.000320480253781,24,2,0,34,60,0.37
shifted,4,Fixed unrelated,0.483333333333,0.379310344828,0.5,0.541666666667,0.0513844991777,11,18,13,18,60,0.466666666667
shifted,4,Uniform proxy,0.6125,,,,0.0284664462252,,,,,,0.385
shifted,4,Always ship,0.4,0.4,1,0,0.0517936099884,24,36,0,0,60,0.526666666667
shifted,4,Never ship,0.6,,0,1,0.0426897516192,0,0,24,36,60,0.473333333333
shifted,5,PROXIMA,0.433333333333,0.413793103448,0.944444444444,0,0.0352486177197,24,34,0,2,60,0.423333333333
shifted,5,Correlation,0.933333333333,0.857142857143,0.111111111111,0,0.000815820064842,24,4,0,32,60,0.416666666667
shifted,5,Decision only,0.933333333333,0.857142857143,0.111111111111,0,0.000815820064842,24,4,0,32,60,0.416666666667
shifted,5,Local only,0.433333333333,0.413793103448,0.944444444444,0,0.0352486177197,24,34,0,2,60,0.423333333333
shifted,5,Equal weights,0.433333333333,0.413793103448,0.944444444444,0,0.0352486177197,24,34,0,2,60,0.423333333333
shifted,5,No local component,0.933333333333,0.857142857143,0.111111111111,0,0.000815820064842,24,4,0,32,60,0.416666666667
shifted,5,Fixed faithful,0.433333333333,0.413793103448,0.944444444444,0,0.0352486177197,24,34,0,2,60,0.423333333333
shifted,5,Fixed offset,0.483333333333,0.436363636364,0.861111111111,0,0.0273557044578,24,31,0,5,60,0.343333333333
shifted,5,Fixed local_reversal,0.933333333333,0.857142857143,0.111111111111,0,0.000815820064842,24,4,0,32,60,0.416666666667
shifted,5,Fixed unrelated,0.55,0.454545454545,0.5,0.375,0.0352676022453,15,18,9,18,60,0.476666666667
shifted,5,Uniform proxy,0.6,,,,0.0246719361219,,,,,,0.415
shifted,5,Always ship,0.4,0.4,1,0,0.0427822769214,24,36,0,0,60,0.513333333333
shifted,5,Never ship,0.6,,0,1,0.0372457265515,0,0,24,36,60,0.486666666667
shifted,6,PROXIMA,0.4,0.389830508475,0.972972972973,0,0.0345954189877,23,36,0,1,60,0.423333333333
shifted,6,Correlation,0.483333333333,0.425925925926,0.837837837838,0,0.0228508813246,23,31,0,6,60,0.323333333333
shifted,6,Decision only,0.4,0.389830508475,0.972972972973,0,0.0345954189877,23,36,0,1,60,0.423333333333
shifted,6,Local only,0.4,0.389830508475,0.972972972973,0,0.0345954189877,23,36,0,1,60,0.423333333333
shifted,6,Equal weights,0.4,0.389830508475,0.972972972973,0,0.0345954189877,23,36,0,1,60,0.423333333333
shifted,6,No local component,0.4,0.389830508475,0.972972972973,0,0.0345954189877,23,36,0,1,60,0.423333333333
shifted,6,Fixed faithful,0.4,0.389830508475,0.972972972973,0,0.0345954189877,23,36,0,1,60,0.423333333333
shifted,6,Fixed offset,0.483333333333,0.425925925926,0.837837837838,0,0.0228508813246,23,31,0,6,60,0.323333333333
shifted,6,Fixed local_reversal,0.95,0.954545454545,0.027027027027,0.0869565217391,0.000328828903282,21,1,2,36,60,0.386666666667
shifted,6,Fixed unrelated,0.483333333333,0.318181818182,0.405405405405,0.695652173913,0.0440181277813,7,15,16,22,60,0.49
shifted,6,Uniform proxy,0.579166666667,,,,0.0254483142492,,,,,,0.405833333333
shifted,6,Always ship,0.383333333333,0.383333333333,1,0,0.0385264657227,23,37,0,0,60,0.493333333333
shifted,6,Never ship,0.616666666667,,0,1,0.0425520921386,0,0,23,37,60,0.506666666667
shifted,7,PROXIMA,0.583333333333,0.561403508772,0.892857142857,0,0.0319460320063,32,25,0,3,60,0.4
shifted,7,Correlation,0.65,0.603773584906,0.75,0,0.020109234338,32,21,0,7,60,0.32
shifted,7,Decision only,0.95,0.939393939394,0.0714285714286,0.03125,0.000796025356074,31,2,1,26,60,0.38
shifted,7,Local only,0.583333333333,0.561403508772,0.892857142857,0,0.0319460320063,32,25,0,3,60,0.4
shifted,7,Equal weights,0.583333333333,0.561403508772,0.892857142857,0,0.0319460320063,32,25,0,3,60,0.4
shifted,7,No local component,0.95,0.939393939394,0.0714285714286,0.03125,0.000796025356074,31,2,1,26,60,0.38
shifted,7,Fixed faithful,0.583333333333,0.561403508772,0.892857142857,0,0.0319460320063,32,25,0,3,60,0.4
shifted,7,Fixed offset,0.65,0.603773584906,0.75,0,0.020109234338,32,21,0,7,60,0.32
shifted,7,Fixed local_reversal,0.95,0.939393939394,0.0714285714286,0.03125,0.000796025356074,31,2,1,26,60,0.38
shifted,7,Fixed unrelated,0.466666666667,0.5,0.464285714286,0.59375,0.0532684098354,13,13,19,15,60,0.52
shifted,7,Uniform proxy,0.6625,,,,0.0265299253839,,,,,,0.405
shifted,7,Always ship,0.533333333333,0.533333333333,1,0,0.0436108884497,32,28,0,0,60,0.49
shifted,7,Never ship,0.466666666667,,0,1,0.0450635590958,0,0,32,28,60,0.51
shifted,8,PROXIMA,0.566666666667,0.535714285714,0.866666666667,0,0.0346822200595,30,26,0,4,60,0.443333333333
shifted,8,Correlation,0.65,0.588235294118,0.7,0,0.023180203362,30,21,0,9,60,0.313333333333
shifted,8,Decision only,0.933333333333,0.964285714286,0.0333333333333,0.1,0.000600900320035,27,1,3,29,60,0.36
shifted,8,Local only,0.566666666667,0.535714285714,0.866666666667,0,0.0346822200595,30,26,0,4,60,0.443333333333
shifted,8,Equal weights,0.566666666667,0.535714285714,0.866666666667,0,0.0346822200595,30,26,0,4,60,0.443333333333
shifted,8,No local component,0.933333333333,0.964285714286,0.0333333333333,0.1,0.000600900320035,27,1,3,29,60,0.36
shifted,8,Fixed faithful,0.566666666667,0.535714285714,0.866666666667,0,0.0346822200595,30,26,0,4,60,0.443333333333
shifted,8,Fixed offset,0.65,0.588235294118,0.7,0,0.023180203362,30,21,0,9,60,0.313333333333
shifted,8,Fixed local_reversal,0.933333333333,0.964285714286,0.0333333333333,0.1,0.000600900320035,27,1,3,29,60,0.36
shifted,8,Fixed unrelated,0.516666666667,0.516129032258,0.5,0.466666666667,0.0499575061205,16,15,14,15,60,0.5
shifted,8,Uniform proxy,0.666666666667,,,,0.0271052074655,,,,,,0.404166666667
shifted,8,Always ship,0.5,0.5,1,0,0.0500249207021,30,30,0,0,60,0.54
shifted,8,Never ship,0.5,,0,1,0.0515576635381,0,0,30,30,60,0.46
shifted,9,PROXIMA,0.5,0.5,1,0,0.0494167064043,30,30,0,0,60,0.386666666667
shifted,9,Correlation,0.666666666667,0.6,0.666666666667,0,0.023717307818,30,20,0,10,60,0.26
shifted,9,Decision only,0.966666666667,0.966666666667,0.0333333333333,0.0333333333333,0.000562487396887,29,1,1,29,60,0.266666666667
shifted,9,Local only,0.5,0.5,1,0,0.0494167064043,30,30,0,0,60,0.386666666667
shifted,9,Equal weights,0.5,0.5,1,0,0.0494167064043,30,30,0,0,60,0.386666666667
shifted,9,No local component,0.966666666667,0.966666666667,0.0333333333333,0.0333333333333,0.000562487396887,29,1,1,29,60,0.266666666667
shifted,9,Fixed faithful,0.5,0.5,1,0,0.0494167064043,30,30,0,0,60,0.386666666667
shifted,9,Fixed offset,0.666666666667,0.6,0.666666666667,0,0.023717307818,30,20,0,10,60,0.26
shifted,9,Fixed local_reversal,0.966666666667,0.966666666667,0.0333333333333,0.0333333333333,0.000562487396887,29,1,1,29,60,0.266666666667
shifted,9,Fixed unrelated,0.633333333333,0.625,0.4,0.333333333333,0.0459378827883,20,12,10,18,60,0.523333333333
shifted,9,Uniform proxy,0.691666666667,,,,0.0299085961019,,,,,,0.359166666667
shifted,9,Always ship,0.5,0.5,1,0,0.0494167064043,30,30,0,0,60,0.483333333333
shifted,9,Never ship,0.5,,0,1,0.0619124482576,0,0,30,30,60,0.516666666667
shifted,10,PROXIMA,0.583333333333,0.561403508772,0.892857142857,0,0.0352494514802,32,25,0,3,60,0.36
shifted,10,Correlation,0.95,0.967741935484,0.0357142857143,0.0625,0.000198571882795,30,1,2,27,60,0.256666666667
shifted,10,Decision only,0.95,0.967741935484,0.0357142857143,0.0625,0.000198571882795,30,1,2,27,60,0.256666666667
shifted,10,Local only,0.583333333333,0.561403508772,0.892857142857,0,0.0352494514802,32,25,0,3,60,0.36
shifted,10,Equal weights,0.583333333333,0.561403508772,0.892857142857,0,0.0352494514802,32,25,0,3,60,0.36
shifted,10,No local component,0.95,0.967741935484,0.0357142857143,0.0625,0.000198571882795,30,1,2,27,60,0.256666666667
shifted,10,Fixed faithful,0.583333333333,0.561403508772,0.892857142857,0,0.0352494514802,32,25,0,3,60,0.36
shifted,10,Fixed offset,0.716666666667,0.65306122449,0.607142857143,0,0.0167993686229,32,17,0,11,60,0.253333333333
shifted,10,Fixed local_reversal,0.95,0.967741935484,0.0357142857143,0.0625,0.000198571882795,30,1,2,27,60,0.256666666667
shifted,10,Fixed unrelated,0.55,0.586206896552,0.428571428571,0.46875,0.0482780754961,17,12,15,16,60,0.486666666667
shifted,10,Uniform proxy,0.7,,,,0.0251313668705,,,,,,0.339166666667
shifted,10,Always ship,0.533333333333,0.533333333333,1,0,0.0443530287483,32,28,0,0,60,0.453333333333
shifted,10,Never ship,0.466666666667,,0,1,0.0692343689811,0,0,32,28,60,0.546666666667
shifted,11,PROXIMA,0.583333333333,0.545454545455,0.833333333333,0,0.0377673015305,30,25,0,5,60,0.396666666667
shifted,11,Correlation,0.75,0.666666666667,0.5,0,0.0106902336683,30,15,0,15,60,0.26
shifted,11,Decision only,0.583333333333,0.545454545455,0.833333333333,0,0.0377673015305,30,25,0,5,60,0.396666666667
shifted,11,Local only,0.583333333333,0.545454545455,0.833333333333,0,0.0377673015305,30,25,0,5,60,0.396666666667
shifted,11,Equal weights,0.583333333333,0.545454545455,0.833333333333,0,0.0377673015305,30,25,0,5,60,0.396666666667
shifted,11,No local component,0.916666666667,1,0,0.166666666667,0.00125863261396,25,0,5,30,60,0.31
shifted,11,Fixed faithful,0.583333333333,0.545454545455,0.833333333333,0,0.0377673015305,30,25,0,5,60,0.396666666667
shifted,11,Fixed offset,0.75,0.666666666667,0.5,0,0.0106902336683,30,15,0,15,60,0.26
shifted,11,Fixed local_reversal,0.916666666667,1,0,0.166666666667,0.00125863261396,25,0,5,30,60,0.31
shifted,11,Fixed unrelated,0.65,0.655172413793,0.333333333333,0.366666666667,0.0434223541466,19,10,11,20,60,0.486666666667
shifted,11,Uniform proxy,0.725,,,,0.0232846304898,,,,,,0.363333333333
shifted,11,Always ship,0.5,0.5,1,0,0.0578611079292,30,30,0,0,60,0.523333333333
shifted,11,Never ship,0.5,,0,1,0.0455558682605,0,0,30,30,60,0.476666666667
shifted,12,PROXIMA,0.5,0.48275862069,0.9375,0,0.0312679539879,28,30,0,2,60,0.42
shifted,12,Correlation,0.95,0.931034482759,0.0625,0.0357142857143,0.000196491938208,27,2,1,30,60,0.373333333333
shifted,12,Decision only,0.95,0.931034482759,0.0625,0.0357142857143,0.000196491938208,27,2,1,30,60,0.373333333333
shifted,12,Local only,0.5,0.48275862069,0.9375,0,0.0312679539879,28,30,0,2,60,0.42
shifted,12,Equal weights,0.5,0.48275862069,0.9375,0,0.0312679539879,28,30,0,2,60,0.42
shifted,12,No local component,0.95,0.931034482759,0.0625,0.0357142857143,0.000196491938208,27,2,1,30,60,0.373333333333
shifted,12,Fixed faithful,0.5,0.48275862069,0.9375,0,0.0312679539879,28,30,0,2,60,0.42
shifted,12,Fixed offset,0.583333333333,0.528301886792,0.78125,0,0.0195091317665,28,25,0,7,60,0.34
shifted,12,Fixed local_reversal,0.95,0.931034482759,0.0625,0.0357142857143,0.000196491938208,27,2,1,30,60,0.373333333333
shifted,12,Fixed unrelated,0.5,0.466666666667,0.5,0.5,0.0410065832268,14,16,14,16,60,0.473333333333
shifted,12,Uniform proxy,0.633333333333,,,,0.0229950402299,,,,,,0.401666666667
shifted,12,Always ship,0.466666666667,0.466666666667,1,0,0.040744655024,28,32,0,0,60,0.51
shifted,12,Never ship,0.533333333333,,0,1,0.0407720222195,0,0,28,32,60,0.49
shifted,13,PROXIMA,0.533333333333,0.51724137931,0.933333333333,0,0.0374027053706,30,28,0,2,60,0.39
shifted,13,Correlation,0.633333333333,0.576923076923,0.733333333333,0,0.0216128652705,30,22,0,8,60,0.306666666667
shifted,13,Decision only,0.533333333333,0.51724137931,0.933333333333,0,0.0374027053706,30,28,0,2,60,0.39
shifted,13,Local only,0.533333333333,0.51724137931,0.933333333333,0,0.0374027053706,30,28,0,2,60,0.39
shifted,13,Equal weights,0.533333333333,0.51724137931,0.933333333333,0,0.0374027053706,30,28,0,2,60,0.39
shifted,13,No local component,0.966666666667,0.966666666667,0.0333333333333,0.0333333333333,0.000605728892085,29,1,1,29,60,0.366666666667
shifted,13,Fixed faithful,0.533333333333,0.51724137931,0.933333333333,0,0.0374027053706,30,28,0,2,60,0.39
shifted,13,Fixed offset,0.633333333333,0.576923076923,0.733333333333,0,0.0216128652705,30,22,0,8,60,0.306666666667
shifted,13,Fixed local_reversal,0.966666666667,0.966666666667,0.0333333333333,0.0333333333333,0.000605728892085,29,1,1,29,60,0.366666666667
shifted,13,Fixed unrelated,0.45,0.444444444444,0.5,0.6,0.0542741293327,12,15,18,15,60,0.483333333333
shifted,13,Uniform proxy,0.645833333333,,,,0.0284738572165,,,,,,0.386666666667
shifted,13,Always ship,0.5,0.5,1,0,0.0460479540626,30,30,0,0,60,0.496666666667
shifted,13,Never ship,0.5,,0,1,0.0553007721021,0,0,30,30,60,0.503333333333
shifted,14,PROXIMA,0.583333333333,0.561403508772,0.892857142857,0,0.0326045134627,32,25,0,3,60,0.393333333333
shifted,14,Correlation,0.7,0.64,0.642857142857,0,0.0164817435355,32,18,0,10,60,0.276666666667
shifted,14,Decision only,0.583333333333,0.561403508772,0.892857142857,0,0.0326045134627,32,25,0,3,60,0.393333333333
shifted,14,Local only,0.583333333333,0.561403508772,0.892857142857,0,0.0326045134627,32,25,0,3,60,0.393333333333
shifted,14,Equal weights,0.583333333333,0.561403508772,0.892857142857,0,0.0326045134627,32,25,0,3,60,0.393333333333
shifted,14,No local component,0.583333333333,0.561403508772,0.892857142857,0,0.0326045134627,32,25,0,3,60,0.393333333333
shifted,14,Fixed faithful,0.583333333333,0.561403508772,0.892857142857,0,0.0326045134627,32,25,0,3,60,0.393333333333
shifted,14,Fixed offset,0.7,0.64,0.642857142857,0,0.0164817435355,32,18,0,10,60,0.276666666667
shifted,14,Fixed local_reversal,0.95,0.939393939394,0.0714285714286,0.03125,0.000371938879438,31,2,1,26,60,0.356666666667
shifted,14,Fixed unrelated,0.383333333333,0.41935483871,0.642857142857,0.59375,0.0626147943783,13,18,19,10,60,0.536666666667
shifted,14,Uniform proxy,0.654166666667,,,,0.028018247564,,,,,,0.390833333333
shifted,14,Always ship,0.533333333333,0.533333333333,1,0,0.0433063396929,32,28,0,0,60,0.473333333333
shifted,14,Never ship,0.466666666667,,0,1,0.0541628782328,0,0,32,28,60,0.526666666667
shifted,15,PROXIMA,0.65,0.637931034483,0.913043478261,0,0.0319880197697,37,21,0,2,60,0.343333333333
shifted,15,Correlation,0.95,0.972222222222,0.0434782608696,0.0540540540541,0.000323919278351,35,1,2,22,60,0.336666666667
shifted,15,Decision only,0.95,0.972222222222,0.0434782608696,0.0540540540541,0.000323919278351,35,1,2,22,60,0.336666666667
shifted,15,Local only,0.65,0.637931034483,0.913043478261,0,0.0319880197697,37,21,0,2,60,0.343333333333
shifted,15,Equal weights,0.65,0.637931034483,0.913043478261,0,0.0319880197697,37,21,0,2,60,0.343333333333
shifted,15,No local component,0.95,0.972222222222,0.0434782608696,0.0540540540541,0.000323919278351,35,1,2,22,60,0.336666666667
shifted,15,Fixed faithful,0.65,0.637931034483,0.913043478261,0,0.0319880197697,37,21,0,2,60,0.343333333333
shifted,15,Fixed offset,0.783333333333,0.74,0.565217391304,0,0.0129790713328,37,13,0,10,60,0.253333333333
shifted,15,Fixed local_reversal,0.95,0.972222222222,0.0434782608696,0.0540540540541,0.000323919278351,35,1,2,22,60,0.336666666667
shifted,15,Fixed unrelated,0.516666666667,0.625,0.521739130435,0.459459459459,0.04088553637,20,12,17,11,60,0.52
shifted,15,Uniform proxy,0.725,,,,0.0215441366877,,,,,,0.363333333333
shifted,15,Always ship,0.616666666667,0.616666666667,1,0,0.0398493198737,37,23,0,0,60,0.423333333333
shifted,15,Never ship,0.383333333333,,0,1,0.0533392247881,0,0,37,23,60,0.576666666667
shifted,16,PROXIMA,0.516666666667,0.491228070175,0.90625,0,0.0404321944918,28,29,0,3,60,0.41
shifted,16,Correlation,0.966666666667,0.933333333333,0.0625,0,0.000101983401074,28,2,0,30,60,0.333333333333
shifted,16,Decision only,0.516666666667,0.491228070175,0.90625,0,0.0404321944918,28,29,0,3,60,0.41
shifted,16,Local only,0.516666666667,0.491228070175,0.90625,0,0.0404321944918,28,29,0,3,60,0.41
shifted,16,Equal weights,0.516666666667,0.491228070175,0.90625,0,0.0404321944918,28,29,0,3,60,0.41
shifted,16,No local component,0.966666666667,0.933333333333,0.0625,0,0.000101983401074,28,2,0,30,60,0.333333333333
shifted,16,Fixed faithful,0.516666666667,0.491228070175,0.90625,0,0.0404321944918,28,29,0,3,60,0.41
shifted,16,Fixed offset,0.666666666667,0.583333333333,0.625,0,0.0182394688846,28,20,0,12,60,0.34
shifted,16,Fixed local_reversal,0.966666666667,0.933333333333,0.0625,0,0.000101983401074,28,2,0,30,60,0.333333333333
shifted,16,Fixed unrelated,0.45,0.413793103448,0.53125,0.571428571429,0.057742328363,12,17,16,15,60,0.486666666667
shifted,16,Uniform proxy,0.65,,,,0.0291289937851,,,,,,0.3925
shifted,16,Always ship,0.466666666667,0.466666666667,1,0,0.0508787829804,28,32,0,0,60,0.533333333333
shifted,16,Never ship,0.533333333333,,0,1,0.05348661712,0,0,28,32,60,0.466666666667
shifted,17,PROXIMA,0.583333333333,0.528301886792,0.78125,0,0.037515435856,28,25,0,7,60,0.396666666667
shifted,17,Correlation,0.7,0.608695652174,0.5625,0,0.0184479468086,28,18,0,14,60,0.276666666667
shifted,17,Decision only,0.983333333333,1,0,0.0357142857143,3.50119841293e-05,27,0,1,32,60,0.38
shifted,17,Local only,0.583333333333,0.528301886792,0.78125,0,0.037515435856,28,25,0,7,60,0.396666666667
shifted,17,Equal weights,0.583333333333,0.528301886792,0.78125,0,0.037515435856,28,25,0,7,60,0.396666666667
shifted,17,No local component,0.983333333333,1,0,0.0357142857143,3.50119841293e-05,27,0,1,32,60,0.38
shifted,17,Fixed faithful,0.583333333333,0.528301886792,0.78125,0,0.037515435856,28,25,0,7,60,0.396666666667
shifted,17,Fixed offset,0.7,0.608695652174,0.5625,0,0.0184479468086,28,18,0,14,60,0.276666666667
shifted,17,Fixed local_reversal,0.983333333333,1,0,0.0357142857143,3.50119841293e-05,27,0,1,32,60,0.38
shifted,17,Fixed unrelated,0.466666666667,0.428571428571,0.5,0.571428571429,0.0450964422237,12,16,16,16,60,0.483333333333
shifted,17,Uniform proxy,0.683333333333,,,,0.0252737092181,,,,,,0.384166666667
shifted,17,Always ship,0.466666666667,0.466666666667,1,0,0.061881896162,28,32,0,0,60,0.546666666667
shifted,17,Never ship,0.533333333333,,0,1,0.0346203374063,0,0,28,32,60,0.453333333333
shifted,18,PROXIMA,0.55,0.542372881356,0.964285714286,0,0.0440218591871,32,27,0,1,60,0.4
shifted,18,Correlation,0.933333333333,0.9375,0.0714285714286,0.0625,0.000610173409254,30,2,2,26,60,0.306666666667
shifted,18,Decision only,0.55,0.542372881356,0.964285714286,0,0.0440218591871,32,27,0,1,60,0.4
shifted,18,Local only,0.55,0.542372881356,0.964285714286,0,0.0440218591871,32,27,0,1,60,0.4
shifted,18,Equal weights,0.55,0.542372881356,0.964285714286,0,0.0440218591871,32,27,0,1,60,0.4
shifted,18,No local component,0.933333333333,0.9375,0.0714285714286,0.0625,0.000610173409254,30,2,2,26,60,0.306666666667
shifted,18,Fixed faithful,0.55,0.542372881356,0.964285714286,0,0.0440218591871,32,27,0,1,60,0.4
shifted,18,Fixed offset,0.683333333333,0.627450980392,0.678571428571,0,0.0230019367493,32,19,0,9,60,0.29
shifted,18,Fixed local_reversal,0.933333333333,0.9375,0.0714285714286,0.0625,0.000610173409254,30,2,2,26,60,0.306666666667
shifted,18,Fixed unrelated,0.533333333333,0.576923076923,0.392857142857,0.53125,0.0391195478493,15,11,17,17,60,0.476666666667
shifted,18,Uniform proxy,0.675,,,,0.0266883792987,,,,,,0.368333333333
shifted,18,Always ship,0.533333333333,0.533333333333,1,0,0.049172844797,32,28,0,0,60,0.49
shifted,18,Never ship,0.466666666667,,0,1,0.0470863793417,0,0,32,28,60,0.51
shifted,19,PROXIMA,0.583333333333,0.561403508772,0.892857142857,0,0.0346199554155,32,25,0,3,60,0.393333333333
shifted,19,Correlation,0.966666666667,1,0,0.0625,0.00065310136243,30,0,2,28,60,0.41
shifted,19,Decision only,0.966666666667,1,0,0.0625,0.00065310136243,30,0,2,28,60,0.41
shifted,19,Local only,0.583333333333,0.561403508772,0.892857142857,0,0.0346199554155,32,25,0,3,60,0.393333333333
shifted,19,Equal weights,0.583333333333,0.561403508772,0.892857142857,0,0.0346199554155,32,25,0,3,60,0.393333333333
shifted,19,No local component,0.966666666667,1,0,0.0625,0.00065310136243,30,0,2,28,60,0.41
shifted,19,Fixed faithful,0.583333333333,0.561403508772,0.892857142857,0,0.0346199554155,32,25,0,3,60,0.393333333333
shifted,19,Fixed offset,0.683333333333,0.627450980392,0.678571428571,0,0.0172586802522,32,19,0,9,60,0.303333333333
shifted,19,Fixed local_reversal,0.966666666667,1,0,0.0625,0.00065310136243,30,0,2,28,60,0.41
shifted,19,Fixed unrelated,0.4,0.4375,0.642857142857,0.5625,0.0534508715169,14,18,18,10,60,0.543333333333
shifted,19,Uniform proxy,0.658333333333,,,,0.0264956521368,,,,,,0.4125
shifted,19,Always ship,0.533333333333,0.533333333333,1,0,0.0488566572089,32,28,0,0,60,0.49
shifted,19,Never ship,0.466666666667,,0,1,0.0422068423392,0,0,32,28,60,0.51
shifted,20,PROXIMA,0.566666666667,0.535714285714,0.866666666667,0,0.0296456756059,30,26,0,4,60,0.396666666667
shifted,20,Correlation,0.666666666667,0.6,0.666666666667,0,0.0152859130694,30,20,0,10,60,0.273333333333
shifted,20,Decision only,0.95,0.935483870968,0.0666666666667,0.0333333333333,0.000991486175825,29,2,1,28,60,0.383333333333
shifted,20,Local only,0.566666666667,0.535714285714,0.866666666667,0,0.0296456756059,30,26,0,4,60,0.396666666667
shifted,20,Equal weights,0.566666666667,0.535714285714,0.866666666667,0,0.0296456756059,30,26,0,4,60,0.396666666667
shifted,20,No local component,0.95,0.935483870968,0.0666666666667,0.0333333333333,0.000991486175825,29,2,1,28,60,0.383333333333
shifted,20,Fixed faithful,0.566666666667,0.535714285714,0.866666666667,0,0.0296456756059,30,26,0,4,60,0.396666666667
shifted,20,Fixed offset,0.666666666667,0.6,0.666666666667,0,0.0152859130694,30,20,0,10,60,0.273333333333
shifted,20,Fixed local_reversal,0.95,0.935483870968,0.0666666666667,0.0333333333333,0.000991486175825,29,2,1,28,60,0.383333333333
shifted,20,Fixed unrelated,0.566666666667,0.566666666667,0.433333333333,0.433333333333,0.0325123737352,17,13,13,17,60,0.506666666667
shifted,20,Uniform proxy,0.6875,,,,0.0196088621466,,,,,,0.39
shifted,20,Always ship,0.5,0.5,1,0,0.04502881411,30,30,0,0,60,0.493333333333
shifted,20,Never ship,0.5,,0,1,0.0443783432088,0,0,30,30,60,0.506666666667
shifted,21,PROXIMA,0.533333333333,0.508771929825,0.903225806452,0,0.032563693628,29,28,0,3,60,0.446666666667
shifted,21,Correlation,0.633333333333,0.56862745098,0.709677419355,0,0.0194936978309,29,22,0,9,60,0.35
shifted,21,Decision only,0.533333333333,0.508771929825,0.903225806452,0,0.032563693628,29,28,0,3,60,0.446666666667
shifted,21,Local only,0.533333333333,0.508771929825,0.903225806452,0,0.032563693628,29,28,0,3,60,0.446666666667
shifted,21,Equal weights,0.533333333333,0.508771929825,0.903225806452,0,0.032563693628,29,28,0,3,60,0.446666666667
shifted,21,No local component,0.95,0.933333333333,0.0645161290323,0.0344827586207,0.000727636127417,28,2,1,29,60,0.343333333333
shifted,21,Fixed faithful,0.533333333333,0.508771929825,0.903225806452,0,0.032563693628,29,28,0,3,60,0.446666666667
shifted,21,Fixed offset,0.633333333333,0.56862745098,0.709677419355,0,0.0194936978309,29,22,0,9,60,0.35
shifted,21,Fixed local_reversal,0.95,0.933333333333,0.0645161290323,0.0344827586207,0.000727636127417,28,2,1,29,60,0.343333333333
shifted,21,Fixed unrelated,0.516666666667,0.5,0.451612903226,0.51724137931,0.04209441327,14,14,15,17,60,0.49
shifted,21,Uniform proxy,0.658333333333,,,,0.0237198602141,,,,,,0.4075
shifted,21,Always ship,0.483333333333,0.483333333333,1,0,0.0445919560594,29,31,0,0,60,0.536666666667
shifted,21,Never ship,0.516666666667,,0,1,0.0499497484194,0,0,29,31,60,0.463333333333
shifted,22,PROXIMA,0.483333333333,0.465517241379,0.939393939394,0,0.0479705747152,27,31,0,2,60,0.446666666667
shifted,22,Correlation,0.666666666667,0.574468085106,0.606060606061,0,0.0201840787789,27,20,0,13,60,0.293333333333
shifted,22,Decision only,0.983333333333,1,0,0.037037037037,0.00019090411114,26,0,1,33,60,0.3
shifted,22,Local only,0.483333333333,0.465517241379,0.939393939394,0,0.0479705747152,27,31,0,2,60,0.446666666667
shifted,22,Equal weights,0.483333333333,0.465517241379,0.939393939394,0,0.0479705747152,27,31,0,2,60,0.446666666667
shifted,22,No local component,0.983333333333,1,0,0.037037037037,0.00019090411114,26,0,1,33,60,0.3
shifted,22,Fixed faithful,0.483333333333,0.465517241379,0.939393939394,0,0.0479705747152,27,31,0,2,60,0.446666666667
shifted,22,Fixed offset,0.666666666667,0.574468085106,0.606060606061,0,0.0201840787789,27,20,0,13,60,0.293333333333
shifted,22,Fixed local_reversal,0.983333333333,1,0,0.037037037037,0.00019090411114,26,0,1,33,60,0.3
shifted,22,Fixed unrelated,0.6,0.548387096774,0.424242424242,0.37037037037,0.0350276512557,17,14,10,19,60,0.473333333333
shifted,22,Uniform proxy,0.683333333333,,,,0.0258433022152,,,,,,0.378333333333
shifted,22,Always ship,0.45,0.45,1,0,0.0569364083578,27,33,0,0,60,0.543333333333
shifted,22,Never ship,0.55,,0,1,0.0410970174478,0,0,27,33,60,0.456666666667
shifted,23,PROXIMA,0.65,0.637931034483,0.913043478261,0,0.0250823129099,37,21,0,2,60,0.306666666667
shifted,23,Correlation,0.733333333333,0.698113207547,0.695652173913,0,0.0114375090328,37,16,0,7,60,0.22
shifted,23,Decision only,1,1,0,0,0,37,0,0,23,60,0.32
shifted,23,Local only,0.65,0.637931034483,0.913043478261,0,0.0250823129099,37,21,0,2,60,0.306666666667
shifted,23,Equal weights,0.65,0.637931034483,0.913043478261,0,0.0250823129099,37,21,0,2,60,0.306666666667
shifted,23,No local component,1,1,0,0,0,37,0,0,23,60,0.32
shifted,23,Fixed faithful,0.65,0.637931034483,0.913043478261,0,0.0250823129099,37,21,0,2,60,0.306666666667
shifted,23,Fixed offset,0.733333333333,0.698113207547,0.695652173913,0,0.0114375090328,37,16,0,7,60,0.22
shifted,23,Fixed local_reversal,1,1,0,0,0,37,0,0,23,60,0.32
shifted,23,Fixed unrelated,0.6,0.724137931034,0.347826086957,0.432432432432,0.0335571558006,21,8,16,15,60,0.45
shifted,23,Uniform proxy,0.745833333333,,,,0.0175192444358,,,,,,0.324166666667
shifted,23,Always ship,0.616666666667,0.616666666667,1,0,0.0331875813397,37,23,0,0,60,0.376666666667
shifted,23,Never ship,0.383333333333,,0,1,0.0712906748307,0,0,37,23,60,0.623333333333
shifted,24,PROXIMA,0.6,0.586206896552,0.923076923077,0,0.0312360954408,34,24,0,2,60,0.393333333333
shifted,24,Correlation,0.716666666667,0.666666666667,0.653846153846,0,0.0155490315231,34,17,0,9,60,0.283333333333
shifted,24,Decision only,0.966666666667,0.970588235294,0.0384615384615,0.0294117647059,0.000118058033077,33,1,1,25,60,0.32
shifted,24,Local only,0.6,0.586206896552,0.923076923077,0,0.0312360954408,34,24,0,2,60,0.393333333333
shifted,24,Equal weights,0.6,0.586206896552,0.923076923077,0,0.0312360954408,34,24,0,2,60,0.393333333333
shifted,24,No local component,0.966666666667,0.970588235294,0.0384615384615,0.0294117647059,0.000118058033077,33,1,1,25,60,0.32
shifted,24,Fixed faithful,0.6,0.586206896552,0.923076923077,0,0.0312360954408,34,24,0,2,60,0.393333333333
shifted,24,Fixed offset,0.716666666667,0.666666666667,0.653846153846,0,0.0155490315231,34,17,0,9,60,0.283333333333
shifted,24,Fixed local_reversal,0.966666666667,0.970588235294,0.0384615384615,0.0294117647059,0.000118058033077,33,1,1,25,60,0.32
shifted,24,Fixed unrelated,0.45,0.518518518519,0.5,0.588235294118,0.055054764114,14,13,20,13,60,0.51
shifted,24,Uniform proxy,0.683333333333,,,,0.0254894872778,,,,,,0.376666666667
shifted,24,Always ship,0.566666666667,0.566666666667,1,0,0.0388937762022,34,26,0,0,60,0.456666666667
shifted,24,Never ship,0.433333333333,,0,1,0.058269309814,0,0,34,26,60,0.543333333333
shifted,25,PROXIMA,0.6,0.593220338983,0.96,0,0.035029186564,35,24,0,1,60,0.35
shifted,25,Correlation,0.716666666667,0.673076923077,0.68,0,0.0178797765089,35,17,0,8,60,0.273333333333
shifted,25,Decision only,0.966666666667,0.945945945946,0.08,0,0.000990699752893,35,2,0,23,60,0.346666666667
shifted,25,Local only,0.6,0.593220338983,0.96,0,0.035029186564,35,24,0,1,60,0.35
shifted,25,Equal weights,0.6,0.593220338983,0.96,0,0.035029186564,35,24,0,1,60,0.35
shifted,25,No local component,0.966666666667,0.945945945946,0.08,0,0.000990699752893,35,2,0,23,60,0.346666666667
shifted,25,Fixed faithful,0.6,0.593220338983,0.96,0,0.035029186564,35,24,0,1,60,0.35
shifted,25,Fixed offset,0.716666666667,0.673076923077,0.68,0,0.0178797765089,35,17,0,8,60,0.273333333333
shifted,25,Fixed local_reversal,0.966666666667,0.945945945946,0.08,0,0.000990699752893,35,2,0,23,60,0.346666666667
shifted,25,Fixed unrelated,0.5,0.6,0.4,0.571428571429,0.047421527959,15,10,20,15,60,0.503333333333
shifted,25,Uniform proxy,0.695833333333,,,,0.0253302976962,,,,,,0.368333333333
shifted,25,Always ship,0.583333333333,0.583333333333,1,0,0.039931431948,35,25,0,0,60,0.443333333333
shifted,25,Never ship,0.416666666667,,0,1,0.0510488539197,0,0,35,25,60,0.556666666667
shifted,26,PROXIMA,0.5,0.48275862069,0.9375,0,0.0447313383679,28,30,0,2,60,0.44
shifted,26,Correlation,0.883333333333,0.888888888889,0.09375,0.142857142857,0.000603372023869,24,3,4,29,60,0.36
shifted,26,Decision only,0.883333333333,0.888888888889,0.09375,0.142857142857,0.000603372023869,24,3,4,29,60,0.36
shifted,26,Local only,0.5,0.48275862069,0.9375,0,0.0447313383679,28,30,0,2,60,0.44
shifted,26,Equal weights,0.5,0.48275862069,0.9375,0,0.0447313383679,28,30,0,2,60,0.44
shifted,26,No local component,0.883333333333,0.888888888889,0.09375,0.142857142857,0.000603372023869,24,3,4,29,60,0.36
shifted,26,Fixed faithful,0.5,0.48275862069,0.9375,0,0.0447313383679,28,30,0,2,60,0.44
shifted,26,Fixed offset,0.65,0.571428571429,0.65625,0,0.018175673445,28,21,0,11,60,0.326666666667
shifted,26,Fixed local_reversal,0.883333333333,0.888888888889,0.09375,0.142857142857,0.000603372023869,24,3,4,29,60,0.36
shifted,26,Fixed unrelated,0.483333333333,0.434782608696,0.40625,0.642857142857,0.0460750652101,10,13,18,19,60,0.493333333333
shifted,26,Uniform proxy,0.629166666667,,,,0.0273963622617,,,,,,0.405
shifted,26,Always ship,0.466666666667,0.466666666667,1,0,0.0510788735456,28,32,0,0,60,0.546666666667
shifted,26,Never ship,0.533333333333,,0,1,0.0395794090336,0,0,28,32,60,0.453333333333
shifted,27,PROXIMA,0.483333333333,0.474576271186,0.96875,0,0.0371980017643,28,31,0,1,60,0.413333333333
shifted,27,Correlation,0.983333333333,0.965517241379,0.03125,0,4.71955390866e-06,28,1,0,31,60,0.303333333333
shifted,27,Decision only,0.983333333333,0.965517241379,0.03125,0,4.71955390866e-06,28,1,0,31,60,0.303333333333
shifted,27,Local only,0.483333333333,0.474576271186,0.96875,0,0.0371980017643,28,31,0,1,60,0.413333333333
shifted,27,Equal weights,0.483333333333,0.474576271186,0.96875,0,0.0371980017643,28,31,0,1,60,0.413333333333
shifted,27,No local component,0.983333333333,0.965517241379,0.03125,0,4.71955390866e-06,28,1,0,31,60,0.303333333333
shifted,27,Fixed faithful,0.483333333333,0.474576271186,0.96875,0,0.0371980017643,28,31,0,1,60,0.413333333333
shifted,27,Fixed offset,0.616666666667,0.549019607843,0.71875,0,0.0169595040103,28,23,0,9,60,0.286666666667
shifted,27,Fixed local_reversal,0.983333333333,0.965517241379,0.03125,0,4.71955390866e-06,28,1,0,31,60,0.303333333333
shifted,27,Fixed unrelated,0.433333333333,0.416666666667,0.65625,0.464285714286,0.0451514429692,15,21,13,11,60,0.523333333333
shifted,27,Uniform proxy,0.629166666667,,,,0.0248284170744,,,,,,0.381666666667
shifted,27,Always ship,0.466666666667,0.466666666667,1,0,0.0408590546596,28,32,0,0,60,0.47
shifted,27,Never ship,0.533333333333,,0,1,0.0548432567212,0,0,28,32,60,0.53
shifted,28,PROXIMA,0.483333333333,0.474576271186,0.96875,0,0.0402126213165,28,31,0,1,60,0.44
shifted,28,Correlation,0.966666666667,0.933333333333,0.0625,0,0.000197822370334,28,2,0,30,60,0.4
shifted,28,Decision only,0.483333333333,0.474576271186,0.96875,0,0.0402126213165,28,31,0,1,60,0.44
shifted,28,Local only,0.483333333333,0.474576271186,0.96875,0,0.0402126213165,28,31,0,1,60,0.44
shifted,28,Equal weights,0.483333333333,0.474576271186,0.96875,0,0.0402126213165,28,31,0,1,60,0.44
shifted,28,No local component,0.966666666667,0.933333333333,0.0625,0,0.000197822370334,28,2,0,30,60,0.4
shifted,28,Fixed faithful,0.483333333333,0.474576271186,0.96875,0,0.0402126213165,28,31,0,1,60,0.44
shifted,28,Fixed offset,0.616666666667,0.549019607843,0.71875,0,0.0187744752024,28,23,0,9,60,0.326666666667
shifted,28,Fixed local_reversal,0.966666666667,0.933333333333,0.0625,0,0.000197822370334,28,2,0,30,60,0.4
shifted,28,Fixed unrelated,0.533333333333,0.5,0.46875,0.464285714286,0.0464927247495,15,15,13,17,60,0.486666666667
shifted,28,Uniform proxy,0.65,,,,0.0264194109097,,,,,,0.413333333333
shifted,28,Always ship,0.466666666667,0.466666666667,1,0,0.0440300845435,28,32,0,0,60,0.516666666667
shifted,28,Never ship,0.533333333333,,0,1,0.0360303574479,0,0,28,32,60,0.483333333333
shifted,29,PROXIMA,0.533333333333,0.508771929825,0.903225806452,0,0.03319476486,29,28,0,3,60,0.406666666667
shifted,29,Correlation,0.966666666667,1,0,0.0689655172414,0.000724383187282,27,0,2,31,60,0.34
shifted,29,Decision only,0.966666666667,1,0,0.0689655172414,0.000724383187282,27,0,2,31,60,0.34
shifted,29,Local only,0.533333333333,0.508771929825,0.903225806452,0,0.03319476486,29,28,0,3,60,0.406666666667
shifted,29,Equal weights,0.533333333333,0.508771929825,0.903225806452,0,0.03319476486,29,28,0,3,60,0.406666666667
shifted,29,No local component,0.966666666667,1,0,0.0689655172414,0.000724383187282,27,0,2,31,60,0.34
shifted,29,Fixed faithful,0.533333333333,0.508771929825,0.903225806452,0,0.03319476486,29,28,0,3,60,0.406666666667
shifted,29,Fixed offset,0.633333333333,0.56862745098,0.709677419355,0,0.0196605298083,29,22,0,9,60,0.333333333333
shifted,29,Fixed local_reversal,0.966666666667,1,0,0.0689655172414,0.000724383187282,27,0,2,31,60,0.34
shifted,29,Fixed unrelated,0.55,0.533333333333,0.451612903226,0.448275862069,0.0358976204585,16,14,13,17,60,0.49
shifted,29,Uniform proxy,0.670833333333,,,,0.0223693245785,,,,,,0.3925
shifted,29,Always ship,0.483333333333,0.483333333333,1,0,0.0425210940319,29,31,0,0,60,0.496666666667
shifted,29,Never ship,0.516666666667,,0,1,0.050487106628,0,0,29,31,60,0.503333333333
shifted,30,PROXIMA,0.6,0.571428571429,0.857142857143,0,0.0388813327368,32,24,0,4,60,0.373333333333
shifted,30,Correlation,0.966666666667,0.96875,0.0357142857143,0.03125,0.000695921967502,31,1,1,27,60,0.32
shifted,30,Decision only,0.966666666667,0.96875,0.0357142857143,0.03125,0.000695921967502,31,1,1,27,60,0.32
shifted,30,Local only,0.6,0.571428571429,0.857142857143,0,0.0388813327368,32,24,0,4,60,0.373333333333
shifted,30,Equal weights,0.6,0.571428571429,0.857142857143,0,0.0388813327368,32,24,0,4,60,0.373333333333
shifted,30,No local component,0.966666666667,0.96875,0.0357142857143,0.03125,0.000695921967502,31,1,1,27,60,0.32
shifted,30,Fixed faithful,0.6,0.571428571429,0.857142857143,0,0.0388813327368,32,24,0,4,60,0.373333333333
shifted,30,Fixed offset,0.716666666667,0.65306122449,0.607142857143,0,0.018428037138,32,17,0,11,60,0.22
shifted,30,Fixed local_reversal,0.966666666667,0.96875,0.0357142857143,0.03125,0.000695921967502,31,1,1,27,60,0.32
shifted,30,Fixed unrelated,0.516666666667,0.538461538462,0.642857142857,0.34375,0.0522586496557,21,18,11,10,60,0.493333333333
shifted,30,Uniform proxy,0.7,,,,0.0275659853745,,,,,,0.351666666667
shifted,30,Always ship,0.533333333333,0.533333333333,1,0,0.0547809555603,32,28,0,0,60,0.5
shifted,30,Never ship,0.466666666667,,0,1,0.0473314661679,0,0,32,28,60,0.5
shifted,31,PROXIMA,0.5,0.48275862069,0.9375,0,0.0397208138719,28,30,0,2,60,0.38
shifted,31,Correlation,0.95,0.903225806452,0.09375,0,0.00038129031694,28,3,0,29,60,0.406666666667
shifted,31,Decision only,0.95,0.903225806452,0.09375,0,0.00038129031694,28,3,0,29,60,0.406666666667
shifted,31,Local only,0.5,0.48275862069,0.9375,0,0.0397208138719,28,30,0,2,60,0.38
shifted,31,Equal weights,0.5,0.48275862069,0.9375,0,0.0397208138719,28,30,0,2,60,0.38
shifted,31,No local component,0.95,0.903225806452,0.09375,0,0.00038129031694,28,3,0,29,60,0.406666666667
shifted,31,Fixed faithful,0.5,0.48275862069,0.9375,0,0.0397208138719,28,30,0,2,60,0.38
shifted,31,Fixed offset,0.633333333333,0.56,0.6875,0,0.0178502819971,28,22,0,10,60,0.26
shifted,31,Fixed local_reversal,0.95,0.903225806452,0.09375,0,0.00038129031694,28,3,0,29,60,0.406666666667
shifted,31,Fixed unrelated,0.433333333333,0.411764705882,0.625,0.5,0.0486746049454,14,20,14,12,60,0.476666666667
shifted,31,Uniform proxy,0.629166666667,,,,0.0266567477828,,,,,,0.380833333333
shifted,31,Always ship,0.466666666667,0.466666666667,1,0,0.0474462976784,28,32,0,0,60,0.493333333333
shifted,31,Never ship,0.533333333333,,0,1,0.0429660211901,0,0,28,32,60,0.506666666667
shifted,32,PROXIMA,0.416666666667,0.416666666667,1,0,0.0457382223395,25,35,0,0,60,0.51
shifted,32,Correlation,0.516666666667,0.462962962963,0.828571428571,0,0.0317049653925,25,29,0,6,60,0.373333333333
shifted,32,Decision only,0.966666666667,0.96,0.0285714285714,0.04,0.000397136090388,24,1,1,34,60,0.376666666667
shifted,32,Local only,0.416666666667,0.416666666667,1,0,0.0457382223395,25,35,0,0,60,0.51
shifted,32,Equal weights,0.416666666667,0.416666666667,1,0,0.0457382223395,25,35,0,0,60,0.51
shifted,32,No local component,0.966666666667,0.96,0.0285714285714,0.04,0.000397136090388,24,1,1,34,60,0.376666666667
shifted,32,Fixed faithful,0.416666666667,0.416666666667,1,0,0.0457382223395,25,35,0,0,60,0.51
shifted,32,Fixed offset,0.516666666667,0.462962962963,0.828571428571,0,0.0317049653925,25,29,0,6,60,0.373333333333
shifted,32,Fixed local_reversal,0.966666666667,0.96,0.0285714285714,0.04,0.000397136090388,24,1,1,34,60,0.376666666667
shifted,32,Fixed unrelated,0.483333333333,0.411764705882,0.571428571429,0.44,0.0443218110032,14,20,11,15,60,0.506666666667
shifted,32,Uniform proxy,0.595833333333,,,,0.0305405337064,,,,,,0.441666666667
shifted,32,Always ship,0.416666666667,0.416666666667,1,0,0.0457382223395,25,35,0,0,60,0.576666666667
shifted,32,Never ship,0.583333333333,,0,1,0.0344694798309,0,0,25,35,60,0.423333333333
shifted,33,PROXIMA,0.566666666667,0.527272727273,0.838709677419,0,0.0386356812905,29,26,0,5,60,0.406666666667
shifted,33,Correlation,0.983333333333,0.966666666667,0.0322580645161,0,7.83332247752e-05,29,1,0,30,60,0.31
shifted,33,Decision only,0.566666666667,0.527272727273,0.838709677419,0,0.0386356812905,29,26,0,5,60,0.406666666667
shifted,33,Local only,0.566666666667,0.527272727273,0.838709677419,0,0.0386356812905,29,26,0,5,60,0.406666666667
shifted,33,Equal weights,0.566666666667,0.527272727273,0.838709677419,0,0.0386356812905,29,26,0,5,60,0.406666666667
shifted,33,No local component,0.983333333333,0.966666666667,0.0322580645161,0,7.83332247752e-05,29,1,0,30,60,0.31
shifted,33,Fixed faithful,0.566666666667,0.527272727273,0.838709677419,0,0.0386356812905,29,26,0,5,60,0.406666666667
shifted,33,Fixed offset,0.733333333333,0.644444444444,0.516129032258,0,0.0134496812916,29,16,0,15,60,0.256666666667
shifted,33,Fixed local_reversal,0.983333333333,0.966666666667,0.0322580645161,0,7.83332247752e-05,29,1,0,30,60,0.31
shifted,33,Fixed unrelated,0.416666666667,0.40625,0.612903225806,0.551724137931,0.0552539106604,13,19,16,12,60,0.496666666667
shifted,33,Uniform proxy,0.675,,,,0.0268544016168,,,,,,0.3675
shifted,33,Always ship,0.483333333333,0.483333333333,1,0,0.0584802706022,29,31,0,0,60,0.52
shifted,33,Never ship,0.516666666667,,0,1,0.0416979659952,0,0,29,31,60,0.48
shifted,34,PROXIMA,0.516666666667,0.482142857143,0.878787878788,0,0.0381995683317,27,29,0,4,60,0.436666666667
shifted,34,Correlation,0.983333333333,0.964285714286,0.030303030303,0,2.72423504351e-05,27,1,0,32,60,0.36
shifted,34,Decision only,0.516666666667,0.482142857143,0.878787878788,0,0.0381995683317,27,29,0,4,60,0.436666666667
shifted,34,Local only,0.516666666667,0.482142857143,0.878787878788,0,0.0381995683317,27,29,0,4,60,0.436666666667
shifted,34,Equal weights,0.516666666667,0.482142857143,0.878787878788,0,0.0381995683317,27,29,0,4,60,0.436666666667
shifted,34,No local component,0.983333333333,0.964285714286,0.030303030303,0,2.72423504351e-05,27,1,0,32,60,0.36
shifted,34,Fixed faithful,0.516666666667,0.482142857143,0.878787878788,0,0.0381995683317,27,29,0,4,60,0.436666666667
shifted,34,Fixed offset,0.666666666667,0.574468085106,0.606060606061,0,0.0163185334662,27,20,0,13,60,0.31
shifted,34,Fixed local_reversal,0.983333333333,0.964285714286,0.030303030303,0,2.72423504351e-05,27,1,0,32,60,0.36
shifted,34,Fixed unrelated,0.5,0.454545454545,0.545454545455,0.444444444444,0.0484946314282,15,18,12,15,60,0.463333333333
shifted,34,Uniform proxy,0.666666666667,,,,0.0257599938942,,,,,,0.3925
shifted,34,Always ship,0.45,0.45,1,0,0.0542574878824,27,33,0,0,60,0.543333333333
shifted,34,Never ship,0.55,,0,1,0.0401198926165,0,0,27,33,60,0.456666666667
shifted,35,PROXIMA,0.55,0.480769230769,0.771428571429,0,0.0425265215002,25,27,0,8,60,0.443333333333
shifted,35,Correlation,0.983333333333,0.961538461538,0.0285714285714,0,4.69592407536e-05,25,1,0,34,60,0.266666666667
shifted,35,Decision only,0.983333333333,0.961538461538,0.0285714285714,0,4.69592407536e-05,25,1,0,34,60,0.266666666667
shifted,35,Local only,0.55,0.480769230769,0.771428571429,0,0.0425265215002,25,27,0,8,60,0.443333333333
shifted,35,Equal weights,0.55,0.480769230769,0.771428571429,0,0.0425265215002,25,27,0,8,60,0.443333333333
shifted,35,No local component,0.983333333333,0.961538461538,0.0285714285714,0,4.69592407536e-05,25,1,0,34,60,0.266666666667
shifted,35,Fixed faithful,0.55,0.480769230769,0.771428571429,0,0.0425265215002,25,27,0,8,60,0.443333333333
shifted,35,Fixed offset,0.7,0.581395348837,0.514285714286,0,0.0207364246449,25,18,0,17,60,0.283333333333
shifted,35,Fixed local_reversal,0.983333333333,0.961538461538,0.0285714285714,0,4.69592407536e-05,25,1,0,34,60,0.266666666667
shifted,35,Fixed unrelated,0.45,0.375,0.571428571429,0.52,0.0630510218461,12,20,13,15,60,0.5
shifted,35,Uniform proxy,0.670833333333,,,,0.031590231808,,,,,,0.373333333333
shifted,35,Always ship,0.416666666667,0.416666666667,1,0,0.0724227587492,25,35,0,0,60,0.593333333333
shifted,35,Never ship,0.583333333333,,0,1,0.0422805154297,0,0,25,35,60,0.406666666667
shifted,36,PROXIMA,0.533333333333,0.525423728814,0.965517241379,0,0.0304243339926,31,28,0,1,60,0.386666666667
shifted,36,Correlation,1,1,0,0,0,31,0,0,29,60,0.393333333333
shifted,36,Decision only,1,1,0,0,0,31,0,0,29,60,0.393333333333
shifted,36,Local only,0.533333333333,0.525423728814,0.965517241379,0,0.0304243339926,31,28,0,1,60,0.386666666667
shifted,36,Equal weights,0.533333333333,0.525423728814,0.965517241379,0,0.0304243339926,31,28,0,1,60,0.386666666667
shifted,36,No local component,1,1,0,0,0,31,0,0,29,60,0.393333333333
shifted,36,Fixed faithful,0.533333333333,0.525423728814,0.965517241379,0,0.0304243339926,31,28,0,1,60,0.386666666667
shifted,36,Fixed offset,0.583333333333,0.553571428571,0.862068965517,0,0.0246123173412,31,25,0,4,60,0.306666666667
shifted,36,Fixed local_reversal,1,1,0,0,0,31,0,0,29,60,0.393333333333
shifted,36,Fixed unrelated,0.416666666667,0.428571428571,0.551724137931,0.612903225806,0.0486018523222,12,16,19,13,60,0.493333333333
shifted,36,Uniform proxy,0.633333333333,,,,0.025909625914,,,,,,0.395
shifted,36,Always ship,0.516666666667,0.516666666667,1,0,0.0339522921345,31,29,0,0,60,0.456666666667
shifted,36,Never ship,0.483333333333,,0,1,0.0475525904935,0,0,31,29,60,0.543333333333
shifted,37,PROXIMA,0.566666666667,0.509433962264,0.787878787879,0,0.0327605875639,27,26,0,7,60,0.39
shifted,37,Correlation,0.666666666667,0.574468085106,0.606060606061,0,0.0158192076458,27,20,0,13,60,0.293333333333
shifted,37,Decision only,0.933333333333,0.896551724138,0.0909090909091,0.037037037037,0.00112796044547,26,3,1,30,60,0.306666666667
shifted,37,Local only,0.566666666667,0.509433962264,0.787878787879,0,0.0327605875639,27,26,0,7,60,0.39
shifted,37,Equal weights,0.566666666667,0.509433962264,0.787878787879,0,0.0327605875639,27,26,0,7,60,0.39
shifted,37,No local component,0.933333333333,0.896551724138,0.0909090909091,0.037037037037,0.00112796044547,26,3,1,30,60,0.306666666667
shifted,37,Fixed faithful,0.566666666667,0.509433962264,0.787878787879,0,0.0327605875639,27,26,0,7,60,0.39
shifted,37,Fixed offset,0.666666666667,0.574468085106,0.606060606061,0,0.0158192076458,27,20,0,13,60,0.293333333333
shifted,37,Fixed local_reversal,0.933333333333,0.896551724138,0.0909090909091,0.037037037037,0.00112796044547,26,3,1,30,60,0.306666666667
shifted,37,Fixed unrelated,0.516666666667,0.46875,0.515151515152,0.444444444444,0.0489170976013,15,17,12,16,60,0.496666666667
shifted,37,Uniform proxy,0.670833333333,,,,0.0246562133141,,,,,,0.371666666667
shifted,37,Always ship,0.45,0.45,1,0,0.0634588854062,27,33,0,0,60,0.546666666667
shifted,37,Never ship,0.55,,0,1,0.0457807586721,0,0,27,33,60,0.453333333333
shifted,38,PROXIMA,0.533333333333,0.51724137931,0.933333333333,0,0.0408377581495,30,28,0,2,60,0.39
shifted,38,Correlation,0.933333333333,0.933333333333,0.0666666666667,0.0666666666667,0.00112760948803,28,2,2,28,60,0.333333333333
shifted,38,Decision only,0.533333333333,0.51724137931,0.933333333333,0,0.0408377581495,30,28,0,2,60,0.39
shifted,38,Local only,0.533333333333,0.51724137931,0.933333333333,0,0.0408377581495,30,28,0,2,60,0.39
shifted,38,Equal weights,0.533333333333,0.51724137931,0.933333333333,0,0.0408377581495,30,28,0,2,60,0.39
shifted,38,No local component,0.933333333333,0.933333333333,0.0666666666667,0.0666666666667,0.00112760948803,28,2,2,28,60,0.333333333333
shifted,38,Fixed faithful,0.533333333333,0.51724137931,0.933333333333,0,0.0408377581495,30,28,0,2,60,0.39
shifted,38,Fixed offset,0.683333333333,0.612244897959,0.633333333333,0,0.0159146702754,30,19,0,11,60,0.246666666667
shifted,38,Fixed local_reversal,0.933333333333,0.933333333333,0.0666666666667,0.0666666666667,0.00112760948803,28,2,2,28,60,0.333333333333
shifted,38,Fixed unrelated,0.566666666667,0.576923076923,0.366666666667,0.5,0.0455809089763,15,11,15,19,60,0.516666666667
shifted,38,Uniform proxy,0.679166666667,,,,0.0258652367223,,,,,,0.371666666667
shifted,38,Always ship,0.5,0.5,1,0,0.0486004619153,30,30,0,0,60,0.493333333333
shifted,38,Never ship,0.5,,0,1,0.0511695665912,0,0,30,30,60,0.506666666667
shifted,39,PROXIMA,0.583333333333,0.537037037037,0.806451612903,0,0.0285973284811,29,25,0,6,60,0.396666666667
shifted,39,Correlation,0.9,0.870967741935,0.129032258065,0.0689655172414,0.000998751199779,27,4,2,27,60,0.386666666667
shifted,39,Decision only,0.9,0.870967741935,0.129032258065,0.0689655172414,0.000998751199779,27,4,2,27,60,0.386666666667
shifted,39,Local only,0.583333333333,0.537037037037,0.806451612903,0,0.0285973284811,29,25,0,6,60,0.396666666667
shifted,39,Equal weights,0.583333333333,0.537037037037,0.806451612903,0,0.0285973284811,29,25,0,6,60,0.396666666667
shifted,39,No local component,0.9,0.870967741935,0.129032258065,0.0689655172414,0.000998751199779,27,4,2,27,60,0.386666666667
shifted,39,Fixed faithful,0.583333333333,0.537037037037,0.806451612903,0,0.0285973284811,29,25,0,6,60,0.396666666667
shifted,39,Fixed offset,0.65,0.58,0.677419354839,0,0.0174008378415,29,21,0,10,60,0.3
shifted,39,Fixed local_reversal,0.9,0.870967741935,0.129032258065,0.0689655172414,0.000998751199779,27,4,2,27,60,0.386666666667
shifted,39,Fixed unrelated,0.433333333333,0.41935483871,0.58064516129,0.551724137931,0.0479394646477,13,18,16,13,60,0.483333333333
shifted,39,Uniform proxy,0.641666666667,,,,0.0237340955425,,,,,,0.391666666667
shifted,39,Always ship,0.483333333333,0.483333333333,1,0,0.0505537266105,29,31,0,0,60,0.52
shifted,39,Never ship,0.516666666667,,0,1,0.0484985955052,0,0,29,31,60,0.48
shifted,40,PROXIMA,0.5,0.473684210526,0.909090909091,0,0.0365738311794,27,30,0,3,60,0.416666666667
shifted,40,Correlation,0.6,0.529411764706,0.727272727273,0,0.0209397514786,27,24,0,9,60,0.3
shifted,40,Decision only,0.966666666667,0.962962962963,0.030303030303,0.037037037037,0.000495304353521,26,1,1,32,60,0.383333333333
shifted,40,Local only,0.5,0.473684210526,0.909090909091,0,0.0365738311794,27,30,0,3,60,0.416666666667
shifted,40,Equal weights,0.5,0.473684210526,0.909090909091,0,0.0365738311794,27,30,0,3,60,0.416666666667
shifted,40,No local component,0.966666666667,0.962962962963,0.030303030303,0.037037037037,0.000495304353521,26,1,1,32,60,0.383333333333
shifted,40,Fixed faithful,0.5,0.473684210526,0.909090909091,0,0.0365738311794,27,30,0,3,60,0.416666666667
shifted,40,Fixed offset,0.6,0.529411764706,0.727272727273,0,0.0209397514786,27,24,0,9,60,0.3
shifted,40,Fixed local_reversal,0.966666666667,0.962962962963,0.030303030303,0.037037037037,0.000495304353521,26,1,1,32,60,0.383333333333
shifted,40,Fixed unrelated,0.55,0.5,0.484848484848,0.407407407407,0.0387259484546,16,16,11,17,60,0.473333333333
shifted,40,Uniform proxy,0.654166666667,,,,0.0241837088665,,,,,,0.393333333333
shifted,40,Always ship,0.45,0.45,1,0,0.0498835572086,27,33,0,0,60,0.523333333333
shifted,40,Never ship,0.55,,0,1,0.0434723255424,0,0,27,33,60,0.476666666667
shifted,41,PROXIMA,0.516666666667,0.5,0.935483870968,0,0.0376018402846,29,29,0,2,60,0.42
shifted,41,Correlation,0.966666666667,0.965517241379,0.0322580645161,0.0344827586207,0.00106994822886,28,1,1,30,60,0.363333333333
shifted,41,Decision only,0.966666666667,0.965517241379,0.0322580645161,0.0344827586207,0.00106994822886,28,1,1,30,60,0.363333333333
shifted,41,Local only,0.516666666667,0.5,0.935483870968,0,0.0376018402846,29,29,0,2,60,0.42
shifted,41,Equal weights,0.516666666667,0.5,0.935483870968,0,0.0376018402846,29,29,0,2,60,0.42
shifted,41,No local component,0.966666666667,0.965517241379,0.0322580645161,0.0344827586207,0.00106994822886,28,1,1,30,60,0.363333333333
shifted,41,Fixed faithful,0.516666666667,0.5,0.935483870968,0,0.0376018402846,29,29,0,2,60,0.42
shifted,41,Fixed offset,0.633333333333,0.56862745098,0.709677419355,0,0.0196286201207,29,22,0,9,60,0.313333333333
shifted,41,Fixed local_reversal,0.966666666667,0.965517241379,0.0322580645161,0.0344827586207,0.00106994822886,28,1,1,30,60,0.363333333333
shifted,41,Fixed unrelated,0.55,0.525,0.612903225806,0.275862068966,0.0325207212745,21,19,8,12,60,0.483333333333
shifted,41,Uniform proxy,0.666666666667,,,,0.0227052824772,,,,,,0.395
shifted,41,Always ship,0.483333333333,0.483333333333,1,0,0.0465916800692,29,31,0,0,60,0.523333333333
shifted,41,Never ship,0.516666666667,,0,1,0.0413768559803,0,0,29,31,60,0.476666666667
shifted,42,PROXIMA,0.583333333333,0.568965517241,0.925925925926,0,0.0398260367547,33,25,0,2,60,0.4
shifted,42,Correlation,0.716666666667,0.66,0.62962962963,0,0.0172451010099,33,17,0,10,60,0.27
shifted,42,Decision only,0.933333333333,0.967741935484,0.037037037037,0.0909090909091,0.00039688370522,30,1,3,26,60,0.38
shifted,42,Local only,0.583333333333,0.568965517241,0.925925925926,0,0.0398260367547,33,25,0,2,60,0.4
shifted,42,Equal weights,0.583333333333,0.568965517241,0.925925925926,0,0.0398260367547,33,25,0,2,60,0.4
shifted,42,No local component,0.933333333333,0.967741935484,0.037037037037,0.0909090909091,0.00039688370522,30,1,3,26,60,0.38
shifted,42,Fixed faithful,0.583333333333,0.568965517241,0.925925925926,0,0.0398260367547,33,25,0,2,60,0.4
shifted,42,Fixed offset,0.716666666667,0.66,0.62962962963,0,0.0172451010099,33,17,0,10,60,0.27
shifted,42,Fixed local_reversal,0.933333333333,0.967741935484,0.037037037037,0.0909090909091,0.00039688370522,30,1,3,26,60,0.38
shifted,42,Fixed unrelated,0.466666666667,0.513513513514,0.666666666667,0.424242424242,0.0558715698146,19,18,14,9,60,0.536666666667
shifted,42,Uniform proxy,0.675,,,,0.0283348978211,,,,,,0.396666666667
shifted,42,Always ship,0.55,0.55,1,0,0.050834056607,33,27,0,0,60,0.5
shifted,42,Never ship,0.45,,0,1,0.0448226132599,0,0,33,27,60,0.5
shifted,43,PROXIMA,0.533333333333,0.481481481481,0.823529411765,0,0.0406502312967,26,28,0,6,60,0.383333333333
shifted,43,Correlation,0.95,1,0,0.115384615385,0.00047635494395,23,0,3,34,60,0.34
shifted,43,Decision only,0.533333333333,0.481481481481,0.823529411765,0,0.0406502312967,26,28,0,6,60,0.383333333333
shifted,43,Local only,0.533333333333,0.481481481481,0.823529411765,0,0.0406502312967,26,28,0,6,60,0.383333333333
shifted,43,Equal weights,0.533333333333,0.481481481481,0.823529411765,0,0.0406502312967,26,28,0,6,60,0.383333333333
shifted,43,No local component,0.95,1,0,0.115384615385,0.00047635494395,23,0,3,34,60,0.34
shifted,43,Fixed faithful,0.533333333333,0.481481481481,0.823529411765,0,0.0406502312967,26,28,0,6,60,0.383333333333
shifted,43,Fixed offset,0.683333333333,0.577777777778,0.558823529412,0,0.017141599402,26,19,0,15,60,0.266666666667
shifted,43,Fixed local_reversal,0.95,1,0,0.115384615385,0.00047635494395,23,0,3,34,60,0.34
shifted,43,Fixed unrelated,0.55,0.48275862069,0.441176470588,0.461538461538,0.0509330319147,14,15,12,19,60,0.47
shifted,43,Uniform proxy,0.679166666667,,,,0.0273003043893,,,,,,0.365
shifted,43,Always ship,0.433333333333,0.433333333333,1,0,0.0635570691187,26,34,0,0,60,0.55
shifted,43,Never ship,0.566666666667,,0,1,0.0424916786709,0,0,26,34,60,0.45
shifted,44,PROXIMA,0.6,0.547169811321,0.774193548387,0,0.0256874783471,29,24,0,7,60,0.363333333333
shifted,44,Correlation,0.683333333333,0.604166666667,0.612903225806,0,0.0138189058162,29,19,0,12,60,0.276666666667
shifted,44,Decision only,0.9,0.848484848485,0.161290322581,0.0344827586207,0.00059665936571,28,5,1,26,60,0.3
shifted,44,Local only,0.6,0.547169811321,0.774193548387,0,0.0256874783471,29,24,0,7,60,0.363333333333
shifted,44,Equal weights,0.6,0.547169811321,0.774193548387,0,0.0256874783471,29,24,0,7,60,0.363333333333
shifted,44,No local component,0.9,0.848484848485,0.161290322581,0.0344827586207,0.00059665936571,28,5,1,26,60,0.3
shifted,44,Fixed faithful,0.6,0.547169811321,0.774193548387,0,0.0256874783471,29,24,0,7,60,0.363333333333
shifted,44,Fixed offset,0.683333333333,0.604166666667,0.612903225806,0,0.0138189058162,29,19,0,12,60,0.276666666667
shifted,44,Fixed local_reversal,0.9,0.848484848485,0.161290322581,0.0344827586207,0.00059665936571,28,5,1,26,60,0.3
shifted,44,Fixed unrelated,0.483333333333,0.466666666667,0.516129032258,0.51724137931,0.0600441761584,14,16,15,15,60,0.503333333333
shifted,44,Uniform proxy,0.666666666667,,,,0.0250368049218,,,,,,0.360833333333
shifted,44,Always ship,0.483333333333,0.483333333333,1,0,0.0526531370893,29,31,0,0,60,0.486666666667
shifted,44,Never ship,0.516666666667,,0,1,0.0539805596248,0,0,29,31,60,0.513333333333
shifted,45,PROXIMA,0.5,0.464285714286,0.882352941176,0,0.0438418893019,26,30,0,4,60,0.46
shifted,45,Correlation,0.95,0.96,0.0294117647059,0.0769230769231,0.00130931253071,24,1,2,33,60,0.33
shifted,45,Decision only,0.95,0.96,0.0294117647059,0.0769230769231,0.00130931253071,24,1,2,33,60,0.33
shifted,45,Local only,0.5,0.464285714286,0.882352941176,0,0.0438418893019,26,30,0,4,60,0.46
shifted,45,Equal weights,0.5,0.464285714286,0.882352941176,0,0.0438418893019,26,30,0,4,60,0.46
shifted,45,No local component,0.95,0.96,0.0294117647059,0.0769230769231,0.00130931253071,24,1,2,33,60,0.33
shifted,45,Fixed faithful,0.5,0.464285714286,0.882352941176,0,0.0438418893019,26,30,0,4,60,0.46
shifted,45,Fixed offset,0.6,0.52,0.705882352941,0,0.0299709197697,26,24,0,10,60,0.36
shifted,45,Fixed local_reversal,0.95,0.96,0.0294117647059,0.0769230769231,0.00130931253071,24,1,2,33,60,0.33
shifted,45,Fixed unrelated,0.516666666667,0.444444444444,0.441176470588,0.538461538462,0.0420994897603,12,15,14,19,60,0.47
shifted,45,Uniform proxy,0.641666666667,,,,0.0293054028407,,,,,,0.405
shifted,45,Always ship,0.433333333333,0.433333333333,1,0,0.0593779724489,26,34,0,0,60,0.586666666667
shifted,45,Never ship,0.566666666667,,0,1,0.0358937896307,0,0,26,34,60,0.413333333333
shifted,46,PROXIMA,0.516666666667,0.452830188679,0.805555555556,0,0.0271029816418,24,29,0,7,60,0.42
shifted,46,Correlation,0.583333333333,0.489795918367,0.694444444444,0,0.0156571615852,24,25,0,11,60,0.316666666667
shifted,46,Decision only,0.966666666667,0.958333333333,0.0277777777778,0.0416666666667,0.000348123434593,23,1,1,35,60,0.433333333333
shifted,46,Local only,0.516666666667,0.452830188679,0.805555555556,0,0.0271029816418,24,29,0,7,60,0.42
shifted,46,Equal weights,0.516666666667,0.452830188679,0.805555555556,0,0.0271029816418,24,29,0,7,60,0.42
shifted,46,No local component,0.966666666667,0.958333333333,0.0277777777778,0.0416666666667,0.000348123434593,23,1,1,35,60,0.433333333333
shifted,46,Fixed faithful,0.516666666667,0.452830188679,0.805555555556,0,0.0271029816418,24,29,0,7,60,0.42
shifted,46,Fixed offset,0.583333333333,0.489795918367,0.694444444444,0,0.0156571615852,24,25,0,11,60,0.316666666667
shifted,46,Fixed local_reversal,0.966666666667,0.958333333333,0.0277777777778,0.0416666666667,0.000348123434593,23,1,1,35,60,0.433333333333
shifted,46,Fixed unrelated,0.6,0.5,0.5,0.25,0.0444619321499,18,18,6,18,60,0.51
shifted,46,Uniform proxy,0.666666666667,,,,0.0218925497029,,,,,,0.42
shifted,46,Always ship,0.4,0.4,1,0,0.054354104356,24,36,0,0,60,0.553333333333
shifted,46,Never ship,0.6,,0,1,0.0343462713767,0,0,24,36,60,0.446666666667
shifted,47,PROXIMA,0.616666666667,0.59649122807,0.884615384615,0,0.0284567610863,34,23,0,3,60,0.38
shifted,47,Correlation,0.683333333333,0.641509433962,0.730769230769,0,0.0188128725169,34,19,0,7,60,0.333333333333
shifted,47,Decision only,0.616666666667,0.59649122807,0.884615384615,0,0.0284567610863,34,23,0,3,60,0.38
shifted,47,Local only,0.616666666667,0.59649122807,0.884615384615,0,0.0284567610863,34,23,0,3,60,0.38
shifted,47,Equal weights,0.616666666667,0.59649122807,0.884615384615,0,0.0284567610863,34,23,0,3,60,0.38
shifted,47,No local component,0.616666666667,0.59649122807,0.884615384615,0,0.0284567610863,34,23,0,3,60,0.38
shifted,47,Fixed faithful,0.616666666667,0.59649122807,0.884615384615,0,0.0284567610863,34,23,0,3,60,0.38
shifted,47,Fixed offset,0.683333333333,0.641509433962,0.730769230769,0,0.0188128725169,34,19,0,7,60,0.333333333333
shifted,47,Fixed local_reversal,1,1,0,0,0,34,0,0,26,60,0.34
shifted,47,Fixed unrelated,0.616666666667,0.703703703704,0.307692307692,0.441176470588,0.0419789376851,19,8,15,18,60,0.53
shifted,47,Uniform proxy,0.729166666667,,,,0.0223121428221,,,,,,0.395833333333
shifted,47,Always ship,0.566666666667,0.566666666667,1,0,0.03997436723,34,26,0,0,60,0.463333333333
shifted,47,Never ship,0.433333333333,,0,1,0.0500974406664,0,0,34,26,60,0.536666666667
shifted,48,PROXIMA,0.566666666667,0.535714285714,0.866666666667,0,0.0343958070024,30,26,0,4,60,0.446666666667
shifted,48,Correlation,0.633333333333,0.576923076923,0.733333333333,0,0.0225932313731,30,22,0,8,60,0.353333333333
shifted,48,Decision only,0.966666666667,0.966666666667,0.0333333333333,0.0333333333333,5.79003290357e-05,29,1,1,29,60,0.43
shifted,48,Local only,0.566666666667,0.535714285714,0.866666666667,0,0.0343958070024,30,26,0,4,60,0.446666666667
shifted,48,Equal weights,0.566666666667,0.535714285714,0.866666666667,0,0.0343958070024,30,26,0,4,60,0.446666666667
shifted,48,No local component,0.966666666667,0.966666666667,0.0333333333333,0.0333333333333,5.79003290357e-05,29,1,1,29,60,0.43
shifted,48,Fixed faithful,0.566666666667,0.535714285714,0.866666666667,0,0.0343958070024,30,26,0,4,60,0.446666666667
shifted,48,Fixed offset,0.633333333333,0.576923076923,0.733333333333,0,0.0225932313731,30,22,0,8,60,0.353333333333
shifted,48,Fixed local_reversal,0.966666666667,0.966666666667,0.0333333333333,0.0333333333333,5.79003290357e-05,29,1,1,29,60,0.43
shifted,48,Fixed unrelated,0.583333333333,0.586206896552,0.4,0.433333333333,0.0463250146684,17,12,13,18,60,0.49
shifted,48,Uniform proxy,0.6875,,,,0.0258429883432,,,,,,0.43
shifted,48,Always ship,0.5,0.5,1,0,0.0520367648134,30,30,0,0,60,0.553333333333
shifted,48,Never ship,0.5,,0,1,0.0319700297755,0,0,30,30,60,0.446666666667
shifted,49,PROXIMA,0.616666666667,0.610169491525,0.958333333333,0,0.0355753598053,36,23,0,1,60,0.38
shifted,49,Correlation,0.933333333333,0.970588235294,0.0416666666667,0.0833333333333,0.000812571993828,33,1,3,23,60,0.346666666667
shifted,49,Decision only,0.933333333333,0.970588235294,0.0416666666667,0.0833333333333,0.000812571993828,33,1,3,23,60,0.346666666667
shifted,49,Local only,0.616666666667,0.610169491525,0.958333333333,0,0.0355753598053,36,23,0,1,60,0.38
shifted,49,Equal weights,0.616666666667,0.610169491525,0.958333333333,0,0.0355753598053,36,23,0,1,60,0.38
shifted,49,No local component,0.933333333333,0.970588235294,0.0416666666667,0.0833333333333,0.000812571993828,33,1,3,23,60,0.346666666667
shifted,49,Fixed faithful,0.616666666667,0.610169491525,0.958333333333,0,0.0355753598053,36,23,0,1,60,0.38
shifted,49,Fixed offset,0.75,0.705882352941,0.625,0,0.0168922415475,36,15,0,9,60,0.27
shifted,49,Fixed local_reversal,0.933333333333,0.970588235294,0.0416666666667,0.0833333333333,0.000812571993828,33,1,3,23,60,0.346666666667
shifted,49,Fixed unrelated,0.483333333333,0.586206896552,0.5,0.527777777778,0.0474129540087,17,12,19,12,60,0.503333333333
shifted,49,Uniform proxy,0.695833333333,,,,0.0251732818388,,,,,,0.375
shifted,49,Always ship,0.6,0.6,1,0,0.0390088568333,36,24,0,0,60,0.456666666667
shifted,49,Never ship,0.4,,0,1,0.056535603797,0,0,36,24,60,0.543333333333
shifted,50,PROXIMA,0.45,0.421052631579,0.916666666667,0,0.0426618609718,24,33,0,3,60,0.433333333333
shifted,50,Correlation,0.966666666667,0.923076923077,0.0555555555556,0,0.000632468839857,24,2,0,34,60,0.366666666667
shifted,50,Decision only,0.966666666667,0.923076923077,0.0555555555556,0,0.000632468839857,24,2,0,34,60,0.366666666667
shifted,50,Local only,0.45,0.421052631579,0.916666666667,0,0.0426618609718,24,33,0,3,60,0.433333333333
shifted,50,Equal weights,0.45,0.421052631579,0.916666666667,0,0.0426618609718,24,33,0,3,60,0.433333333333
shifted,50,No local component,0.966666666667,0.923076923077,0.0555555555556,0,0.000632468839857,24,2,0,34,60,0.366666666667
shifted,50,Fixed faithful,0.45,0.421052631579,0.916666666667,0,0.0426618609718,24,33,0,3,60,0.433333333333
shifted,50,Fixed offset,0.516666666667,0.452830188679,0.805555555556,0,0.0307148683792,24,29,0,7,60,0.31
shifted,50,Fixed local_reversal,0.966666666667,0.923076923077,0.0555555555556,0,0.000632468839857,24,2,0,34,60,0.366666666667
shifted,50,Fixed unrelated,0.466666666667,0.382352941176,0.583333333333,0.458333333333,0.0478800002675,13,21,11,15,60,0.543333333333
shifted,50,Uniform proxy,0.6,,,,0.0304722996146,,,,,,0.413333333333
shifted,50,Always ship,0.4,0.4,1,0,0.0559383984134,24,36,0,0,60,0.553333333333
shifted,50,Never ship,0.6,,0,1,0.0352219562765,0,0,24,36,60,0.446666666667
shifted,51,PROXIMA,0.616666666667,0.610169491525,0.958333333333,0,0.0288802798928,36,23,0,1,60,0.333333333333
shifted,51,Correlation,0.9,0.916666666667,0.125,0.0833333333333,0.00123817219694,33,3,3,21,60,0.403333333333
shifted,51,Decision only,0.9,0.916666666667,0.125,0.0833333333333,0.00123817219694,33,3,3,21,60,0.403333333333
shifted,51,Local only,0.616666666667,0.610169491525,0.958333333333,0,0.0288802798928,36,23,0,1,60,0.333333333333
shifted,51,Equal weights,0.616666666667,0.610169491525,0.958333333333,0,0.0288802798928,36,23,0,1,60,0.333333333333
shifted,51,No local component,0.9,0.916666666667,0.125,0.0833333333333,0.00123817219694,33,3,3,21,60,0.403333333333
shifted,51,Fixed faithful,0.616666666667,0.610169491525,0.958333333333,0,0.0288802798928,36,23,0,1,60,0.333333333333
shifted,51,Fixed offset,0.7,0.666666666667,0.75,0,0.0150993089781,36,18,0,6,60,0.273333333333
shifted,51,Fixed local_reversal,0.9,0.916666666667,0.125,0.0833333333333,0.00123817219694,33,3,3,21,60,0.403333333333
shifted,51,Fixed unrelated,0.5,0.583333333333,0.625,0.416666666667,0.0496449139137,21,15,15,9,60,0.47
shifted,51,Uniform proxy,0.679166666667,,,,0.0237156687454,,,,,,0.37
shifted,51,Always ship,0.6,0.6,1,0,0.034003815637,36,24,0,0,60,0.42
shifted,51,Never ship,0.4,,0,1,0.0568702132493,0,0,36,24,60,0.58
shifted,52,PROXIMA,0.933333333333,0.9,0.09375,0.0357142857143,0.000622944701739,27,3,1,29,60,0.306666666667
shifted,52,Correlation,0.766666666667,0.666666666667,0.4375,0,0.00902991460468,28,14,0,18,60,0.28
shifted,52,Decision only,0.933333333333,0.9,0.09375,0.0357142857143,0.000622944701739,27,3,1,29,60,0.306666666667
shifted,52,Local only,0.533333333333,0.5,0.875,0,0.0431659388757,28,28,0,4,60,0.38
shifted,52,Equal weights,0.533333333333,0.5,0.875,0,0.0431659388757,28,28,0,4,60,0.38
shifted,52,No local component,0.933333333333,0.9,0.09375,0.0357142857143,0.000622944701739,27,3,1,29,60,0.306666666667
shifted,52,Fixed faithful,0.533333333333,0.5,0.875,0,0.0431659388757,28,28,0,4,60,0.38
shifted,52,Fixed offset,0.766666666667,0.666666666667,0.4375,0,0.00902991460468,28,14,0,18,60,0.28
shifted,52,Fixed local_reversal,0.933333333333,0.9,0.09375,0.0357142857143,0.000622944701739,27,3,1,29,60,0.306666666667
shifted,52,Fixed unrelated,0.366666666667,0.307692307692,0.5625,0.714285714286,0.0851902194589,8,18,20,14,60,0.53
shifted,52,Uniform proxy,0.65,,,,0.0345022544103,,,,,,0.374166666667
shifted,52,Always ship,0.466666666667,0.466666666667,1,0,0.0612031950077,28,32,0,0,60,0.526666666667
shifted,52,Never ship,0.533333333333,,0,1,0.0540750171327,0,0,28,32,60,0.473333333333
shifted,53,PROXIMA,0.466666666667,0.438596491228,0.914285714286,0,0.0367058627874,25,32,0,3,60,0.423333333333
shifted,53,Correlation,0.533333333333,0.471698113208,0.8,0,0.0269463141679,25,28,0,7,60,0.346666666667
shifted,53,Decision only,0.983333333333,0.961538461538,0.0285714285714,0,7.16260881888e-05,25,1,0,34,60,0.353333333333
shifted,53,Local only,0.466666666667,0.438596491228,0.914285714286,0,0.0367058627874,25,32,0,3,60,0.423333333333
shifted,53,Equal weights,0.466666666667,0.438596491228,0.914285714286,0,0.0367058627874,25,32,0,3,60,0.423333333333
shifted,53,No local component,0.983333333333,0.961538461538,0.0285714285714,0,7.16260881888e-05,25,1,0,34,60,0.353333333333
shifted,53,Fixed faithful,0.466666666667,0.438596491228,0.914285714286,0,0.0367058627874,25,32,0,3,60,0.423333333333
shifted,53,Fixed offset,0.533333333333,0.471698113208,0.8,0,0.0269463141679,25,28,0,7,60,0.346666666667
shifted,53,Fixed local_reversal,0.983333333333,0.961538461538,0.0285714285714,0,7.16260881888e-05,25,1,0,34,60,0.353333333333
shifted,53,Fixed unrelated,0.5,0.4,0.428571428571,0.6,0.0542309284013,10,15,15,20,60,0.533333333333
shifted,53,Uniform proxy,0.620833333333,,,,0.0294886828612,,,,,,0.414166666667
shifted,53,Always ship,0.416666666667,0.416666666667,1,0,0.0499773248904,25,35,0,0,60,0.543333333333
shifted,53,Never ship,0.583333333333,,0,1,0.0450982664512,0,0,25,35,60,0.456666666667
shifted,54,PROXIMA,0.516666666667,0.472727272727,0.852941176471,0,0.0378261106023,26,29,0,5,60,0.396666666667
shifted,54,Correlation,0.616666666667,0.530612244898,0.676470588235,0,0.021201116056,26,23,0,11,60,0.31
shifted,54,Decision only,0.966666666667,0.928571428571,0.0588235294118,0,0.000558843820281,26,2,0,32,60,0.303333333333
shifted,54,Local only,0.516666666667,0.472727272727,0.852941176471,0,0.0378261106023,26,29,0,5,60,0.396666666667
shifted,54,Equal weights,0.516666666667,0.472727272727,0.852941176471,0,0.0378261106023,26,29,0,5,60,0.396666666667
shifted,54,No local component,0.966666666667,0.928571428571,0.0588235294118,0,0.000558843820281,26,2,0,32,60,0.303333333333
shifted,54,Fixed faithful,0.516666666667,0.472727272727,0.852941176471,0,0.0378261106023,26,29,0,5,60,0.396666666667
shifted,54,Fixed offset,0.616666666667,0.530612244898,0.676470588235,0,0.021201116056,26,23,0,11,60,0.31
shifted,54,Fixed local_reversal,0.966666666667,0.928571428571,0.0588235294118,0,0.000558843820281,26,2,0,32,60,0.303333333333
shifted,54,Fixed unrelated,0.433333333333,0.346153846154,0.5,0.653846153846,0.0627915763687,9,17,17,17,60,0.513333333333
shifted,54,Uniform proxy,0.633333333333,,,,0.0305944117118,,,,,,0.380833333333
shifted,54,Always ship,0.433333333333,0.433333333333,1,0,0.0582972343129,26,34,0,0,60,0.526666666667
shifted,54,Never ship,0.566666666667,,0,1,0.0438140183951,0,0,26,34,60,0.473333333333
shifted,55,PROXIMA,0.566666666667,0.543859649123,0.896551724138,0,0.0289890711467,31,26,0,3,60,0.37
shifted,55,Correlation,0.666666666667,0.607843137255,0.689655172414,0,0.0130902322664,31,20,0,9,60,0.276666666667
shifted,55,Decision only,0.966666666667,0.939393939394,0.0689655172414,0,0.000519088364266,31,2,0,27,60,0.403333333333
shifted,55,Local only,0.566666666667,0.543859649123,0.896551724138,0,0.0289890711467,31,26,0,3,60,0.37
shifted,55,Equal weights,0.566666666667,0.543859649123,0.896551724138,0,0.0289890711467,31,26,0,3,60,0.37
shifted,55,No local component,0.966666666667,0.939393939394,0.0689655172414,0,0.000519088364266,31,2,0,27,60,0.403333333333
shifted,55,Fixed faithful,0.566666666667,0.543859649123,0.896551724138,0,0.0289890711467,31,26,0,3,60,0.37
shifted,55,Fixed offset,0.666666666667,0.607843137255,0.689655172414,0,0.0130902322664,31,20,0,9,60,0.276666666667
shifted,55,Fixed local_reversal,0.966666666667,0.939393939394,0.0689655172414,0,0.000519088364266,31,2,0,27,60,0.403333333333
shifted,55,Fixed unrelated,0.45,0.473684210526,0.689655172414,0.41935483871,0.0424474905895,18,20,13,9,60,0.52
shifted,55,Uniform proxy,0.6625,,,,0.0212614705917,,,,,,0.3925
shifted,55,Always ship,0.516666666667,0.516666666667,1,0,0.0394989526637,31,29,0,0,60,0.45
shifted,55,Never ship,0.483333333333,,0,1,0.049446639073,0,0,31,29,60,0.55
shifted,56,PROXIMA,0.5,0.473684210526,0.909090909091,0,0.0421144337811,27,30,0,3,60,0.496666666667
shifted,56,Correlation,0.6,0.529411764706,0.727272727273,0,0.0267380987067,27,24,0,9,60,0.346666666667
shifted,56,Decision only,1,1,0,0,0,27,0,0,33,60,0.373333333333
shifted,56,Local only,0.5,0.473684210526,0.909090909091,0,0.0421144337811,27,30,0,3,60,0.496666666667
shifted,56,Equal weights,0.5,0.473684210526,0.909090909091,0,0.0421144337811,27,30,0,3,60,0.496666666667
shifted,56,No local component,1,1,0,0,0,27,0,0,33,60,0.373333333333
shifted,56,Fixed faithful,0.5,0.473684210526,0.909090909091,0,0.0421144337811,27,30,0,3,60,0.496666666667
shifted,56,Fixed offset,0.6,0.529411764706,0.727272727273,0,0.0267380987067,27,24,0,9,60,0.346666666667
shifted,56,Fixed local_reversal,1,1,0,0,0,27,0,0,33,60,0.373333333333
shifted,56,Fixed unrelated,0.4,0.354838709677,0.606060606061,0.592592592593,0.0562021546894,11,20,16,13,60,0.52
shifted,56,Uniform proxy,0.625,,,,0.0312636717943,,,,,,0.434166666667
shifted,56,Always ship,0.45,0.45,1,0,0.0540024703016,27,33,0,0,60,0.58
shifted,56,Never ship,0.55,,0,1,0.0359369192721,0,0,27,33,60,0.42
shifted,57,PROXIMA,0.55,0.517857142857,0.870967741935,0,0.0288629410936,29,27,0,4,60,0.44
shifted,57,Correlation,0.95,0.964285714286,0.0322580645161,0.0689655172414,0.000423562796008,27,1,2,30,60,0.416666666667
shifted,57,Decision only,0.95,0.964285714286,0.0322580645161,0.0689655172414,0.000423562796008,27,1,2,30,60,0.416666666667
shifted,57,Local only,0.55,0.517857142857,0.870967741935,0,0.0288629410936,29,27,0,4,60,0.44
shifted,57,Equal weights,0.55,0.517857142857,0.870967741935,0,0.0288629410936,29,27,0,4,60,0.44
shifted,57,No local component,0.95,0.964285714286,0.0322580645161,0.0689655172414,0.000423562796008,27,1,2,30,60,0.416666666667
shifted,57,Fixed faithful,0.55,0.517857142857,0.870967741935,0,0.0288629410936,29,27,0,4,60,0.44
shifted,57,Fixed offset,0.633333333333,0.56862745098,0.709677419355,0,0.0168766850231,29,22,0,9,60,0.34
shifted,57,Fixed local_reversal,0.95,0.964285714286,0.0322580645161,0.0689655172414,0.000423562796008,27,1,2,30,60,0.416666666667
shifted,57,Fixed unrelated,0.533333333333,0.514285714286,0.548387096774,0.379310344828,0.0316937230771,18,17,11,14,60,0.496666666667
shifted,57,Uniform proxy,0.666666666667,,,,0.0194642279974,,,,,,0.423333333333
shifted,57,Always ship,0.483333333333,0.483333333333,1,0,0.0428279171971,29,31,0,0,60,0.523333333333
shifted,57,Never ship,0.516666666667,,0,1,0.0364045325053,0,0,29,31,60,0.476666666667
shifted,58,PROXIMA,0.416666666667,0.385964912281,0.921052631579,0,0.0362321044678,22,35,0,3,60,0.496666666667
shifted,58,Correlation,0.483333333333,0.415094339623,0.815789473684,0,0.0266273928365,22,31,0,7,60,0.39
shifted,58,Decision only,0.9,0.863636363636,0.0789473684211,0.136363636364,0.00116312719004,19,3,3,35,60,0.44
shifted,58,Local only,0.416666666667,0.385964912281,0.921052631579,0,0.0362321044678,22,35,0,3,60,0.496666666667
shifted,58,Equal weights,0.416666666667,0.385964912281,0.921052631579,0,0.0362321044678,22,35,0,3,60,0.496666666667
shifted,58,No local component,0.9,0.863636363636,0.0789473684211,0.136363636364,0.00116312719004,19,3,3,35,60,0.44
shifted,58,Fixed faithful,0.416666666667,0.385964912281,0.921052631579,0,0.0362321044678,22,35,0,3,60,0.496666666667
shifted,58,Fixed offset,0.483333333333,0.415094339623,0.815789473684,0,0.0266273928365,22,31,0,7,60,0.39
shifted,58,Fixed local_reversal,0.9,0.863636363636,0.0789473684211,0.136363636364,0.00116312719004,19,3,3,35,60,0.44
shifted,58,Fixed unrelated,0.416666666667,0.290322580645,0.578947368421,0.590909090909,0.0448769288292,9,22,13,16,60,0.506666666667
shifted,58,Uniform proxy,0.554166666667,,,,0.0272248883309,,,,,,0.458333333333
shifted,58,Always ship,0.366666666667,0.366666666667,1,0,0.048966701782,22,38,0,0,60,0.59
shifted,58,Never ship,0.633333333333,,0,1,0.0334962883492,0,0,22,38,60,0.41
shifted,59,PROXIMA,0.55,0.534482758621,0.931034482759,0,0.0372901998901,31,27,0,2,60,0.41
shifted,59,Correlation,0.933333333333,0.965517241379,0.0344827586207,0.0967741935484,0.000604713243531,28,1,3,28,60,0.306666666667
shifted,59,Decision only,0.933333333333,0.965517241379,0.0344827586207,0.0967741935484,0.000604713243531,28,1,3,28,60,0.306666666667
shifted,59,Local only,0.55,0.534482758621,0.931034482759,0,0.0372901998901,31,27,0,2,60,0.41
shifted,59,Equal weights,0.55,0.534482758621,0.931034482759,0,0.0372901998901,31,27,0,2,60,0.41
shifted,59,No local component,0.933333333333,0.965517241379,0.0344827586207,0.0967741935484,0.000604713243531,28,1,3,28,60,0.306666666667
shifted,59,Fixed faithful,0.55,0.534482758621,0.931034482759,0,0.0372901998901,31,27,0,2,60,0.41
shifted,59,Fixed offset,0.666666666667,0.607843137255,0.689655172414,0,0.0189039384472,31,20,0,9,60,0.31
shifted,59,Fixed local_reversal,0.933333333333,0.965517241379,0.0344827586207,0.0967741935484,0.000604713243531,28,1,3,28,60,0.306666666667
shifted,59,Fixed unrelated,0.5,0.513513513514,0.620689655172,0.387096774194,0.0530950445905,19,18,12,11,60,0.483333333333
shifted,59,Uniform proxy,0.6625,,,,0.0274734740428,,,,,,0.3775
shifted,59,Always ship,0.516666666667,0.516666666667,1,0,0.0440841490517,31,29,0,0,60,0.496666666667
shifted,59,Never ship,0.483333333333,,0,1,0.0555129909935,0,0,31,29,60,0.503333333333
shifted,60,PROXIMA,0.616666666667,0.581818181818,0.821428571429,0,0.0336489133097,32,23,0,5,60,0.416666666667
shifted,60,Correlation,0.7,0.64,0.642857142857,0,0.0200325899185,32,18,0,10,60,0.306666666667
shifted,60,Decision only,0.616666666667,0.581818181818,0.821428571429,0,0.0336489133097,32,23,0,5,60,0.416666666667
shifted,60,Local only,0.616666666667,0.581818181818,0.821428571429,0,0.0336489133097,32,23,0,5,60,0.416666666667
shifted,60,Equal weights,0.616666666667,0.581818181818,0.821428571429,0,0.0336489133097,32,23,0,5,60,0.416666666667
shifted,60,No local component,0.966666666667,0.96875,0.0357142857143,0.03125,0.000430954236308,31,1,1,27,60,0.373333333333
shifted,60,Fixed faithful,0.616666666667,0.581818181818,0.821428571429,0,0.0336489133097,32,23,0,5,60,0.416666666667
shifted,60,Fixed offset,0.7,0.64,0.642857142857,0,0.0200325899185,32,18,0,10,60,0.306666666667
shifted,60,Fixed local_reversal,0.966666666667,0.96875,0.0357142857143,0.03125,0.000430954236308,31,1,1,27,60,0.373333333333
shifted,60,Fixed unrelated,0.45,0.48275862069,0.535714285714,0.5625,0.0460141517725,14,15,18,13,60,0.53
shifted,60,Uniform proxy,0.683333333333,,,,0.0250316523093,,,,,,0.406666666667
shifted,60,Always ship,0.533333333333,0.533333333333,1,0,0.0559287685853,32,28,0,0,60,0.54
shifted,60,Never ship,0.466666666667,,0,1,0.0348080865101,0,0,32,28,60,0.46
shifted,61,PROXIMA,0.633333333333,0.6,0.814814814815,0,0.0270413161655,33,22,0,5,60,0.343333333333
shifted,61,Correlation,0.983333333333,0.970588235294,0.037037037037,0,2.80260831376e-05,33,1,0,26,60,0.316666666667
shifted,61,Decision only,0.983333333333,0.970588235294,0.037037037037,0,2.80260831376e-05,33,1,0,26,60,0.316666666667
shifted,61,Local only,0.633333333333,0.6,0.814814814815,0,0.0270413161655,33,22,0,5,60,0.343333333333
shifted,61,Equal weights,0.633333333333,0.6,0.814814814815,0,0.0270413161655,33,22,0,5,60,0.343333333333
shifted,61,No local component,0.983333333333,0.970588235294,0.037037037037,0,2.80260831376e-05,33,1,0,26,60,0.316666666667
shifted,61,Fixed faithful,0.633333333333,0.6,0.814814814815,0,0.0270413161655,33,22,0,5,60,0.343333333333
shifted,61,Fixed offset,0.716666666667,0.66,0.62962962963,0,0.014206392648,33,17,0,10,60,0.246666666667
shifted,61,Fixed local_reversal,0.983333333333,0.970588235294,0.037037037037,0,2.80260831376e-05,33,1,0,26,60,0.316666666667
shifted,61,Fixed unrelated,0.466666666667,0.515151515152,0.592592592593,0.484848484848,0.0552023687816,17,16,16,11,60,0.506666666667
shifted,61,Uniform proxy,0.7,,,,0.0241195259195,,,,,,0.353333333333
shifted,61,Always ship,0.55,0.55,1,0,0.045973142434,33,27,0,0,60,0.436666666667
shifted,61,Never ship,0.45,,0,1,0.0624998137205,0,0,33,27,60,0.563333333333
shifted,62,PROXIMA,0.483333333333,0.465517241379,0.939393939394,0,0.0434812308326,27,31,0,2,60,0.443333333333
shifted,62,Correlation,0.633333333333,0.551020408163,0.666666666667,0,0.0193553171293,27,22,0,11,60,0.3
shifted,62,Decision only,0.933333333333,0.896551724138,0.0909090909091,0.037037037037,0.000772990101717,26,3,1,30,60,0.38
shifted,62,Local only,0.483333333333,0.465517241379,0.939393939394,0,0.0434812308326,27,31,0,2,60,0.443333333333
shifted,62,Equal weights,0.483333333333,0.465517241379,0.939393939394,0,0.0434812308326,27,31,0,2,60,0.443333333333
shifted,62,No local component,0.933333333333,0.896551724138,0.0909090909091,0.037037037037,0.000772990101717,26,3,1,30,60,0.38
shifted,62,Fixed faithful,0.483333333333,0.465517241379,0.939393939394,0,0.0434812308326,27,31,0,2,60,0.443333333333
shifted,62,Fixed offset,0.633333333333,0.551020408163,0.666666666667,0,0.0193553171293,27,22,0,11,60,0.3
shifted,62,Fixed local_reversal,0.933333333333,0.896551724138,0.0909090909091,0.037037037037,0.000772990101717,26,3,1,30,60,0.38
shifted,62,Fixed unrelated,0.516666666667,0.470588235294,0.545454545455,0.407407407407,0.0460926528395,16,18,11,15,60,0.496666666667
shifted,62,Uniform proxy,0.641666666667,,,,0.0274255477258,,,,,,0.405
shifted,62,Always ship,0.45,0.45,1,0,0.0508712647198,27,33,0,0,60,0.533333333333
shifted,62,Never ship,0.55,,0,1,0.0378106449954,0,0,27,33,60,0.466666666667
shifted,63,PROXIMA,0.55,0.509090909091,0.84375,0,0.032901804353,28,27,0,5,60,0.396666666667
shifted,63,Correlation,0.616666666667,0.549019607843,0.71875,0,0.0217104191212,28,23,0,9,60,0.29
shifted,63,Decision only,0.966666666667,0.964285714286,0.03125,0.0357142857143,0.00022716554515,27,1,1,31,60,0.346666666667
shifted,63,Local only,0.55,0.509090909091,0.84375,0,0.032901804353,28,27,0,5,60,0.396666666667
shifted,63,Equal weights,0.55,0.509090909091,0.84375,0,0.032901804353,28,27,0,5,60,0.396666666667
shifted,63,No local component,0.966666666667,0.964285714286,0.03125,0.0357142857143,0.00022716554515,27,1,1,31,60,0.346666666667
shifted,63,Fixed faithful,0.55,0.509090909091,0.84375,0,0.032901804353,28,27,0,5,60,0.396666666667
shifted,63,Fixed offset,0.616666666667,0.549019607843,0.71875,0,0.0217104191212,28,23,0,9,60,0.29
shifted,63,Fixed local_reversal,0.966666666667,0.964285714286,0.03125,0.0357142857143,0.00022716554515,27,1,1,31,60,0.346666666667
shifted,63,Fixed unrelated,0.483333333333,0.448275862069,0.5,0.535714285714,0.0464184598909,13,16,15,16,60,0.52
shifted,63,Uniform proxy,0.654166666667,,,,0.0253144622276,,,,,,0.388333333333
shifted,63,Always ship,0.466666666667,0.466666666667,1,0,0.0518743244699,28,32,0,0,60,0.506666666667
shifted,63,Never ship,0.533333333333,,0,1,0.0396177644308,0,0,28,32,60,0.493333333333
shifted,64,PROXIMA,0.516666666667,0.462962962963,0.828571428571,0,0.0359224100074,25,29,0,6,60,0.426666666667
shifted,64,Correlation,0.933333333333,0.888888888889,0.0857142857143,0.04,0.000599031755985,24,3,1,32,60,0.33
shifted,64,Decision only,0.933333333333,0.888888888889,0.0857142857143,0.04,0.000599031755985,24,3,1,32,60,0.33
shifted,64,Local only,0.516666666667,0.462962962963,0.828571428571,0,0.0359224100074,25,29,0,6,60,0.426666666667
shifted,64,Equal weights,0.516666666667,0.462962962963,0.828571428571,0,0.0359224100074,25,29,0,6,60,0.426666666667
shifted,64,No local component,0.933333333333,0.888888888889,0.0857142857143,0.04,0.000599031755985,24,3,1,32,60,0.33
shifted,64,Fixed faithful,0.516666666667,0.462962962963,0.828571428571,0,0.0359224100074,25,29,0,6,60,0.426666666667
shifted,64,Fixed offset,0.616666666667,0.520833333333,0.657142857143,0,0.0204983121095,25,23,0,12,60,0.28
shifted,64,Fixed local_reversal,0.933333333333,0.888888888889,0.0857142857143,0.04,0.000599031755985,24,3,1,32,60,0.33
shifted,64,Fixed unrelated,0.616666666667,0.533333333333,0.4,0.36,0.0454856850698,16,14,9,21,60,0.44
shifted,64,Uniform proxy,0.670833333333,,,,0.0256263597357,,,,,,0.369166666667
shifted,64,Always ship,0.416666666667,0.416666666667,1,0,0.0606481104337,25,35,0,0,60,0.556666666667
shifted,64,Never ship,0.583333333333,,0,1,0.0372577411274,0,0,25,35,60,0.443333333333
shifted,65,PROXIMA,0.65,0.625,0.84,0,0.0336047844464,35,21,0,4,60,0.353333333333
shifted,65,Correlation,0.95,0.970588235294,0.04,0.0571428571429,0.000689404803441,33,1,2,24,60,0.32
shifted,65,Decision only,0.95,0.970588235294,0.04,0.0571428571429,0.000689404803441,33,1,2,24,60,0.32
shifted,65,Local only,0.65,0.625,0.84,0,0.0336047844464,35,21,0,4,60,0.353333333333
shifted,65,Equal weights,0.65,0.625,0.84,0,0.0336047844464,35,21,0,4,60,0.353333333333
shifted,65,No local component,0.95,0.970588235294,0.04,0.0571428571429,0.000689404803441,33,1,2,24,60,0.32
shifted,65,Fixed faithful,0.65,0.625,0.84,0,0.0336047844464,35,21,0,4,60,0.353333333333
shifted,65,Fixed offset,0.783333333333,0.729166666667,0.52,0,0.0126313701959,35,13,0,12,60,0.233333333333
shifted,65,Fixed local_reversal,0.95,0.970588235294,0.04,0.0571428571429,0.000689404803441,33,1,2,24,60,0.32
shifted,65,Fixed unrelated,0.466666666667,0.545454545455,0.6,0.485714285714,0.0550853825088,18,15,17,10,60,0.53
shifted,65,Uniform proxy,0.7125,,,,0.0255027354886,,,,,,0.359166666667
shifted,65,Always ship,0.583333333333,0.583333333333,1,0,0.0488327327147,35,25,0,0,60,0.456666666667
shifted,65,Never ship,0.416666666667,,0,1,0.0570984603778,0,0,35,25,60,0.543333333333
shifted,66,PROXIMA,0.55,0.542372881356,0.964285714286,0,0.0285836007409,32,27,0,1,60,0.413333333333
shifted,66,Correlation,0.95,0.939393939394,0.0714285714286,0.03125,0.00108549453199,31,2,1,26,60,0.356666666667
shifted,66,Decision only,0.95,0.939393939394,0.0714285714286,0.03125,0.00108549453199,31,2,1,26,60,0.356666666667
shifted,66,Local only,0.55,0.542372881356,0.964285714286,0,0.0285836007409,32,27,0,1,60,0.413333333333
shifted,66,Equal weights,0.55,0.542372881356,0.964285714286,0,0.0285836007409,32,27,0,1,60,0.413333333333
shifted,66,No local component,0.95,0.939393939394,0.0714285714286,0.03125,0.00108549453199,31,2,1,26,60,0.356666666667
shifted,66,Fixed faithful,0.55,0.542372881356,0.964285714286,0,0.0285836007409,32,27,0,1,60,0.413333333333
shifted,66,Fixed offset,0.6,0.571428571429,0.857142857143,0,0.0209190404425,32,24,0,4,60,0.333333333333
shifted,66,Fixed local_reversal,0.95,0.939393939394,0.0714285714286,0.03125,0.00108549453199,31,2,1,26,60,0.356666666667
shifted,66,Fixed unrelated,0.5,0.538461538462,0.428571428571,0.5625,0.05318362036,14,12,18,16,60,0.483333333333
shifted,66,Uniform proxy,0.65,,,,0.0259429390188,,,,,,0.396666666667
shifted,66,Always ship,0.533333333333,0.533333333333,1,0,0.0323282381625,32,28,0,0,60,0.466666666667
shifted,66,Never ship,0.466666666667,,0,1,0.0628778165768,0,0,32,28,60,0.533333333333
shifted,67,PROXIMA,0.6,0.586206896552,0.923076923077,0,0.0293128400904,34,24,0,2,60,0.36
shifted,67,Correlation,0.7,0.653846153846,0.692307692308,0,0.0144137376551,34,18,0,8,60,0.3
shifted,67,Decision only,0.966666666667,0.944444444444,0.0769230769231,0,6.73700002666e-05,34,2,0,24,60,0.363333333333
shifted,67,Local only,0.6,0.586206896552,0.923076923077,0,0.0293128400904,34,24,0,2,60,0.36
shifted,67,Equal weights,0.6,0.586206896552,0.923076923077,0,0.0293128400904,34,24,0,2,60,0.36
shifted,67,No local component,0.966666666667,0.944444444444,0.0769230769231,0,6.73700002666e-05,34,2,0,24,60,0.363333333333
shifted,67,Fixed faithful,0.6,0.586206896552,0.923076923077,0,0.0293128400904,34,24,0,2,60,0.36
shifted,67,Fixed offset,0.7,0.653846153846,0.692307692308,0,0.0144137376551,34,18,0,8,60,0.3
shifted,67,Fixed local_reversal,0.966666666667,0.944444444444,0.0769230769231,0,6.73700002666e-05,34,2,0,24,60,0.363333333333
shifted,67,Fixed unrelated,0.45,0.52,0.461538461538,0.617647058824,0.0389953793817,13,12,21,14,60,0.476666666667
shifted,67,Uniform proxy,0.679166666667,,,,0.0206973317818,,,,,,0.375
shifted,67,Always ship,0.566666666667,0.566666666667,1,0,0.0335174696917,34,26,0,0,60,0.446666666667
shifted,67,Never ship,0.433333333333,,0,1,0.0443506810584,0,0,34,26,60,0.553333333333
shifted,68,PROXIMA,0.5,0.473684210526,0.909090909091,0,0.0457049502981,27,30,0,3,60,0.406666666667
shifted,68,Correlation,0.966666666667,0.962962962963,0.030303030303,0.037037037037,0.000333487941519,26,1,1,32,60,0.263333333333
shifted,68,Decision only,0.966666666667,0.962962962963,0.030303030303,0.037037037037,0.000333487941519,26,1,1,32,60,0.263333333333
shifted,68,Local only,0.5,0.473684210526,0.909090909091,0,0.0457049502981,27,30,0,3,60,0.406666666667
shifted,68,Equal weights,0.5,0.473684210526,0.909090909091,0,0.0457049502981,27,30,0,3,60,0.406666666667
shifted,68,No local component,0.966666666667,0.962962962963,0.030303030303,0.037037037037,0.000333487941519,26,1,1,32,60,0.263333333333
shifted,68,Fixed faithful,0.5,0.473684210526,0.909090909091,0,0.0457049502981,27,30,0,3,60,0.406666666667
shifted,68,Fixed offset,0.666666666667,0.574468085106,0.606060606061,0,0.021586851365,27,20,0,13,60,0.28
shifted,68,Fixed local_reversal,0.966666666667,0.962962962963,0.030303030303,0.037037037037,0.000333487941519,26,1,1,32,60,0.263333333333
shifted,68,Fixed unrelated,0.483333333333,0.409090909091,0.393939393939,0.666666666667,0.0506444931961,9,13,18,20,60,0.5
shifted,68,Uniform proxy,0.654166666667,,,,0.0295674457002,,,,,,0.3625
shifted,68,Always ship,0.45,0.45,1,0,0.0576152978262,27,33,0,0,60,0.523333333333
shifted,68,Never ship,0.55,,0,1,0.0537263087236,0,0,27,33,60,0.476666666667
shifted,69,PROXIMA,0.433333333333,0.40350877193,0.918918918919,0,0.036674418584,23,34,0,3,60,0.44
shifted,69,Correlation,0.95,0.954545454545,0.027027027027,0.0869565217391,0.000315551828499,21,1,2,36,60,0.34
shifted,69,Decision only,0.433333333333,0.40350877193,0.918918918919,0,0.036674418584,23,34,0,3,60,0.44
shifted,69,Local only,0.433333333333,0.40350877193,0.918918918919,0,0.036674418584,23,34,0,3,60,0.44
shifted,69,Equal weights,0.433333333333,0.40350877193,0.918918918919,0,0.036674418584,23,34,0,3,60,0.44
shifted,69,No local component,0.95,0.954545454545,0.027027027027,0.0869565217391,0.000315551828499,21,1,2,36,60,0.34
shifted,69,Fixed faithful,0.433333333333,0.40350877193,0.918918918919,0,0.036674418584,23,34,0,3,60,0.44
shifted,69,Fixed offset,0.55,0.46,0.72972972973,0,0.0212108701531,23,27,0,10,60,0.31
shifted,69,Fixed local_reversal,0.95,0.954545454545,0.027027027027,0.0869565217391,0.000315551828499,21,1,2,36,60,0.34
shifted,69,Fixed unrelated,0.466666666667,0.32,0.459459459459,0.652173913043,0.0460696419587,8,17,15,20,60,0.453333333333
shifted,69,Uniform proxy,0.6,,,,0.0260676206311,,,,,,0.385833333333
shifted,69,Always ship,0.383333333333,0.383333333333,1,0,0.0489616903481,23,37,0,0,60,0.526666666667
shifted,69,Never ship,0.616666666667,,0,1,0.0417361430729,0,0,23,37,60,0.473333333333
shifted,70,PROXIMA,0.516666666667,0.472727272727,0.852941176471,0,0.0369325698016,26,29,0,5,60,0.44
shifted,70,Correlation,0.616666666667,0.530612244898,0.676470588235,0,0.0188152781376,26,23,0,11,60,0.306666666667
shifted,70,Decision only,0.516666666667,0.472727272727,0.852941176471,0,0.0369325698016,26,29,0,5,60,0.44
shifted,70,Local only,0.516666666667,0.472727272727,0.852941176471,0,0.0369325698016,26,29,0,5,60,0.44
shifted,70,Equal weights,0.516666666667,0.472727272727,0.852941176471,0,0.0369325698016,26,29,0,5,60,0.44
shifted,70,No local component,0.966666666667,0.961538461538,0.0294117647059,0.0384615384615,0.000435497657665,25,1,1,33,60,0.39
shifted,70,Fixed faithful,0.516666666667,0.472727272727,0.852941176471,0,0.0369325698016,26,29,0,5,60,0.44
shifted,70,Fixed offset,0.616666666667,0.530612244898,0.676470588235,0,0.0188152781376,26,23,0,11,60,0.306666666667
shifted,70,Fixed local_reversal,0.966666666667,0.961538461538,0.0294117647059,0.0384615384615,0.000435497657665,25,1,1,33,60,0.39
shifted,70,Fixed unrelated,0.483333333333,0.407407407407,0.470588235294,0.576923076923,0.0444303361523,11,16,15,18,60,0.466666666667
shifted,70,Uniform proxy,0.645833333333,,,,0.0251534204373,,,,,,0.400833333333
shifted,70,Always ship,0.433333333333,0.433333333333,1,0,0.0582689124659,26,34,0,0,60,0.563333333333
shifted,70,Never ship,0.566666666667,,0,1,0.0287534856004,0,0,26,34,60,0.436666666667
shifted,71,PROXIMA,0.65,0.625,0.84,0,0.0290165567407,35,21,0,4,60,0.343333333333
shifted,71,Correlation,0.716666666667,0.673076923077,0.68,0,0.0191545807675,35,17,0,8,60,0.273333333333
shifted,71,Decision only,0.933333333333,0.942857142857,0.08,0.0571428571429,0.000853591186438,33,2,2,23,60,0.266666666667
shifted,71,Local only,0.65,0.625,0.84,0,0.0290165567407,35,21,0,4,60,0.343333333333
shifted,71,Equal weights,0.65,0.625,0.84,0,0.0290165567407,35,21,0,4,60,0.343333333333
shifted,71,No local component,0.933333333333,0.942857142857,0.08,0.0571428571429,0.000853591186438,33,2,2,23,60,0.266666666667
shifted,71,Fixed faithful,0.65,0.625,0.84,0,0.0290165567407,35,21,0,4,60,0.343333333333
shifted,71,Fixed offset,0.716666666667,0.673076923077,0.68,0,0.0191545807675,35,17,0,8,60,0.273333333333
shifted,71,Fixed local_reversal,0.933333333333,0.942857142857,0.08,0.0571428571429,0.000853591186438,33,2,2,23,60,0.266666666667
shifted,71,Fixed unrelated,0.566666666667,0.636363636364,0.48,0.4,0.0548400367709,21,12,14,13,60,0.476666666667
shifted,71,Uniform proxy,0.716666666667,,,,0.0259661913664,,,,,,0.34
shifted,71,Always ship,0.583333333333,0.583333333333,1,0,0.0437913102336,35,25,0,0,60,0.456666666667
shifted,71,Never ship,0.416666666667,,0,1,0.0611949145998,0,0,35,25,60,0.543333333333
shifted,72,PROXIMA,0.5,0.444444444444,0.833333333333,0,0.0442837285777,24,30,0,6,60,0.426666666667
shifted,72,Correlation,0.966666666667,0.958333333333,0.0277777777778,0.0416666666667,0.000189890807867,23,1,1,35,60,0.41
shifted,72,Decision only,0.966666666667,0.958333333333,0.0277777777778,0.0416666666667,0.000189890807867,23,1,1,35,60,0.41
shifted,72,Local only,0.5,0.444444444444,0.833333333333,0,0.0442837285777,24,30,0,6,60,0.426666666667
shifted,72,Equal weights,0.5,0.444444444444,0.833333333333,0,0.0442837285777,24,30,0,6,60,0.426666666667
shifted,72,No local component,0.966666666667,0.958333333333,0.0277777777778,0.0416666666667,0.000189890807867,23,1,1,35,60,0.41
shifted,72,Fixed faithful,0.5,0.444444444444,0.833333333333,0,0.0442837285777,24,30,0,6,60,0.426666666667
shifted,72,Fixed offset,0.65,0.533333333333,0.583333333333,0,0.0205938498248,24,21,0,15,60,0.286666666667
shifted,72,Fixed local_reversal,0.966666666667,0.958333333333,0.0277777777778,0.0416666666667,0.000189890807867,23,1,1,35,60,0.41
shifted,72,Fixed unrelated,0.5,0.411764705882,0.555555555556,0.416666666667,0.0482219527221,14,20,10,16,60,0.48
shifted,72,Uniform proxy,0.654166666667,,,,0.0283223554831,,,,,,0.400833333333
shifted,72,Always ship,0.4,0.4,1,0,0.0682841407858,24,36,0,0,60,0.58
shifted,72,Never ship,0.6,,0,1,0.0311934146153,0,0,24,36,60,0.42
shifted,73,PROXIMA,0.6,0.571428571429,0.857142857143,0,0.0331202360999,32,24,0,4,60,0.4
shifted,73,Correlation,0.733333333333,0.666666666667,0.571428571429,0,0.0132940297992,32,16,0,12,60,0.32
shifted,73,Decision only,0.6,0.571428571429,0.857142857143,0,0.0331202360999,32,24,0,4,60,0.4
shifted,73,Local only,0.6,0.571428571429,0.857142857143,0,0.0331202360999,32,24,0,4,60,0.4
shifted,73,Equal weights,0.6,0.571428571429,0.857142857143,0,0.0331202360999,32,24,0,4,60,0.4
shifted,73,No local component,0.95,0.914285714286,0.107142857143,0,0.000543398383731,32,3,0,25,60,0.363333333333
shifted,73,Fixed faithful,0.6,0.571428571429,0.857142857143,0,0.0331202360999,32,24,0,4,60,0.4
shifted,73,Fixed offset,0.733333333333,0.666666666667,0.571428571429,0,0.0132940297992,32,16,0,12,60,0.32
shifted,73,Fixed local_reversal,0.95,0.914285714286,0.107142857143,0,0.000543398383731,32,3,0,25,60,0.363333333333
shifted,73,Fixed unrelated,0.633333333333,0.638888888889,0.464285714286,0.28125,0.0324418530721,23,13,9,15,60,0.46
shifted,73,Uniform proxy,0.729166666667,,,,0.0198498793388,,,,,,0.385833333333
shifted,73,Always ship,0.533333333333,0.533333333333,1,0,0.047570264514,32,28,0,0,60,0.513333333333
shifted,73,Never ship,0.466666666667,,0,1,0.0398687189689,0,0,32,28,60,0.486666666667
shifted,74,PROXIMA,0.616666666667,0.610169491525,0.958333333333,0,0.0286593224917,36,23,0,1,60,0.336666666667
shifted,74,Correlation,0.95,0.971428571429,0.0416666666667,0.0555555555556,0.000597604841107,34,1,2,23,60,0.326666666667
shifted,74,Decision only,0.95,0.971428571429,0.0416666666667,0.0555555555556,0.000597604841107,34,1,2,23,60,0.326666666667
shifted,74,Local only,0.616666666667,0.610169491525,0.958333333333,0,0.0286593224917,36,23,0,1,60,0.336666666667
shifted,74,Equal weights,0.616666666667,0.610169491525,0.958333333333,0,0.0286593224917,36,23,0,1,60,0.336666666667
shifted,74,No local component,0.95,0.971428571429,0.0416666666667,0.0555555555556,0.000597604841107,34,1,2,23,60,0.326666666667
shifted,74,Fixed faithful,0.616666666667,0.610169491525,0.958333333333,0,0.0286593224917,36,23,0,1,60,0.336666666667
shifted,74,Fixed offset,0.7,0.666666666667,0.75,0,0.0152871267111,36,18,0,6,60,0.273333333333
shifted,74,Fixed local_reversal,0.95,0.971428571429,0.0416666666667,0.0555555555556,0.000597604841107,34,1,2,23,60,0.326666666667
shifted,74,Fixed unrelated,0.533333333333,0.642857142857,0.416666666667,0.5,0.0547770268698,18,10,18,14,60,0.53
shifted,74,Uniform proxy,0.7,,,,0.0248302702284,,,,,,0.366666666667
shifted,74,Always ship,0.6,0.6,1,0,0.034544602847,36,24,0,0,60,0.403333333333
shifted,74,Never ship,0.4,,0,1,0.062323132973,0,0,36,24,60,0.596666666667
shifted,75,PROXIMA,0.5,0.473684210526,0.909090909091,0,0.0449060722713,27,30,0,3,60,0.423333333333
shifted,75,Correlation,0.95,0.928571428571,0.0606060606061,0.037037037037,0.000255627339385,26,2,1,31,60,0.27
shifted,75,Decision only,0.95,0.928571428571,0.0606060606061,0.037037037037,0.000255627339385,26,2,1,31,60,0.27
shifted,75,Local only,0.5,0.473684210526,0.909090909091,0,0.0449060722713,27,30,0,3,60,0.423333333333
shifted,75,Equal weights,0.5,0.473684210526,0.909090909091,0,0.0449060722713,27,30,0,3,60,0.423333333333
shifted,75,No local component,0.95,0.928571428571,0.0606060606061,0.037037037037,0.000255627339385,26,2,1,31,60,0.27
shifted,75,Fixed faithful,0.5,0.473684210526,0.909090909091,0,0.0449060722713,27,30,0,3,60,0.423333333333
shifted,75,Fixed offset,0.666666666667,0.574468085106,0.606060606061,0,0.0176877336687,27,20,0,13,60,0.283333333333
shifted,75,Fixed local_reversal,0.95,0.928571428571,0.0606060606061,0.037037037037,0.000255627339385,26,2,1,31,60,0.27
shifted,75,Fixed unrelated,0.5,0.461538461538,0.636363636364,0.333333333333,0.0509000716331,18,21,9,12,60,0.496666666667
shifted,75,Uniform proxy,0.654166666667,,,,0.0284373762281,,,,,,0.368333333333
shifted,75,Always ship,0.45,0.45,1,0,0.0566170995621,27,33,0,0,60,0.53
shifted,75,Never ship,0.55,,0,1,0.0480126706413,0,0,27,33,60,0.47
shifted,76,PROXIMA,0.583333333333,0.545454545455,0.833333333333,0,0.030440636906,30,25,0,5,60,0.376666666667
shifted,76,Correlation,0.65,0.588235294118,0.7,0,0.0174694413285,30,21,0,9,60,0.253333333333
shifted,76,Decision only,0.583333333333,0.545454545455,0.833333333333,0,0.030440636906,30,25,0,5,60,0.376666666667
shifted,76,Local only,0.583333333333,0.545454545455,0.833333333333,0,0.030440636906,30,25,0,5,60,0.376666666667
shifted,76,Equal weights,0.583333333333,0.545454545455,0.833333333333,0,0.030440636906,30,25,0,5,60,0.376666666667
shifted,76,No local component,0.933333333333,0.882352941176,0.133333333333,0,0.00108046934109,30,4,0,26,60,0.296666666667
shifted,76,Fixed faithful,0.583333333333,0.545454545455,0.833333333333,0,0.030440636906,30,25,0,5,60,0.376666666667
shifted,76,Fixed offset,0.65,0.588235294118,0.7,0,0.0174694413285,30,21,0,9,60,0.253333333333
shifted,76,Fixed local_reversal,0.933333333333,0.882352941176,0.133333333333,0,0.00108046934109,30,4,0,26,60,0.296666666667
shifted,76,Fixed unrelated,0.433333333333,0.433333333333,0.566666666667,0.566666666667,0.0640946169242,13,17,17,13,60,0.553333333333
shifted,76,Uniform proxy,0.65,,,,0.0282712911249,,,,,,0.37
shifted,76,Always ship,0.5,0.5,1,0,0.0486479032278,30,30,0,0,60,0.463333333333
shifted,76,Never ship,0.5,,0,1,0.0557427561887,0,0,30,30,60,0.536666666667
shifted,77,PROXIMA,0.583333333333,0.568965517241,0.925925925926,0,0.0266216289148,33,25,0,2,60,0.373333333333
shifted,77,Correlation,0.65,0.611111111111,0.777777777778,0,0.0166269824755,33,21,0,6,60,0.29
shifted,77,Decision only,0.583333333333,0.568965517241,0.925925925926,0,0.0266216289148,33,25,0,2,60,0.373333333333
shifted,77,Local only,0.583333333333,0.568965517241,0.925925925926,0,0.0266216289148,33,25,0,2,60,0.373333333333
shifted,77,Equal weights,0.583333333333,0.568965517241,0.925925925926,0,0.0266216289148,33,25,0,2,60,0.373333333333
shifted,77,No local component,0.933333333333,0.939393939394,0.0740740740741,0.0606060606061,0.000898079932808,31,2,2,25,60,0.416666666667
shifted,77,Fixed faithful,0.583333333333,0.568965517241,0.925925925926,0,0.0266216289148,33,25,0,2,60,0.373333333333
shifted,77,Fixed offset,0.65,0.611111111111,0.777777777778,0,0.0166269824755,33,21,0,6,60,0.29
shifted,77,Fixed local_reversal,0.933333333333,0.939393939394,0.0740740740741,0.0606060606061,0.000898079932808,31,2,2,25,60,0.416666666667
shifted,77,Fixed unrelated,0.483333333333,0.538461538462,0.444444444444,0.575757575758,0.0366325516905,14,12,19,15,60,0.513333333333
shifted,77,Uniform proxy,0.6625,,,,0.0201948107534,,,,,,0.398333333333
shifted,77,Always ship,0.55,0.55,1,0,0.0354039885267,33,27,0,0,60,0.436666666667
shifted,77,Never ship,0.45,,0,1,0.0443922096746,0,0,33,27,60,0.563333333333
shifted,78,PROXIMA,0.383333333333,0.372881355932,0.973684210526,0,0.0598357379495,22,37,0,1,60,0.52
shifted,78,Correlation,0.966666666667,1,0,0.0909090909091,0.000448133570204,20,0,2,38,60,0.32
shifted,78,Decision only,0.383333333333,0.372881355932,0.973684210526,0,0.0598357379495,22,37,0,1,60,0.52
shifted,78,Local only,0.383333333333,0.372881355932,0.973684210526,0,0.0598357379495,22,37,0,1,60,0.52
shifted,78,Equal weights,0.383333333333,0.372881355932,0.973684210526,0,0.0598357379495,22,37,0,1,60,0.52
shifted,78,No local component,0.383333333333,0.372881355932,0.973684210526,0,0.0598357379495,22,37,0,1,60,0.52
shifted,78,Fixed faithful,0.383333333333,0.372881355932,0.973684210526,0,0.0598357379495,22,37,0,1,60,0.52
shifted,78,Fixed offset,0.583333333333,0.468085106383,0.657894736842,0,0.0272491648218,22,25,0,13,60,0.35
shifted,78,Fixed local_reversal,0.966666666667,1,0,0.0909090909091,0.000448133570204,20,0,2,38,60,0.32
shifted,78,Fixed unrelated,0.383333333333,0.222222222222,0.552631578947,0.727272727273,0.0639848078284,6,21,16,17,60,0.56
shifted,78,Uniform proxy,0.579166666667,,,,0.0378794610425,,,,,,0.4375
shifted,78,Always ship,0.366666666667,0.366666666667,1,0,0.0658431091542,22,38,0,0,60,0.623333333333
shifted,78,Never ship,0.633333333333,,0,1,0.0320185857207,0,0,22,38,60,0.376666666667
shifted,79,PROXIMA,0.466666666667,0.396226415094,0.820512820513,0,0.0396788081885,21,32,0,7,60,0.45
shifted,79,Correlation,0.983333333333,0.954545454545,0.025641025641,0,0.000224293470081,21,1,0,38,60,0.336666666667
shifted,79,Decision only,0.466666666667,0.396226415094,0.820512820513,0,0.0396788081885,21,32,0,7,60,0.45
shifted,79,Local only,0.466666666667,0.396226415094,0.820512820513,0,0.0396788081885,21,32,0,7,60,0.45
shifted,79,Equal weights,0.466666666667,0.396226415094,0.820512820513,0,0.0396788081885,21,32,0,7,60,0.45
shifted,79,No local component,0.983333333333,0.954545454545,0.025641025641,0,0.000224293470081,21,1,0,38,60,0.336666666667
shifted,79,Fixed faithful,0.466666666667,0.396226415094,0.820512820513,0,0.0396788081885,21,32,0,7,60,0.45
shifted,79,Fixed offset,0.566666666667,0.446808510638,0.666666666667,0,0.0252959758439,21,26,0,13,60,0.316666666667
shifted,79,Fixed local_reversal,0.983333333333,0.954545454545,0.025641025641,0,0.000224293470081,21,1,0,38,60,0.336666666667
shifted,79,Fixed unrelated,0.55,0.375,0.384615384615,0.571428571429,0.0368349313591,9,15,12,24,60,0.476666666667
shifted,79,Uniform proxy,0.641666666667,,,,0.0255085022154,,,,,,0.395
shifted,79,Always ship,0.35,0.35,1,0,0.0640916345687,21,39,0,0,60,0.593333333333
shifted,79,Never ship,0.65,,0,1,0.0365698822707,0,0,21,39,60,0.406666666667
shifted,80,PROXIMA,0.566666666667,0.5,0.764705882353,0,0.0289047355815,26,26,0,8,60,0.396666666667
shifted,80,Correlation,0.966666666667,0.961538461538,0.0294117647059,0.0384615384615,0.000503491257153,25,1,1,33,60,0.336666666667
shifted,80,Decision only,0.966666666667,0.961538461538,0.0294117647059,0.0384615384615,0.000503491257153,25,1,1,33,60,0.336666666667
shifted,80,Local only,0.566666666667,0.5,0.764705882353,0,0.0289047355815,26,26,0,8,60,0.396666666667
shifted,80,Equal weights,0.566666666667,0.5,0.764705882353,0,0.0289047355815,26,26,0,8,60,0.396666666667
shifted,80,No local component,0.966666666667,0.961538461538,0.0294117647059,0.0384615384615,0.000503491257153,25,1,1,33,60,0.336666666667
shifted,80,Fixed faithful,0.566666666667,0.5,0.764705882353,0,0.0289047355815,26,26,0,8,60,0.396666666667
shifted,80,Fixed offset,0.633333333333,0.541666666667,0.647058823529,0,0.0178587327262,26,22,0,12,60,0.256666666667
shifted,80,Fixed local_reversal,0.966666666667,0.961538461538,0.0294117647059,0.0384615384615,0.000503491257153,25,1,1,33,60,0.336666666667
shifted,80,Fixed unrelated,0.466666666667,0.392857142857,0.5,0.576923076923,0.0507723160816,11,17,15,17,60,0.516666666667
shifted,80,Uniform proxy,0.658333333333,,,,0.0245098189116,,,,,,0.376666666667
shifted,80,Always ship,0.433333333333,0.433333333333,1,0,0.0559820751624,26,34,0,0,60,0.516666666667
shifted,80,Never ship,0.566666666667,,0,1,0.0363665412207,0,0,26,34,60,0.483333333333
shifted,81,PROXIMA,0.633333333333,0.607142857143,0.846153846154,0,0.0275423661234,34,22,0,4,60,0.34
shifted,81,Correlation,0.95,0.942857142857,0.0769230769231,0.0294117647059,5.30270964981e-05,33,2,1,24,60,0.323333333333
shifted,81,Decision only,0.633333333333,0.607142857143,0.846153846154,0,0.0275423661234,34,22,0,4,60,0.34
shifted,81,Local only,0.633333333333,0.607142857143,0.846153846154,0,0.0275423661234,34,22,0,4,60,0.34
shifted,81,Equal weights,0.633333333333,0.607142857143,0.846153846154,0,0.0275423661234,34,22,0,4,60,0.34
shifted,81,No local component,0.633333333333,0.607142857143,0.846153846154,0,0.0275423661234,34,22,0,4,60,0.34
shifted,81,Fixed faithful,0.633333333333,0.607142857143,0.846153846154,0,0.0275423661234,34,22,0,4,60,0.34
shifted,81,Fixed offset,0.7,0.653846153846,0.692307692308,0,0.0181228589724,34,18,0,8,60,0.226666666667
shifted,81,Fixed local_reversal,0.95,0.942857142857,0.0769230769231,0.0294117647059,5.30270964981e-05,33,2,1,24,60,0.323333333333
shifted,81,Fixed unrelated,0.483333333333,0.548387096774,0.538461538462,0.5,0.0518733911805,17,14,17,12,60,0.536666666667
shifted,81,Uniform proxy,0.691666666667,,,,0.0243979108432,,,,,,0.356666666667
shifted,81,Always ship,0.566666666667,0.566666666667,1,0,0.0418520253334,34,26,0,0,60,0.436666666667
shifted,81,Never ship,0.433333333333,,0,1,0.0667136319713,0,0,34,26,60,0.563333333333
shifted,82,PROXIMA,0.55,0.542372881356,0.964285714286,0,0.0432946462354,32,27,0,1,60,0.433333333333
shifted,82,Correlation,0.75,0.68085106383,0.535714285714,0,0.0128906029493,32,15,0,13,60,0.303333333333
shifted,82,Decision only,0.55,0.542372881356,0.964285714286,0,0.0432946462354,32,27,0,1,60,0.433333333333
shifted,82,Local only,0.55,0.542372881356,0.964285714286,0,0.0432946462354,32,27,0,1,60,0.433333333333
shifted,82,Equal weights,0.55,0.542372881356,0.964285714286,0,0.0432946462354,32,27,0,1,60,0.433333333333
shifted,82,No local component,0.55,0.542372881356,0.964285714286,0,0.0432946462354,32,27,0,1,60,0.433333333333
shifted,82,Fixed faithful,0.55,0.542372881356,0.964285714286,0,0.0432946462354,32,27,0,1,60,0.433333333333
shifted,82,Fixed offset,0.75,0.68085106383,0.535714285714,0,0.0128906029493,32,15,0,13,60,0.303333333333
shifted,82,Fixed local_reversal,0.95,0.914285714286,0.107142857143,0,0.000206722283273,32,3,0,25,60,0.38
shifted,82,Fixed unrelated,0.433333333333,0.46875,0.607142857143,0.53125,0.0567258580546,15,17,17,11,60,0.503333333333
shifted,82,Uniform proxy,0.670833333333,,,,0.0282794573806,,,,,,0.405
shifted,82,Always ship,0.533333333333,0.533333333333,1,0,0.0467096665072,32,28,0,0,60,0.516666666667
shifted,82,Never ship,0.466666666667,,0,1,0.0502314142456,0,0,32,28,60,0.483333333333
shifted,83,PROXIMA,0.55,0.526315789474,0.9,0,0.0314667551653,30,27,0,3,60,0.413333333333
shifted,83,Correlation,0.633333333333,0.576923076923,0.733333333333,0,0.0197747432311,30,22,0,8,60,0.333333333333
shifted,83,Decision only,0.933333333333,0.933333333333,0.0666666666667,0.0666666666667,0.00139221389662,28,2,2,28,60,0.373333333333
shifted,83,Local only,0.55,0.526315789474,0.9,0,0.0314667551653,30,27,0,3,60,0.413333333333
shifted,83,Equal weights,0.55,0.526315789474,0.9,0,0.0314667551653,30,27,0,3,60,0.413333333333
shifted,83,No local component,0.933333333333,0.933333333333,0.0666666666667,0.0666666666667,0.00139221389662,28,2,2,28,60,0.373333333333
shifted,83,Fixed faithful,0.55,0.526315789474,0.9,0,0.0314667551653,30,27,0,3,60,0.413333333333
shifted,83,Fixed offset,0.633333333333,0.576923076923,0.733333333333,0,0.0197747432311,30,22,0,8,60,0.333333333333
shifted,83,Fixed local_reversal,0.933333333333,0.933333333333,0.0666666666667,0.0666666666667,0.00139221389662,28,2,2,28,60,0.373333333333
shifted,83,Fixed unrelated,0.416666666667,0.432432432432,0.7,0.466666666667,0.0473903679738,16,21,14,9,60,0.463333333333
shifted,83,Uniform proxy,0.633333333333,,,,0.0250060200667,,,,,,0.395833333333
shifted,83,Always ship,0.5,0.5,1,0,0.0432781390376,30,30,0,0,60,0.496666666667
shifted,83,Never ship,0.5,,0,1,0.0462631835425,0,0,30,30,60,0.503333333333
shifted,84,PROXIMA,0.433333333333,0.413793103448,0.944444444444,0,0.0526196703068,24,34,0,2,60,0.473333333333
shifted,84,Correlation,0.65,0.533333333333,0.583333333333,0,0.018821636003,24,21,0,15,60,0.35
shifted,84,Decision only,0.966666666667,0.923076923077,0.0555555555556,0,0.000570005046965,24,2,0,34,60,0.33
shifted,84,Local only,0.433333333333,0.413793103448,0.944444444444,0,0.0526196703068,24,34,0,2,60,0.473333333333
shifted,84,Equal weights,0.433333333333,0.413793103448,0.944444444444,0,0.0526196703068,24,34,0,2,60,0.473333333333
shifted,84,No local component,0.966666666667,0.923076923077,0.0555555555556,0,0.000570005046965,24,2,0,34,60,0.33
shifted,84,Fixed faithful,0.433333333333,0.413793103448,0.944444444444,0,0.0526196703068,24,34,0,2,60,0.473333333333
shifted,84,Fixed offset,0.65,0.533333333333,0.583333333333,0,0.018821636003,24,21,0,15,60,0.35
shifted,84,Fixed local_reversal,0.966666666667,0.923076923077,0.0555555555556,0,0.000570005046965,24,2,0,34,60,0.33
shifted,84,Fixed unrelated,0.666666666667,0.576923076923,0.305555555556,0.375,0.0335273922355,15,11,9,25,60,0.506666666667
shifted,84,Uniform proxy,0.679166666667,,,,0.0263846758981,,,,,,0.415
shifted,84,Always ship,0.4,0.4,1,0,0.059962675268,24,36,0,0,60,0.596666666667
shifted,84,Never ship,0.6,,0,1,0.0422384661997,0,0,24,36,60,0.403333333333
shifted,85,PROXIMA,0.5,0.48275862069,0.9375,0,0.0407181209604,28,30,0,2,60,0.4
shifted,85,Correlation,0.6,0.538461538462,0.75,0,0.0231817764083,28,24,0,8,60,0.316666666667
shifted,85,Decision only,0.916666666667,0.925925925926,0.0625,0.107142857143,0.00100818765046,25,2,3,30,60,0.4
shifted,85,Local only,0.5,0.48275862069,0.9375,0,0.0407181209604,28,30,0,2,60,0.4
shifted,85,Equal weights,0.5,0.48275862069,0.9375,0,0.0407181209604,28,30,0,2,60,0.4
shifted,85,No local component,0.916666666667,0.925925925926,0.0625,0.107142857143,0.00100818765046,25,2,3,30,60,0.4
shifted,85,Fixed faithful,0.5,0.48275862069,0.9375,0,0.0407181209604,28,30,0,2,60,0.4
shifted,85,Fixed offset,0.6,0.538461538462,0.75,0,0.0231817764083,28,24,0,8,60,0.316666666667
shifted,85,Fixed local_reversal,0.916666666667,0.925925925926,0.0625,0.107142857143,0.00100818765046,25,2,3,30,60,0.4
shifted,85,Fixed unrelated,0.433333333333,0.411764705882,0.625,0.5,0.0644498800867,14,20,14,12,60,0.5
shifted,85,Uniform proxy,0.6125,,,,0.0323394912765,,,,,,0.404166666667
shifted,85,Always ship,0.466666666667,0.466666666667,1,0,0.0474198320841,28,32,0,0,60,0.51
shifted,85,Never ship,0.533333333333,,0,1,0.0476927134671,0,0,28,32,60,0.49
shifted,86,PROXIMA,0.55,0.534482758621,0.931034482759,0,0.03578852809,31,27,0,2,60,0.353333333333
shifted,86,Correlation,0.966666666667,0.967741935484,0.0344827586207,0.0322580645161,0.000439399263348,30,1,1,28,60,0.333333333333
shifted,86,Decision only,0.55,0.534482758621,0.931034482759,0,0.03578852809,31,27,0,2,60,0.353333333333
shifted,86,Local only,0.55,0.534482758621,0.931034482759,0,0.03578852809,31,27,0,2,60,0.353333333333
shifted,86,Equal weights,0.55,0.534482758621,0.931034482759,0,0.03578852809,31,27,0,2,60,0.353333333333
shifted,86,No local component,0.55,0.534482758621,0.931034482759,0,0.03578852809,31,27,0,2,60,0.353333333333
shifted,86,Fixed faithful,0.55,0.534482758621,0.931034482759,0,0.03578852809,31,27,0,2,60,0.353333333333
shifted,86,Fixed offset,0.7,0.632653061224,0.620689655172,0,0.013413829107,31,18,0,11,60,0.253333333333
shifted,86,Fixed local_reversal,0.966666666667,0.967741935484,0.0344827586207,0.0322580645161,0.000439399263348,30,1,1,28,60,0.333333333333
shifted,86,Fixed unrelated,0.5,0.515151515152,0.551724137931,0.451612903226,0.0545109991,17,16,14,13,60,0.493333333333
shifted,86,Uniform proxy,0.679166666667,,,,0.0260381888901,,,,,,0.358333333333
shifted,86,Always ship,0.516666666667,0.516666666667,1,0,0.0425056476359,31,29,0,0,60,0.45
shifted,86,Never ship,0.483333333333,,0,1,0.0616285053949,0,0,31,29,60,0.55
shifted,87,PROXIMA,0.533333333333,0.5,0.875,0,0.0333090103295,28,28,0,4,60,0.37
shifted,87,Correlation,0.966666666667,0.964285714286,0.03125,0.0357142857143,0.000859193721011,27,1,1,31,60,0.31
shifted,87,Decision only,0.966666666667,0.964285714286,0.03125,0.0357142857143,0.000859193721011,27,1,1,31,60,0.31
shifted,87,Local only,0.533333333333,0.5,0.875,0,0.0333090103295,28,28,0,4,60,0.37
shifted,87,Equal weights,0.533333333333,0.5,0.875,0,0.0333090103295,28,28,0,4,60,0.37
shifted,87,No local component,0.966666666667,0.964285714286,0.03125,0.0357142857143,0.000859193721011,27,1,1,31,60,0.31
shifted,87,Fixed faithful,0.533333333333,0.5,0.875,0,0.0333090103295,28,28,0,4,60,0.37
shifted,87,Fixed offset,0.583333333333,0.528301886792,0.78125,0,0.0269279070619,28,25,0,7,60,0.283333333333
shifted,87,Fixed local_reversal,0.966666666667,0.964285714286,0.03125,0.0357142857143,0.000859193721011,27,1,1,31,60,0.31
shifted,87,Fixed unrelated,0.4,0.318181818182,0.46875,0.75,0.075042600522,7,15,21,17,60,0.533333333333
shifted,87,Uniform proxy,0.620833333333,,,,0.0340346779086,,,,,,0.374166666667
shifted,87,Always ship,0.466666666667,0.466666666667,1,0,0.0522127506737,28,32,0,0,60,0.496666666667
shifted,87,Never ship,0.533333333333,,0,1,0.0555174272836,0,0,28,32,60,0.503333333333
shifted,88,PROXIMA,0.6,0.571428571429,0.857142857143,0,0.0390903925533,32,24,0,4,60,0.35
shifted,88,Correlation,0.733333333333,0.666666666667,0.571428571429,0,0.0197178720752,32,16,0,12,60,0.243333333333
shifted,88,Decision only,0.966666666667,1,0,0.0625,0.000126570976318,30,0,2,28,60,0.233333333333
shifted,88,Local only,0.6,0.571428571429,0.857142857143,0,0.0390903925533,32,24,0,4,60,0.35
shifted,88,Equal weights,0.6,0.571428571429,0.857142857143,0,0.0390903925533,32,24,0,4,60,0.35
shifted,88,No local component,0.966666666667,1,0,0.0625,0.000126570976318,30,0,2,28,60,0.233333333333
shifted,88,Fixed faithful,0.6,0.571428571429,0.857142857143,0,0.0390903925533,32,24,0,4,60,0.35
shifted,88,Fixed offset,0.733333333333,0.666666666667,0.571428571429,0,0.0197178720752,32,16,0,12,60,0.243333333333
shifted,88,Fixed local_reversal,0.966666666667,1,0,0.0625,0.000126570976318,30,0,2,28,60,0.233333333333
shifted,88,Fixed unrelated,0.466666666667,0.5,0.5,0.5625,0.0610164397827,14,14,18,14,60,0.483333333333
shifted,88,Uniform proxy,0.691666666667,,,,0.0299878188469,,,,,,0.3275
shifted,88,Always ship,0.533333333333,0.533333333333,1,0,0.0564370909722,32,28,0,0,60,0.476666666667
shifted,88,Never ship,0.466666666667,,0,1,0.0565483841425,0,0,32,28,60,0.523333333333
shifted,89,PROXIMA,0.516666666667,0.516666666667,1,0,0.0412267584653,31,29,0,0,60,0.43
shifted,89,Correlation,0.983333333333,1,0,0.0322580645161,2.374230943e-05,30,0,1,29,60,0.323333333333
shifted,89,Decision only,0.983333333333,1,0,0.0322580645161,2.374230943e-05,30,0,1,29,60,0.323333333333
shifted,89,Local only,0.516666666667,0.516666666667,1,0,0.0412267584653,31,29,0,0,60,0.43
shifted,89,Equal weights,0.516666666667,0.516666666667,1,0,0.0412267584653,31,29,0,0,60,0.43
shifted,89,No local component,0.983333333333,1,0,0.0322580645161,2.374230943e-05,30,0,1,29,60,0.323333333333
shifted,89,Fixed faithful,0.516666666667,0.516666666667,1,0,0.0412267584653,31,29,0,0,60,0.43
shifted,89,Fixed offset,0.616666666667,0.574074074074,0.793103448276,0,0.0260286480133,31,23,0,6,60,0.323333333333
shifted,89,Fixed local_reversal,0.983333333333,1,0,0.0322580645161,2.374230943e-05,30,0,1,29,60,0.323333333333
shifted,89,Fixed unrelated,0.466666666667,0.481481481481,0.48275862069,0.58064516129,0.05356610054,13,14,18,15,60,0.476666666667
shifted,89,Uniform proxy,0.645833333333,,,,0.030211312332,,,,,,0.388333333333
shifted,89,Always ship,0.516666666667,0.516666666667,1,0,0.0412267584653,31,29,0,0,60,0.5
shifted,89,Never ship,0.483333333333,,0,1,0.0542374991312,0,0,31,29,60,0.5
shifted,90,PROXIMA,0.516666666667,0.491228070175,0.90625,0,0.049685942467,28,29,0,3,60,0.446666666667
shifted,90,Correlation,0.983333333333,0.965517241379,0.03125,0,9.13104250889e-05,28,1,0,31,60,0.256666666667
shifted,90,Decision only,0.983333333333,0.965517241379,0.03125,0,9.13104250889e-05,28,1,0,31,60,0.256666666667
shifted,90,Local only,0.516666666667,0.491228070175,0.90625,0,0.049685942467,28,29,0,3,60,0.446666666667
shifted,90,Equal weights,0.516666666667,0.491228070175,0.90625,0,0.049685942467,28,29,0,3,60,0.446666666667
shifted,90,No local component,0.983333333333,0.965517241379,0.03125,0,9.13104250889e-05,28,1,0,31,60,0.256666666667
shifted,90,Fixed faithful,0.516666666667,0.491228070175,0.90625,0,0.049685942467,28,29,0,3,60,0.446666666667
shifted,90,Fixed offset,0.716666666667,0.622222222222,0.53125,0,0.0212677550414,28,17,0,15,60,0.313333333333
shifted,90,Fixed local_reversal,0.983333333333,0.965517241379,0.03125,0,9.13104250889e-05,28,1,0,31,60,0.256666666667
shifted,90,Fixed unrelated,0.5,0.470588235294,0.5625,0.428571428571,0.0611650081938,16,18,12,14,60,0.51
shifted,90,Uniform proxy,0.679166666667,,,,0.0330525040318,,,,,,0.381666666667
shifted,90,Always ship,0.466666666667,0.466666666667,1,0,0.0597870492714,28,32,0,0,60,0.566666666667
shifted,90,Never ship,0.533333333333,,0,1,0.0512613900612,0,0,28,32,60,0.433333333333
shifted,91,PROXIMA,0.5,0.48275862069,0.9375,0,0.0439862830716,28,30,0,2,60,0.4
shifted,91,Correlation,0.65,0.571428571429,0.65625,0,0.0202831560073,28,21,0,11,60,0.26
shifted,91,Decision only,0.5,0.48275862069,0.9375,0,0.0439862830716,28,30,0,2,60,0.4
shifted,91,Local only,0.5,0.48275862069,0.9375,0,0.0439862830716,28,30,0,2,60,0.4
shifted,91,Equal weights,0.5,0.48275862069,0.9375,0,0.0439862830716,28,30,0,2,60,0.4
shifted,91,No local component,0.5,0.48275862069,0.9375,0,0.0439862830716,28,30,0,2,60,0.4
shifted,91,Fixed faithful,0.5,0.48275862069,0.9375,0,0.0439862830716,28,30,0,2,60,0.4
shifted,91,Fixed offset,0.65,0.571428571429,0.65625,0,0.0202831560073,28,21,0,11,60,0.26
shifted,91,Fixed local_reversal,0.95,0.962962962963,0.03125,0.0714285714286,0.000762698193813,26,1,2,31,60,0.346666666667
shifted,91,Fixed unrelated,0.433333333333,0.411764705882,0.625,0.5,0.0486520025193,14,20,14,12,60,0.546666666667
shifted,91,Uniform proxy,0.633333333333,,,,0.028421034948,,,,,,0.388333333333
shifted,91,Always ship,0.466666666667,0.466666666667,1,0,0.0500641072687,28,32,0,0,60,0.496666666667
shifted,91,Never ship,0.533333333333,,0,1,0.0443536157085,0,0,28,32,60,0.503333333333
shifted,92,PROXIMA,0.6,0.555555555556,0.8,0,0.0323517707958,30,24,0,6,60,0.353333333333
shifted,92,Correlation,0.933333333333,0.90625,0.1,0.0333333333333,0.000471535811947,29,3,1,27,60,0.33
shifted,92,Decision only,0.933333333333,0.90625,0.1,0.0333333333333,0.000471535811947,29,3,1,27,60,0.33
shifted,92,Local only,0.6,0.555555555556,0.8,0,0.0323517707958,30,24,0,6,60,0.353333333333
shifted,92,Equal weights,0.6,0.555555555556,0.8,0,0.0323517707958,30,24,0,6,60,0.353333333333
shifted,92,No local component,0.933333333333,0.90625,0.1,0.0333333333333,0.000471535811947,29,3,1,27,60,0.33
shifted,92,Fixed faithful,0.6,0.555555555556,0.8,0,0.0323517707958,30,24,0,6,60,0.353333333333
shifted,92,Fixed offset,0.7,0.625,0.6,0,0.0173294473067,30,18,0,12,60,0.286666666667
shifted,92,Fixed local_reversal,0.933333333333,0.90625,0.1,0.0333333333333,0.000471535811947,29,3,1,27,60,0.33
shifted,92,Fixed unrelated,0.466666666667,0.464285714286,0.5,0.566666666667,0.0597941798306,13,15,17,15,60,0.54
shifted,92,Uniform proxy,0.675,,,,0.0274867334363,,,,,,0.3775
shifted,92,Always ship,0.5,0.5,1,0,0.0533340696406,30,30,0,0,60,0.503333333333
shifted,92,Never ship,0.5,,0,1,0.050050403585,0,0,30,30,60,0.496666666667
shifted,93,PROXIMA,0.516666666667,0.462962962963,0.828571428571,0,0.0296105663996,25,29,0,6,60,0.43
shifted,93,Correlation,0.85,0.785714285714,0.171428571429,0.12,0.00138531497704,22,6,3,29,60,0.406666666667
shifted,93,Decision only,0.85,0.785714285714,0.171428571429,0.12,0.00138531497704,22,6,3,29,60,0.406666666667
shifted,93,Local only,0.516666666667,0.462962962963,0.828571428571,0,0.0296105663996,25,29,0,6,60,0.43
shifted,93,Equal weights,0.516666666667,0.462962962963,0.828571428571,0,0.0296105663996,25,29,0,6,60,0.43
shifted,93,No local component,0.85,0.785714285714,0.171428571429,0.12,0.00138531497704,22,6,3,29,60,0.406666666667
shifted,93,Fixed faithful,0.516666666667,0.462962962963,0.828571428571,0,0.0296105663996,25,29,0,6,60,0.43
shifted,93,Fixed offset,0.616666666667,0.520833333333,0.657142857143,0,0.0143888921028,25,23,0,12,60,0.35
shifted,93,Fixed local_reversal,0.85,0.785714285714,0.171428571429,0.12,0.00138531497704,22,6,3,29,60,0.406666666667
shifted,93,Fixed unrelated,0.366666666667,0.290322580645,0.628571428571,0.64,0.0541795156117,9,22,16,13,60,0.55
shifted,93,Uniform proxy,0.5875,,,,0.0248910722728,,,,,,0.434166666667
shifted,93,Always ship,0.416666666667,0.416666666667,1,0,0.05307694311,25,35,0,0,60,0.57
shifted,93,Never ship,0.583333333333,,0,1,0.0276160215771,0,0,25,35,60,0.43
shifted,94,PROXIMA,0.616666666667,0.59649122807,0.884615384615,0,0.0277176172649,34,23,0,3,60,0.36
shifted,94,Correlation,0.683333333333,0.641509433962,0.730769230769,0,0.0168761113414,34,19,0,7,60,0.263333333333
shifted,94,Decision only,0.616666666667,0.59649122807,0.884615384615,0,0.0277176172649,34,23,0,3,60,0.36
shifted,94,Local only,0.616666666667,0.59649122807,0.884615384615,0,0.0277176172649,34,23,0,3,60,0.36
shifted,94,Equal weights,0.616666666667,0.59649122807,0.884615384615,0,0.0277176172649,34,23,0,3,60,0.36
shifted,94,No local component,0.916666666667,0.967741935484,0.0384615384615,0.117647058824,0.000725827023439,30,1,4,25,60,0.36
shifted,94,Fixed faithful,0.616666666667,0.59649122807,0.884615384615,0,0.0277176172649,34,23,0,3,60,0.36
shifted,94,Fixed offset,0.683333333333,0.641509433962,0.730769230769,0,0.0168761113414,34,19,0,7,60,0.263333333333
shifted,94,Fixed local_reversal,0.916666666667,0.967741935484,0.0384615384615,0.117647058824,0.000725827023439,30,1,4,25,60,0.36
shifted,94,Fixed unrelated,0.466666666667,0.527777777778,0.653846153846,0.441176470588,0.0544732440028,19,17,15,9,60,0.48
shifted,94,Uniform proxy,0.670833333333,,,,0.0249481999081,,,,,,0.365833333333
shifted,94,Always ship,0.566666666667,0.566666666667,1,0,0.039947221015,34,26,0,0,60,0.463333333333
shifted,94,Never ship,0.433333333333,,0,1,0.0515274687659,0,0,34,26,60,0.536666666667
shifted,95,PROXIMA,0.483333333333,0.456140350877,0.911764705882,0,0.0434036917546,26,31,0,3,60,0.43
shifted,95,Correlation,0.633333333333,0.541666666667,0.647058823529,0,0.0201675455368,26,22,0,12,60,0.283333333333
shifted,95,Decision only,0.933333333333,0.892857142857,0.0882352941176,0.0384615384615,0.00103119208986,25,3,1,31,60,0.326666666667
shifted,95,Local only,0.483333333333,0.456140350877,0.911764705882,0,0.0434036917546,26,31,0,3,60,0.43
shifted,95,Equal weights,0.483333333333,0.456140350877,0.911764705882,0,0.0434036917546,26,31,0,3,60,0.43
shifted,95,No local component,0.933333333333,0.892857142857,0.0882352941176,0.0384615384615,0.00103119208986,25,3,1,31,60,0.326666666667
shifted,95,Fixed faithful,0.483333333333,0.456140350877,0.911764705882,0,0.0434036917546,26,31,0,3,60,0.43
shifted,95,Fixed offset,0.633333333333,0.541666666667,0.647058823529,0,0.0201675455368,26,22,0,12,60,0.283333333333
shifted,95,Fixed local_reversal,0.933333333333,0.892857142857,0.0882352941176,0.0384615384615,0.00103119208986,25,3,1,31,60,0.326666666667
shifted,95,Fixed unrelated,0.466666666667,0.392857142857,0.5,0.576923076923,0.0669843776414,11,17,15,17,60,0.523333333333
shifted,95,Uniform proxy,0.629166666667,,,,0.0328967017557,,,,,,0.390833333333
shifted,95,Always ship,0.433333333333,0.433333333333,1,0,0.0557542755092,26,34,0,0,60,0.543333333333
shifted,95,Never ship,0.566666666667,,0,1,0.0503635271758,0,0,26,34,60,0.456666666667
shifted,96,PROXIMA,0.5,0.48275862069,0.9375,0,0.0299481899454,28,30,0,2,60,0.403333333333
shifted,96,Correlation,0.533333333333,0.5,0.875,0,0.0260121015661,28,28,0,4,60,0.346666666667
shifted,96,Decision only,0.95,0.903225806452,0.09375,0,0.000208261080164,28,3,0,29,60,0.426666666667
shifted,96,Local only,0.5,0.48275862069,0.9375,0,0.0299481899454,28,30,0,2,60,0.403333333333
shifted,96,Equal weights,0.5,0.48275862069,0.9375,0,0.0299481899454,28,30,0,2,60,0.403333333333
shifted,96,No local component,0.95,0.903225806452,0.09375,0,0.000208261080164,28,3,0,29,60,0.426666666667
shifted,96,Fixed faithful,0.5,0.48275862069,0.9375,0,0.0299481899454,28,30,0,2,60,0.403333333333
shifted,96,Fixed offset,0.533333333333,0.5,0.875,0,0.0260121015661,28,28,0,4,60,0.346666666667
shifted,96,Fixed local_reversal,0.95,0.903225806452,0.09375,0,0.000208261080164,28,3,0,29,60,0.426666666667
shifted,96,Fixed unrelated,0.383333333333,0.371428571429,0.6875,0.535714285714,0.0443784700121,13,22,15,10,60,0.5
shifted,96,Uniform proxy,0.591666666667,,,,0.0251367556509,,,,,,0.419166666667
shifted,96,Always ship,0.466666666667,0.466666666667,1,0,0.0360359751876,28,32,0,0,60,0.5
shifted,96,Never ship,0.533333333333,,0,1,0.0368247423892,0,0,28,32,60,0.5
shifted,97,PROXIMA,0.55,0.55,1,0,0.0342955663534,33,27,0,0,60,0.36
shifted,97,Correlation,0.983333333333,0.970588235294,0.037037037037,0,8.68512177586e-05,33,1,0,26,60,0.333333333333
shifted,97,Decision only,0.983333333333,0.970588235294,0.037037037037,0,8.68512177586e-05,33,1,0,26,60,0.333333333333
shifted,97,Local only,0.55,0.55,1,0,0.0342955663534,33,27,0,0,60,0.36
shifted,97,Equal weights,0.55,0.55,1,0,0.0342955663534,33,27,0,0,60,0.36
shifted,97,No local component,0.983333333333,0.970588235294,0.037037037037,0,8.68512177586e-05,33,1,0,26,60,0.333333333333
shifted,97,Fixed faithful,0.55,0.55,1,0,0.0342955663534,33,27,0,0,60,0.36
shifted,97,Fixed offset,0.666666666667,0.622641509434,0.740740740741,0,0.0180401923628,33,20,0,7,60,0.3
shifted,97,Fixed local_reversal,0.983333333333,0.970588235294,0.037037037037,0,8.68512177586e-05,33,1,0,26,60,0.333333333333
shifted,97,Fixed unrelated,0.516666666667,0.576923076923,0.407407407407,0.545454545455,0.0430445936035,15,11,18,16,60,0.486666666667
shifted,97,Uniform proxy,0.679166666667,,,,0.0238668008844,,,,,,0.37
shifted,97,Always ship,0.55,0.55,1,0,0.0342955663534,33,27,0,0,60,0.443333333333
shifted,97,Never ship,0.45,,0,1,0.0510394440386,0,0,33,27,60,0.556666666667
shifted,98,PROXIMA,0.533333333333,0.461538461538,0.777777777778,0,0.0300546993082,24,28,0,8,60,0.376666666667
shifted,98,Correlation,0.583333333333,0.489795918367,0.694444444444,0,0.0224339874398,24,25,0,11,60,0.28
shifted,98,Decision only,0.933333333333,0.916666666667,0.0555555555556,0.0833333333333,0.000980891392784,22,2,2,34,60,0.343333333333
shifted,98,Local only,0.533333333333,0.461538461538,0.777777777778,0,0.0300546993082,24,28,0,8,60,0.376666666667
shifted,98,Equal weights,0.533333333333,0.461538461538,0.777777777778,0,0.0300546993082,24,28,0,8,60,0.376666666667
shifted,98,No local component,0.933333333333,0.916666666667,0.0555555555556,0.0833333333333,0.000980891392784,22,2,2,34,60,0.343333333333
shifted,98,Fixed faithful,0.533333333333,0.461538461538,0.777777777778,0,0.0300546993082,24,28,0,8,60,0.376666666667
shifted,98,Fixed offset,0.583333333333,0.489795918367,0.694444444444,0,0.0224339874398,24,25,0,11,60,0.28
shifted,98,Fixed local_reversal,0.933333333333,0.916666666667,0.0555555555556,0.0833333333333,0.000980891392784,22,2,2,34,60,0.343333333333
shifted,98,Fixed unrelated,0.383333333333,0.217391304348,0.5,0.791666666667,0.064052571839,5,18,19,18,60,0.53
shifted,98,Uniform proxy,0.608333333333,,,,0.0293805374949,,,,,,0.3825
shifted,98,Always ship,0.4,0.4,1,0,0.0630700642746,24,36,0,0,60,0.546666666667
shifted,98,Never ship,0.6,,0,1,0.0389389813625,0,0,24,36,60,0.453333333333
shifted,99,PROXIMA,0.483333333333,0.465517241379,0.939393939394,0,0.0318469390889,27,31,0,2,60,0.43
shifted,99,Correlation,0.983333333333,0.964285714286,0.030303030303,0,0.000205714128958,27,1,0,32,60,0.463333333333
shifted,99,Decision only,0.983333333333,0.964285714286,0.030303030303,0,0.000205714128958,27,1,0,32,60,0.463333333333
shifted,99,Local only,0.483333333333,0.465517241379,0.939393939394,0,0.0318469390889,27,31,0,2,60,0.43
shifted,99,Equal weights,0.483333333333,0.465517241379,0.939393939394,0,0.0318469390889,27,31,0,2,60,0.43
shifted,99,No local component,0.983333333333,0.964285714286,0.030303030303,0,0.000205714128958,27,1,0,32,60,0.463333333333
shifted,99,Fixed faithful,0.483333333333,0.465517241379,0.939393939394,0,0.0318469390889,27,31,0,2,60,0.43
shifted,99,Fixed offset,0.6,0.529411764706,0.727272727273,0,0.0136620588521,27,24,0,9,60,0.296666666667
shifted,99,Fixed local_reversal,0.983333333333,0.964285714286,0.030303030303,0,0.000205714128958,27,1,0,32,60,0.463333333333
shifted,99,Fixed unrelated,0.633333333333,0.586206896552,0.363636363636,0.37037037037,0.0205139235206,17,12,10,21,60,0.476666666667
shifted,99,Uniform proxy,0.675,,,,0.0165571588977,,,,,,0.416666666667
shifted,99,Always ship,0.45,0.45,1,0,0.0382481775803,27,33,0,0,60,0.493333333333
shifted,99,Never ship,0.55,,0,1,0.0321081853041,0,0,27,33,60,0.506666666667
