scenario,replicate,proxy,reliability,effect_corr,correlation_defined,correlation_component,directional_accuracy,fragility_rate
balanced,0,faithful,0.939121941896,0.954850917432,True,0.977425458716,0.916666666667,0.153333333333
balanced,0,offset,0.846967762202,0.978781429563,True,0.989390714781,0.583333333333,0.316666666667
balanced,0,local_reversal,0.907663416244,0.98110027637,True,0.990550138185,0.933333333333,0.366666666667
balanced,0,unrelated,0.514681263933,0.0311597686667,True,0.515579884333,0.466666666667,0.44
balanced,1,faithful,0.95817324905,0.97613305239,True,0.988066526195,0.983333333333,0.156666666667
balanced,1,offset,0.868909958182,0.985255416161,True,0.992627708081,0.65,0.283333333333
balanced,1,local_reversal,0.92806070446,0.986869014866,True,0.993434507433,0.95,0.29
balanced,1,unrelated,0.502634710797,-0.031217630676,True,0.484391184662,0.55,0.49
balanced,2,faithful,0.951037889606,0.970126298687,True,0.985063149343,0.933333333333,0.133333333333
balanced,2,offset,0.845354344971,0.984514483237,True,0.992257241618,0.583333333333,0.333333333333
balanced,2,local_reversal,0.902866206635,0.985109577672,True,0.992554788836,0.9,0.363333333333
balanced,2,unrelated,0.550511543725,0.179482923527,True,0.589741461763,0.466666666667,0.483333333333
balanced,3,faithful,0.952399270651,0.965775346615,True,0.982887673308,0.966666666667,0.153333333333
balanced,3,offset,0.881982071522,0.988829127297,True,0.994414563648,0.716666666667,0.29
balanced,3,local_reversal,0.927705342327,0.987906696646,True,0.993953348323,0.95,0.293333333333
balanced,3,unrelated,0.443487595419,-0.128374681936,True,0.435812659032,0.4,0.49
balanced,4,faithful,0.946124972877,0.964861020702,True,0.982430510351,0.95,0.166666666667
balanced,4,offset,0.858376133104,0.979031554792,True,0.989515777396,0.633333333333,0.31
balanced,4,local_reversal,0.915229323208,0.986319966249,True,0.993159983125,0.95,0.353333333333
balanced,4,unrelated,0.524041606751,0.0445831336148,True,0.522291566807,0.516666666667,0.463333333333
balanced,5,faithful,0.935894337171,0.964092235013,True,0.982046117507,0.9,0.166666666667
balanced,5,offset,0.873488447827,0.980517048312,True,0.990258524156,0.666666666667,0.27
balanced,5,local_reversal,0.898237499815,0.978569443827,True,0.989284721913,0.9,0.376666666667
balanced,5,unrelated,0.433750869098,-0.0919415474528,True,0.454029226274,0.4,0.593333333333
balanced,6,faithful,0.935252654924,0.950842183081,True,0.975421091541,0.916666666667,0.166666666667
balanced,6,offset,0.856135884578,0.980452948593,True,0.990226474297,0.616666666667,0.306666666667
balanced,6,local_reversal,0.90265568528,0.975518950933,True,0.987759475466,0.95,0.4
balanced,6,unrelated,0.571123860744,0.185968424701,True,0.59298421235,0.516666666667,0.44
balanced,7,faithful,0.950751303127,0.966948788202,True,0.983474394101,0.95,0.146666666667
balanced,7,offset,0.870401816024,0.979117164526,True,0.989558582263,0.7,0.316666666667
balanced,7,local_reversal,0.91889463806,0.985204349089,True,0.992602174545,0.983333333333,0.366666666667
balanced,7,unrelated,0.400415064294,-0.231949785685,True,0.384025107157,0.383333333333,0.533333333333
balanced,8,faithful,0.9324286465,0.968095488334,True,0.984047744167,0.883333333333,0.173333333333
balanced,8,offset,0.888432260185,0.981440867282,True,0.990720433641,0.716666666667,0.246666666667
balanced,8,local_reversal,0.913453346126,0.97817782042,True,0.98908891021,0.983333333333,0.383333333333
balanced,8,unrelated,0.533937575145,0.0397919171488,True,0.519895958574,0.616666666667,0.506666666667
balanced,9,faithful,0.914679640137,0.93782102268,True,0.96891051134,0.85,0.183333333333
balanced,9,offset,0.835298758368,0.984329194559,True,0.99216459728,0.55,0.35
balanced,9,local_reversal,0.90146510494,0.975994794244,True,0.987997397122,0.9,0.356666666667
balanced,9,unrelated,0.38235339457,-0.314377573657,True,0.342811213172,0.416666666667,0.533333333333
balanced,10,faithful,0.914934799077,0.949782663589,True,0.974891331794,0.8,0.15
balanced,10,offset,0.860693680963,0.982312269876,True,0.991156134938,0.616666666667,0.286666666667
balanced,10,local_reversal,0.919731749993,0.979105833308,True,0.989552916654,0.916666666667,0.286666666667
balanced,10,unrelated,0.487332969725,-0.0644456564718,True,0.467777171764,0.55,0.516666666667
balanced,11,faithful,0.946605090678,0.957572524481,True,0.978786262241,0.966666666667,0.17
balanced,11,offset,0.866006657089,0.986688856963,True,0.993344428482,0.633333333333,0.283333333333
balanced,11,local_reversal,0.916905860574,0.985241757468,True,0.992620878734,0.933333333333,0.326666666667
balanced,11,unrelated,0.373034264553,-0.316552451489,True,0.341723774256,0.35,0.51
balanced,12,faithful,0.917816471878,0.926054906259,True,0.96302745313,0.883333333333,0.183333333333
balanced,12,offset,0.843186292263,0.981732085321,True,0.990866042661,0.616666666667,0.373333333333
balanced,12,local_reversal,0.906720055204,0.977955739568,True,0.988977869784,0.966666666667,0.4
balanced,12,unrelated,0.517247361935,-0.00695323799587,True,0.496523381002,0.55,0.453333333333
balanced,13,faithful,0.927216099725,0.964053665749,True,0.982026832874,0.85,0.16
balanced,13,offset,0.905152434829,0.988285893873,True,0.994142946936,0.8,0.256666666667
balanced,13,local_reversal,0.900694444287,0.988981480958,True,0.994490740479,0.9,0.38
balanced,13,unrelated,0.51360347514,0.0386782504662,True,0.519339125233,0.466666666667,0.456666666667
balanced,14,faithful,0.951209409212,0.970698030707,True,0.985349015353,0.933333333333,0.133333333333
balanced,14,offset,0.873546528442,0.989599539251,True,0.994799769626,0.683333333333,0.3
balanced,14,local_reversal,0.933330624182,0.986657636162,True,0.993328818081,0.983333333333,0.296666666667
balanced,14,unrelated,0.456123724533,-0.110698696,True,0.444650652,0.466666666667,0.52
balanced,15,faithful,0.954117240294,0.975946356537,True,0.987973178268,0.983333333333,0.176666666667
balanced,15,offset,0.894916027903,0.991942315232,True,0.995971157616,0.75,0.263333333333
balanced,15,local_reversal,0.920421418977,0.98807139659,True,0.994035698295,0.95,0.33
balanced,15,unrelated,0.456632186032,-0.111226046559,True,0.444386976721,0.466666666667,0.516666666667
balanced,16,faithful,0.937347497325,0.960047213305,True,0.980023606652,0.916666666667,0.17
balanced,16,offset,0.863345230577,0.982261879702,True,0.991130939851,0.633333333333,0.29
balanced,16,local_reversal,0.915327019609,0.986645620918,True,0.993322810459,0.966666666667,0.37
balanced,16,unrelated,0.523088602488,0.0702953416262,True,0.535147670813,0.516666666667,0.506666666667
balanced,17,faithful,0.940031771521,0.955661460625,True,0.977830730313,0.916666666667,0.15
balanced,17,offset,0.858297766341,0.983214776693,True,0.991607388347,0.633333333333,0.316666666667
balanced,17,local_reversal,0.918788108189,0.984849249519,True,0.99242462476,0.95,0.333333333333
balanced,17,unrelated,0.4628583999,-0.0904720003342,True,0.454763999833,0.45,0.5
balanced,18,faithful,0.951983012251,0.968832263057,True,0.984416131529,0.933333333333,0.126666666667
balanced,18,offset,0.848038438152,0.982350349397,True,0.991175174699,0.633333333333,0.366666666667
balanced,18,local_reversal,0.922212217192,0.987374057305,True,0.993687028653,0.966666666667,0.336666666667
balanced,18,unrelated,0.480422281501,-0.0163701727759,True,0.491814913612,0.433333333333,0.506666666667
balanced,19,faithful,0.944105310618,0.967017702062,True,0.983508851031,0.916666666667,0.146666666667
balanced,19,offset,0.90258079566,0.986380429978,True,0.993190214989,0.783333333333,0.25
balanced,19,local_reversal,0.949012958468,0.992265417115,True,0.996132708557,0.983333333333,0.226666666667
balanced,19,unrelated,0.542106945301,0.0714675954487,True,0.535733797724,0.566666666667,0.463333333333
balanced,20,faithful,0.913702254063,0.930118624654,True,0.965059312327,0.883333333333,0.21
balanced,20,offset,0.871340474156,0.986690469408,True,0.993345234704,0.7,0.323333333333
balanced,20,local_reversal,0.906586885805,0.98417850824,True,0.99208925412,0.933333333333,0.376666666667
balanced,20,unrelated,0.449160213871,-0.149465953762,True,0.425267023119,0.466666666667,0.496666666667
balanced,21,faithful,0.935986701899,0.966622339664,True,0.983311169832,0.866666666667,0.136666666667
balanced,21,offset,0.858938789517,0.980907076168,True,0.990453538084,0.633333333333,0.31
balanced,21,local_reversal,0.90790052707,0.979668423566,True,0.989834211783,0.916666666667,0.346666666667
balanced,21,unrelated,0.533295210922,0.102095147519,True,0.551047573759,0.483333333333,0.47
balanced,22,faithful,0.957687082313,0.967845829931,True,0.983922914966,0.983333333333,0.146666666667
balanced,22,offset,0.884050315366,0.991278828998,True,0.995639414499,0.733333333333,0.3
balanced,22,local_reversal,0.900091265495,0.986970884982,True,0.993485442491,0.883333333333,0.363333333333
balanced,22,unrelated,0.530483955205,0.0705020729071,True,0.535251036454,0.55,0.503333333333
balanced,23,faithful,0.911334373733,0.933336801331,True,0.966668400666,0.85,0.193333333333
balanced,23,offset,0.886643595885,0.984367541839,True,0.992183770919,0.733333333333,0.276666666667
balanced,23,local_reversal,0.909325687653,0.984418958842,True,0.992209479421,0.95,0.38
balanced,23,unrelated,0.554676795427,0.131144873647,True,0.565572436823,0.55,0.473333333333
balanced,24,faithful,0.945992485895,0.971086064095,True,0.985543032047,0.916666666667,0.143333333333
balanced,24,offset,0.88238336986,0.990166788421,True,0.995083394211,0.7,0.273333333333
balanced,24,local_reversal,0.925764579742,0.988104154695,True,0.994052077347,0.95,0.303333333333
balanced,24,unrelated,0.526934682718,0.127560053504,True,0.563780026752,0.483333333333,0.54
balanced,25,faithful,0.937834055278,0.957224628706,True,0.978612314353,0.933333333333,0.18
balanced,25,offset,0.853085540359,0.98139624564,True,0.99069812282,0.6,0.306666666667
balanced,25,local_reversal,0.926730821827,0.9868805172,True,0.9934402586,0.983333333333,0.33
balanced,25,unrelated,0.452680327748,-0.097732240839,True,0.45113387958,0.416666666667,0.506666666667
balanced,26,faithful,0.93551392514,0.965046417132,True,0.982523208566,0.916666666667,0.186666666667
balanced,26,offset,0.862799965189,0.984888772854,True,0.992444386427,0.633333333333,0.296666666667
balanced,26,local_reversal,0.921003598705,0.983345329017,True,0.991672664509,0.95,0.32
balanced,26,unrelated,0.470420927099,-0.109708020782,True,0.445145989609,0.516666666667,0.5
balanced,27,faithful,0.939803370925,0.95934456975,True,0.979672284875,0.9,0.14
balanced,27,offset,0.880573995106,0.986357761465,True,0.993178880732,0.7,0.276666666667
balanced,27,local_reversal,0.916063044556,0.986876815188,True,0.993438407594,0.966666666667,0.366666666667
balanced,27,unrelated,0.458805924699,-0.0750913621135,True,0.462454318943,0.45,0.543333333333
balanced,28,faithful,0.924442640264,0.950364356434,True,0.975182178217,0.883333333333,0.186666666667
balanced,28,offset,0.860645413176,0.979929155032,True,0.989964577516,0.65,0.316666666667
balanced,28,local_reversal,0.911345929679,0.977819765596,True,0.988909882798,0.966666666667,0.376666666667
balanced,28,unrelated,0.510509173831,0.0216972461039,True,0.510848623052,0.516666666667,0.496666666667
balanced,29,faithful,0.920015905456,0.944497462629,True,0.972248731315,0.85,0.166666666667
balanced,29,offset,0.856140884889,0.987136282964,True,0.993568141482,0.616666666667,0.316666666667
balanced,29,local_reversal,0.899991151442,0.988859393694,True,0.994429696847,0.9,0.383333333333
balanced,29,unrelated,0.484312151335,0.018818282228,True,0.509409141114,0.4,0.506666666667
balanced,30,faithful,0.935535337195,0.951784457318,True,0.975892228659,0.9,0.15
balanced,30,offset,0.860489545528,0.979409596205,True,0.989704798102,0.65,0.316666666667
balanced,30,local_reversal,0.927469716257,0.987121276412,True,0.993560638206,0.966666666667,0.31
balanced,30,unrelated,0.487470630663,-0.0150978977913,True,0.492451051104,0.5,0.54
balanced,31,faithful,0.933475342162,0.94936225165,True,0.974681125825,0.916666666667,0.173333333333
balanced,31,offset,0.848187057485,0.978401302728,True,0.989200651364,0.6,0.326666666667
balanced,31,local_reversal,0.910263498107,0.971989438135,True,0.985994719067,0.933333333333,0.34
balanced,31,unrelated,0.562276316566,0.120921055218,True,0.560460527609,0.6,0.47
balanced,32,faithful,0.944693349001,0.960088941115,True,0.980044470558,0.916666666667,0.133333333333
balanced,32,offset,0.873273439852,0.98646702173,True,0.993233510865,0.666666666667,0.28
balanced,32,local_reversal,0.903629663408,0.98543221136,True,0.99271610568,0.916666666667,0.376666666667
balanced,32,unrelated,0.51879184524,0.002639484135,True,0.501319742067,0.566666666667,0.476666666667
balanced,33,faithful,0.933954717267,0.964293502001,True,0.982146751001,0.883333333333,0.16
balanced,33,offset,0.854256003541,0.983075567358,True,0.991537783679,0.616666666667,0.32
balanced,33,local_reversal,0.91557487293,0.983027354212,True,0.991513677106,0.983333333333,0.38
balanced,33,unrelated,0.47773584965,-0.0497693900545,True,0.475115304973,0.433333333333,0.47
balanced,34,faithful,0.935326402357,0.9555324523,True,0.97776622615,0.95,0.206666666667
balanced,34,offset,0.876101068297,0.982559116547,True,0.991279558274,0.7,0.293333333333
balanced,34,local_reversal,0.896454265414,0.981514218048,True,0.990757109024,0.933333333333,0.423333333333
balanced,34,unrelated,0.538053692196,0.124623418432,True,0.562311709216,0.5,0.496666666667
balanced,35,faithful,0.93077491185,0.951471928388,True,0.975735964194,0.916666666667,0.19
balanced,35,offset,0.872012450502,0.97781927945,True,0.988909639725,0.716666666667,0.323333333333
balanced,35,local_reversal,0.882688293668,0.97562764556,True,0.98781382278,0.883333333333,0.433333333333
balanced,35,unrelated,0.461559652141,-0.119245603973,True,0.440377198014,0.483333333333,0.496666666667
balanced,36,faithful,0.954158810589,0.962751590852,True,0.981375795426,0.966666666667,0.14
balanced,36,offset,0.879785134084,0.985950446946,True,0.992975223473,0.683333333333,0.263333333333
balanced,36,local_reversal,0.921224670757,0.986304458077,True,0.993152229039,0.933333333333,0.306666666667
balanced,36,unrelated,0.484910240116,-0.0636325329479,True,0.468183733526,0.483333333333,0.463333333333
balanced,37,faithful,0.949793957385,0.977090969062,True,0.988545484531,0.95,0.166666666667
balanced,37,offset,0.86622484088,0.987416136266,True,0.993708068133,0.666666666667,0.316666666667
balanced,37,local_reversal,0.934581723503,0.988605745011,True,0.994302872505,1,0.31
balanced,37,unrelated,0.476697145676,-0.0198984033021,True,0.490050798349,0.416666666667,0.503333333333
balanced,38,faithful,0.922085233808,0.942506334916,True,0.971253167458,0.883333333333,0.186666666667
balanced,38,offset,0.826854505748,0.97840390805,True,0.989201954025,0.55,0.383333333333
balanced,38,local_reversal,0.898301038352,0.97878123895,True,0.989390619475,0.916666666667,0.393333333333
balanced,38,unrelated,0.529664751538,0.0388825051254,True,0.519441252563,0.566666666667,0.476666666667
balanced,39,faithful,0.95391718171,0.959723939034,True,0.979861969517,0.966666666667,0.136666666667
balanced,39,offset,0.880413402301,0.98137800767,True,0.990689003835,0.683333333333,0.253333333333
balanced,39,local_reversal,0.91987768287,0.986258942902,True,0.993129471451,0.983333333333,0.363333333333
balanced,39,unrelated,0.589602924219,0.167565302953,True,0.583782651476,0.633333333333,0.436666666667
balanced,40,faithful,0.941335756469,0.964452521565,True,0.982226260782,0.916666666667,0.156666666667
balanced,40,offset,0.854705021795,0.986794517094,True,0.993397258547,0.616666666667,0.323333333333
balanced,40,local_reversal,0.909413496764,0.986933878102,True,0.993466939051,0.916666666667,0.35
balanced,40,unrelated,0.524798781771,0.0693292725684,True,0.534664636284,0.516666666667,0.496666666667
balanced,41,faithful,0.949251556006,0.961949631131,True,0.980974815565,0.933333333333,0.13
balanced,41,offset,0.890247434638,0.987491448792,True,0.993745724396,0.766666666667,0.296666666667
balanced,41,local_reversal,0.906667881379,0.986670715706,True,0.993335357853,0.883333333333,0.33
balanced,41,unrelated,0.517121051864,0.0059590617675,True,0.502979530884,0.566666666667,0.49
balanced,42,faithful,0.926946138888,0.952042685181,True,0.976021342591,0.85,0.143333333333
balanced,42,offset,0.891057899719,0.974637443506,True,0.987318721753,0.766666666667,0.273333333333
balanced,42,local_reversal,0.913661484287,0.981093836514,True,0.990546918257,0.933333333333,0.336666666667
balanced,42,unrelated,0.466576602712,-0.091411324292,True,0.454294337854,0.5,0.53
balanced,43,faithful,0.936265720443,0.951996845921,True,0.975998422961,0.933333333333,0.18
balanced,43,offset,0.862004471448,0.975570460382,True,0.987785230191,0.666666666667,0.32
balanced,43,local_reversal,0.913821560612,0.986071868706,True,0.993035934353,0.95,0.36
balanced,43,unrelated,0.460415912056,-0.114169182036,True,0.442915408982,0.483333333333,0.51
balanced,44,faithful,0.923420824296,0.962513858763,True,0.981256929382,0.85,0.176666666667
balanced,44,offset,0.842751531028,0.982505103428,True,0.991252551714,0.6,0.36
balanced,44,local_reversal,0.902377167563,0.979035002987,True,0.989517501493,0.95,0.406666666667
balanced,44,unrelated,0.564907522925,0.163025076416,True,0.581512538208,0.566666666667,0.486666666667
balanced,45,faithful,0.950104855911,0.967016186371,True,0.983508093186,0.966666666667,0.166666666667
balanced,45,offset,0.875665620019,0.989996511176,True,0.994998255588,0.666666666667,0.273333333333
balanced,45,local_reversal,0.931423992197,0.989191085101,True,0.994595542551,0.95,0.276666666667
balanced,45,unrelated,0.550971672289,0.0965722409646,True,0.548286120482,0.6,0.49
balanced,46,faithful,0.925694512421,0.961203930294,True,0.980601965147,0.85,0.163333333333
balanced,46,offset,0.847870063477,0.979566878256,True,0.989783439128,0.6,0.33
balanced,46,local_reversal,0.899616874866,0.978722916221,True,0.989361458111,0.933333333333,0.403333333333
balanced,46,unrelated,0.630435360748,0.341451202493,True,0.670725601246,0.55,0.41
balanced,47,faithful,0.938190681672,0.95619116113,True,0.978095580565,0.933333333333,0.176666666667
balanced,47,offset,0.867675073511,0.983361356146,True,0.991680678073,0.7,0.336666666667
balanced,47,local_reversal,0.915558890318,0.987418523282,True,0.993709261641,0.966666666667,0.37
balanced,47,unrelated,0.503385823174,-0.019825033864,True,0.490087483068,0.533333333333,0.486666666667
balanced,48,faithful,0.963852749197,0.972842497323,True,0.986421248662,0.983333333333,0.123333333333
balanced,48,offset,0.900691559362,0.988971864539,True,0.99448593227,0.766666666667,0.246666666667
balanced,48,local_reversal,0.923945513185,0.98648504395,True,0.993242521975,0.933333333333,0.293333333333
balanced,48,unrelated,0.44038630062,-0.229823442377,True,0.385088278811,0.533333333333,0.486666666667
balanced,49,faithful,0.938715623875,0.960163190695,True,0.980081595348,0.933333333333,0.18
balanced,49,offset,0.84380356744,0.981567447022,True,0.990783723511,0.566666666667,0.32
balanced,49,local_reversal,0.909813140809,0.981599358251,True,0.990799679126,0.95,0.373333333333
balanced,49,unrelated,0.508090682702,-0.0152532798824,True,0.492373360059,0.533333333333,0.47
balanced,50,faithful,0.947275379665,0.966473487771,True,0.983236743886,0.933333333333,0.146666666667
balanced,50,offset,0.899046020945,0.992375625373,True,0.996187812687,0.75,0.243333333333
balanced,50,local_reversal,0.92950566693,0.991685556433,True,0.995842778217,1,0.34
balanced,50,unrelated,0.455616636768,-0.0901667663302,True,0.454916616835,0.383333333333,0.47
balanced,51,faithful,0.954074706929,0.978026800876,True,0.989013400438,0.933333333333,0.13
balanced,51,offset,0.879505843535,0.987241700672,True,0.993620850336,0.666666666667,0.25
balanced,51,local_reversal,0.917271737266,0.986461346444,True,0.993230673222,0.916666666667,0.31
balanced,51,unrelated,0.521700109624,0.0078892543034,True,0.503944627152,0.566666666667,0.47
balanced,52,faithful,0.922622322839,0.957629965019,True,0.978814982509,0.85,0.173333333333
balanced,52,offset,0.864911198882,0.989703996274,True,0.994851998137,0.633333333333,0.293333333333
balanced,52,local_reversal,0.913680162745,0.990044986927,True,0.995022493464,0.916666666667,0.333333333333
balanced,52,unrelated,0.517917922523,0.0352819639643,True,0.517640981982,0.483333333333,0.446666666667
balanced,53,faithful,0.951761641537,0.96809436068,True,0.98404718034,0.95,0.143333333333
balanced,53,offset,0.888513518969,0.988378396563,True,0.994189198281,0.75,0.29
balanced,53,local_reversal,0.907406951232,0.986912059663,True,0.993456029832,0.916666666667,0.36
balanced,53,unrelated,0.483499228071,-0.0483359064311,True,0.475832046784,0.466666666667,0.476666666667
balanced,54,faithful,0.936239032885,0.951907887396,True,0.975953943698,0.916666666667,0.163333333333
balanced,54,offset,0.850266140085,0.980887133618,True,0.990443566809,0.616666666667,0.336666666667
balanced,54,local_reversal,0.912325625269,0.983307639784,True,0.991653819892,0.933333333333,0.346666666667
balanced,54,unrelated,0.492318001824,-0.0611622161407,True,0.46941889193,0.533333333333,0.48
balanced,55,faithful,0.936996000917,0.963320003057,True,0.981660001528,0.916666666667,0.176666666667
balanced,55,offset,0.880308231789,0.985471883742,True,0.992735941871,0.716666666667,0.293333333333
balanced,55,local_reversal,0.907947073134,0.986490243782,True,0.993245121891,0.95,0.39
balanced,55,unrelated,0.387149745009,-0.256167516637,True,0.371916241682,0.366666666667,0.546666666667
balanced,56,faithful,0.953922864273,0.975298436465,True,0.987649218232,0.916666666667,0.11
balanced,56,offset,0.864107738654,0.989248017737,True,0.994624008868,0.633333333333,0.296666666667
balanced,56,local_reversal,0.925009593588,0.990031978626,True,0.995015989313,0.95,0.31
balanced,56,unrelated,0.525980227993,0.0243785377536,True,0.512189268877,0.616666666667,0.523333333333
balanced,57,faithful,0.939197277375,0.966213146806,True,0.983106573403,0.9,0.153333333333
balanced,57,offset,0.887628565172,0.985428550572,True,0.992714275286,0.716666666667,0.256666666667
balanced,57,local_reversal,0.908360425592,0.985645863084,True,0.992822931542,0.916666666667,0.353333333333
balanced,57,unrelated,0.474791401916,-0.048473104724,True,0.475763447638,0.45,0.503333333333
balanced,58,faithful,0.942627397282,0.95986910205,True,0.979934551025,0.9,0.126666666667
balanced,58,offset,0.898130055357,0.987100184525,True,0.993550092262,0.733333333333,0.223333333333
balanced,58,local_reversal,0.932413416185,0.985822498393,True,0.992911249196,0.95,0.266666666667
balanced,58,unrelated,0.381531718044,-0.319338717631,True,0.340330641184,0.4,0.513333333333
balanced,59,faithful,0.927508967059,0.94725211242,True,0.97362605621,0.9,0.183333333333
balanced,59,offset,0.859628734501,0.978762448338,True,0.989381224169,0.666666666667,0.336666666667
balanced,59,local_reversal,0.913717743485,0.985725811616,True,0.992862905808,0.966666666667,0.376666666667
balanced,59,unrelated,0.565192418112,0.181752504816,True,0.590876252408,0.5,0.446666666667
balanced,60,faithful,0.92917338424,0.955022391912,True,0.977511195956,0.866666666667,0.153333333333
balanced,60,offset,0.871656644897,0.983299927433,True,0.991649963716,0.666666666667,0.283333333333
balanced,60,local_reversal,0.894587277085,0.981957590282,True,0.990978795141,0.866666666667,0.366666666667
balanced,60,unrelated,0.472142145879,-0.106192847071,True,0.446903576464,0.516666666667,0.496666666667
balanced,61,faithful,0.934027451462,0.966758171539,True,0.98337908577,0.883333333333,0.163333333333
balanced,61,offset,0.910942345794,0.992030041535,True,0.996015020768,0.766666666667,0.2
balanced,61,local_reversal,0.925923413941,0.990855824249,True,0.995427912125,0.95,0.306666666667
balanced,61,unrelated,0.459167215534,-0.104998170442,True,0.447500914779,0.45,0.496666666667
balanced,62,faithful,0.94857648968,0.953032743377,True,0.976516371688,0.983333333333,0.17
balanced,62,offset,0.83333285721,0.979998412924,True,0.989999206462,0.516666666667,0.32
balanced,62,local_reversal,0.908305282104,0.97657316257,True,0.988286581285,0.933333333333,0.356666666667
balanced,62,unrelated,0.423905309972,-0.218093411203,True,0.390953294398,0.483333333333,0.536666666667
balanced,63,faithful,0.93945543787,0.949295904011,True,0.974647952005,0.933333333333,0.16
balanced,63,offset,0.894343362363,0.978922318988,True,0.989461159494,0.766666666667,0.263333333333
balanced,63,local_reversal,0.916018446799,0.97117260044,True,0.98558630022,0.983333333333,0.36
balanced,63,unrelated,0.454984322846,-0.12116336829,True,0.439418315855,0.45,0.493333333333
balanced,64,faithful,0.940198031884,0.967326772947,True,0.983663386473,0.95,0.2
balanced,64,offset,0.859183106671,0.986165911126,True,0.993082955563,0.633333333333,0.316666666667
balanced,64,local_reversal,0.914179777388,0.985043702404,True,0.992521851202,0.95,0.356666666667
balanced,64,unrelated,0.463412019035,-0.0641821587737,True,0.467908920613,0.4,0.486666666667
balanced,65,faithful,0.949415356821,0.966940078292,True,0.983470039146,0.933333333333,0.136666666667
balanced,65,offset,0.888755990569,0.986964413006,True,0.993482206503,0.733333333333,0.27
balanced,65,local_reversal,0.92709592882,0.988097540513,True,0.994048770256,0.966666666667,0.313333333333
balanced,65,unrelated,0.503489892605,-0.0283670246486,True,0.485816487676,0.55,0.49
balanced,66,faithful,0.932563962003,0.946324317788,True,0.973162158894,0.916666666667,0.173333333333
balanced,66,offset,0.844262424562,0.985319192985,True,0.992659596492,0.533333333333,0.29
balanced,66,local_reversal,0.899215560316,0.984051867721,True,0.992025933861,0.883333333333,0.363333333333
balanced,66,unrelated,0.426548804982,-0.131503983393,True,0.434248008304,0.333333333333,0.503333333333
balanced,67,faithful,0.952775003171,0.975916677238,True,0.987958338619,0.933333333333,0.133333333333
balanced,67,offset,0.87131535763,0.988828969878,True,0.994414484939,0.683333333333,0.31
balanced,67,local_reversal,0.920187951339,0.989515393353,True,0.994757696676,0.933333333333,0.316666666667
balanced,67,unrelated,0.401423767033,-0.19525410989,True,0.402372945055,0.35,0.55
balanced,68,faithful,0.951872462227,0.961797096311,True,0.980898548155,0.95,0.133333333333
balanced,68,offset,0.863276695138,0.979811206017,True,0.989905603008,0.666666666667,0.32
balanced,68,local_reversal,0.905642684358,0.981031170083,True,0.990515585042,0.916666666667,0.36
balanced,68,unrelated,0.557971687756,0.133238959185,True,0.566619479593,0.6,0.51
balanced,69,faithful,0.928490409693,0.952745810089,True,0.976372905044,0.866666666667,0.153333333333
balanced,69,offset,0.836147280883,0.987157602942,True,0.993578801471,0.55,0.35
balanced,69,local_reversal,0.897463845046,0.98710170571,True,0.993550852855,0.933333333333,0.426666666667
balanced,69,unrelated,0.40619334733,-0.272688842232,True,0.363655578884,0.466666666667,0.526666666667
balanced,70,faithful,0.934489432753,0.961631442509,True,0.980815721254,0.9,0.17
balanced,70,offset,0.876849987268,0.985055513117,True,0.992527756558,0.716666666667,0.31
balanced,70,local_reversal,0.912581722696,0.981939075654,True,0.990969537827,0.933333333333,0.343333333333
balanced,70,unrelated,0.578811789705,0.167150410126,True,0.583575205063,0.6,0.456666666667
balanced,71,faithful,0.914965346754,0.954328933625,True,0.977164466813,0.833333333333,0.19
balanced,71,offset,0.858979335374,0.983264451247,True,0.991632225623,0.6,0.28
balanced,71,local_reversal,0.899691179315,0.983415042161,True,0.99170752108,0.883333333333,0.36
balanced,71,unrelated,0.446554817634,-0.124817274552,True,0.437591362724,0.416666666667,0.496666666667
balanced,72,faithful,0.931668873576,0.956674023032,True,0.978337011516,0.883333333333,0.16
balanced,72,offset,0.845568708904,0.983006807459,True,0.99150340373,0.566666666667,0.313333333333
balanced,72,local_reversal,0.917792932678,0.981531997817,True,0.990765998908,0.966666666667,0.35
balanced,72,unrelated,0.562175913086,0.173919710287,True,0.586959855143,0.516666666667,0.466666666667
balanced,73,faithful,0.933284200299,0.948725112108,True,0.974362556054,0.883333333333,0.14
balanced,73,offset,0.867185028368,0.986172316781,True,0.993086158391,0.7,0.343333333333
balanced,73,local_reversal,0.911984815485,0.977727162729,True,0.988863581364,0.933333333333,0.34
balanced,73,unrelated,0.485864801511,-0.0582284394082,True,0.470885780296,0.5,0.483333333333
balanced,74,faithful,0.932502949256,0.955009830854,True,0.977504915427,0.9,0.17
balanced,74,offset,0.868120910599,0.98929192422,True,0.99464596211,0.65,0.293333333333
balanced,74,local_reversal,0.910439455148,0.983687072717,True,0.991843536358,0.95,0.373333333333
balanced,74,unrelated,0.556106052257,0.204797951968,True,0.602398975984,0.483333333333,0.51
balanced,75,faithful,0.936354261408,0.974514204693,True,0.987257102347,0.9,0.18
balanced,75,offset,0.897130573424,0.990435244746,True,0.995217622373,0.75,0.25
balanced,75,local_reversal,0.912371519432,0.98568284255,True,0.992841421275,0.883333333333,0.3
balanced,75,unrelated,0.447960219266,-0.115688158001,True,0.442155920999,0.433333333333,0.52
balanced,76,faithful,0.924425595077,0.932529761367,True,0.966264880683,0.883333333333,0.16
balanced,76,offset,0.880359614114,0.981198713714,True,0.990599356857,0.683333333333,0.253333333333
balanced,76,local_reversal,0.915601982022,0.980895495628,True,0.990447747814,0.933333333333,0.326666666667
balanced,76,unrelated,0.526043651434,0.08903439367,True,0.544517196835,0.5,0.503333333333
balanced,77,faithful,0.949073713567,0.961356823,True,0.9806784115,0.966666666667,0.163333333333
balanced,77,offset,0.880840463311,0.982801544369,True,0.991400772185,0.716666666667,0.286666666667
balanced,77,local_reversal,0.929196459534,0.98621042067,True,0.993105210335,0.95,0.283333333333
balanced,77,unrelated,0.452018084148,-0.133273052841,True,0.433363473579,0.516666666667,0.556666666667
balanced,78,faithful,0.947779330226,0.965931100754,True,0.982965550377,0.933333333333,0.143333333333
balanced,78,offset,0.902558484526,0.988528281752,True,0.994264140876,0.783333333333,0.253333333333
balanced,78,local_reversal,0.937978150507,0.988816057245,True,0.994408028622,0.966666666667,0.26
balanced,78,unrelated,0.463579109724,-0.10584741203,True,0.447076293985,0.466666666667,0.49
balanced,79,faithful,0.952150398315,0.97383466105,True,0.986917330525,0.933333333333,0.133333333333
balanced,79,offset,0.891165791775,0.983885972585,True,0.991942986292,0.75,0.27
balanced,79,local_reversal,0.932816701123,0.984944559299,True,0.992472279649,0.966666666667,0.28
balanced,79,unrelated,0.509172708311,0.0283534721477,True,0.514176736074,0.483333333333,0.48
balanced,80,faithful,0.931857406622,0.950635799851,True,0.975317899925,0.916666666667,0.183333333333
balanced,80,offset,0.854424834059,0.983638335753,True,0.991819167877,0.583333333333,0.286666666667
balanced,80,local_reversal,0.913970233731,0.984345223549,True,0.992172611775,0.966666666667,0.373333333333
balanced,80,unrelated,0.565533135533,0.136221562889,True,0.568110781444,0.6,0.476666666667
balanced,81,faithful,0.948812317965,0.96270772655,True,0.981353863275,0.933333333333,0.133333333333
balanced,81,offset,0.854459205765,0.985975130326,True,0.992987565163,0.6,0.306666666667
balanced,81,local_reversal,0.929597139544,0.987546020703,True,0.993773010352,0.933333333333,0.266666666667
balanced,81,unrelated,0.539963693447,0.0887678670458,True,0.544383933523,0.55,0.483333333333
balanced,82,faithful,0.930929994652,0.96087775995,True,0.980438879975,0.85,0.136666666667
balanced,82,offset,0.867314107467,0.984380358222,True,0.992190179111,0.633333333333,0.273333333333
balanced,82,local_reversal,0.927977246752,0.988813044728,True,0.994406522364,0.966666666667,0.31
balanced,82,unrelated,0.554904723203,0.136349077344,True,0.568174538672,0.55,0.48
balanced,83,faithful,0.93718213803,0.957273793434,True,0.978636896717,0.916666666667,0.166666666667
balanced,83,offset,0.879417690629,0.980281190987,True,0.990140595493,0.7,0.273333333333
balanced,83,local_reversal,0.919671946489,0.98335093274,True,0.99167546637,0.983333333333,0.36
balanced,83,unrelated,0.612316373666,0.216610134443,True,0.608305067221,0.7,0.463333333333
balanced,84,faithful,0.950805384532,0.971573503996,True,0.985786751998,0.916666666667,0.12
balanced,84,offset,0.850333145262,0.987777150875,True,0.993888575437,0.6,0.33
balanced,84,local_reversal,0.922504399254,0.990570219734,True,0.995285109867,0.933333333333,0.306666666667
balanced,84,unrelated,0.580967075906,0.194334697463,True,0.597167348732,0.583333333333,0.47
balanced,85,faithful,0.938172424651,0.960574748835,True,0.980287374418,0.9,0.15
balanced,85,offset,0.861714286111,0.981269842591,True,0.990634921296,0.65,0.313333333333
balanced,85,local_reversal,0.907785173442,0.985950578139,True,0.992975289069,0.9,0.34
balanced,85,unrelated,0.485924691776,-0.0269176940814,True,0.486541152959,0.466666666667,0.496666666667
balanced,86,faithful,0.915173862201,0.95057954067,True,0.975289770335,0.85,0.2
balanced,86,offset,0.855426365784,0.982532330391,True,0.991266165195,0.633333333333,0.33
balanced,86,local_reversal,0.909416891409,0.982500749141,True,0.99125037457,0.95,0.376666666667
balanced,86,unrelated,0.486518618169,-0.0582712727702,True,0.470864363615,0.45,0.43
balanced,87,faithful,0.938985789534,0.963285965113,True,0.981642982556,0.883333333333,0.133333333333
balanced,87,offset,0.881528676787,0.980651144846,True,0.990325572423,0.716666666667,0.28
balanced,87,local_reversal,0.912567557075,0.979669634696,True,0.989834817348,0.916666666667,0.323333333333
balanced,87,unrelated,0.501025959751,-0.0143579119415,True,0.492821044029,0.5,0.473333333333
balanced,88,faithful,0.934906495056,0.971910539074,True,0.985955269537,0.9,0.183333333333
balanced,88,offset,0.855435540168,0.987007356116,True,0.993503678058,0.616666666667,0.32
balanced,88,local_reversal,0.914596440309,0.986432578806,True,0.993216289403,0.933333333333,0.34
balanced,88,unrelated,0.469352131581,-0.0532706725093,True,0.473364663745,0.466666666667,0.54
balanced,89,faithful,0.914951243819,0.949837479398,True,0.974918739699,0.85,0.2
balanced,89,offset,0.860932762366,0.976442541219,True,0.988221270609,0.65,0.31
balanced,89,local_reversal,0.902152002345,0.980506674485,True,0.990253337242,0.95,0.41
balanced,89,unrelated,0.40587857404,-0.231515864311,True,0.384242067844,0.383333333333,0.506666666667
balanced,90,faithful,0.944722995919,0.966854430843,True,0.983427215421,0.95,0.176666666667
balanced,90,offset,0.877655033004,0.978850110014,True,0.989425055007,0.716666666667,0.296666666667
balanced,90,local_reversal,0.911722222366,0.981296296776,True,0.990648148388,0.933333333333,0.346666666667
balanced,90,unrelated,0.520034719425,0.0645601758616,True,0.532280087931,0.483333333333,0.48
balanced,91,faithful,0.933536105547,0.965120351822,True,0.982560175911,0.883333333333,0.163333333333
balanced,91,offset,0.857210516513,0.979590610598,True,0.989795305299,0.6,0.283333333333
balanced,91,local_reversal,0.910512889141,0.988376297137,True,0.994188148568,0.933333333333,0.363333333333
balanced,91,unrelated,0.496021298586,0.0267376619528,True,0.513368830976,0.45,0.51
balanced,92,faithful,0.945785699734,0.972618999115,True,0.986309499557,0.933333333333,0.163333333333
balanced,92,offset,0.881801457744,0.988227081369,True,0.994113540685,0.716666666667,0.29
balanced,92,local_reversal,0.927091997543,0.988084436255,True,0.994042218127,0.966666666667,0.313333333333
balanced,92,unrelated,0.413261100802,-0.251351886214,True,0.374324056893,0.45,0.506666666667
balanced,93,faithful,0.921401618134,0.944672060445,True,0.972336030223,0.883333333333,0.193333333333
balanced,93,offset,0.858209313004,0.976253265569,True,0.988126632784,0.633333333333,0.306666666667
balanced,93,local_reversal,0.910013285937,0.975599842011,True,0.987799921005,0.966666666667,0.38
balanced,93,unrelated,0.439175981883,-0.196080060391,True,0.401959969805,0.5,0.51
balanced,94,faithful,0.942614257367,0.968714191225,True,0.984357095612,0.933333333333,0.173333333333
balanced,94,offset,0.855213884243,0.984046280809,True,0.992023140404,0.6,0.3
balanced,94,local_reversal,0.917931659526,0.984216642863,True,0.992108321432,0.95,0.336666666667
balanced,94,unrelated,0.51357338043,0.00524460143475,True,0.502622300717,0.516666666667,0.456666666667
balanced,95,faithful,0.948121442568,0.971515919671,True,0.985757959836,0.933333333333,0.15
balanced,95,offset,0.868383680558,0.983501157416,True,0.991750578708,0.683333333333,0.316666666667
balanced,95,local_reversal,0.924516786274,0.98838928758,True,0.99419464379,0.983333333333,0.343333333333
balanced,95,unrelated,0.492523928214,-0.020475794843,True,0.489762102579,0.5,0.506666666667
balanced,96,faithful,0.943541716803,0.960694611567,True,0.980347305783,0.933333333333,0.156666666667
balanced,96,offset,0.868633834048,0.979890557939,True,0.98994527897,0.65,0.276666666667
balanced,96,local_reversal,0.902033022362,0.986776741206,True,0.993388370603,0.916666666667,0.386666666667
balanced,96,unrelated,0.520210706007,0.0895912422444,True,0.544795621122,0.483333333333,0.516666666667
balanced,97,faithful,0.940150195931,0.971611764214,True,0.985805882107,0.9,0.156666666667
balanced,97,offset,0.887125490915,0.99041830305,True,0.995209151525,0.733333333333,0.283333333333
balanced,97,local_reversal,0.923244416896,0.988592500763,True,0.994296250382,0.933333333333,0.3
balanced,97,unrelated,0.538245134458,0.0519282259715,True,0.525964112986,0.583333333333,0.47
balanced,98,faithful,0.949394906889,0.962427467407,True,0.981213733703,0.983333333333,0.18
balanced,98,offset,0.874821423868,0.987182524003,True,0.993591262002,0.683333333333,0.29
balanced,98,local_reversal,0.936812312315,0.984929929938,True,0.992464964969,0.983333333333,0.276666666667
balanced,98,unrelated,0.407131690643,-0.276227697857,True,0.361886151072,0.483333333333,0.533333333333
balanced,99,faithful,0.921183888573,0.939501850799,True,0.9697509254,0.866666666667,0.17
balanced,99,offset,0.856460848826,0.985980607199,True,0.9929903036,0.616666666667,0.313333333333
balanced,99,local_reversal,0.912711136601,0.984592677559,True,0.99229633878,0.966666666667,0.38
balanced,99,unrelated,0.577772335209,0.16590778403,True,0.582953892015,0.6,0.46
heterogeneous,0,faithful,0.955277632846,0.970925442819,True,0.98546272141,0.916666666667,0.0966666666667
heterogeneous,0,offset,0.884546697822,0.984044548297,True,0.992022274149,0.683333333333,0.236666666667
heterogeneous,0,local_reversal,0.854347611177,0.983380926146,True,0.991690463073,0.933333333333,0.636666666667
heterogeneous,0,unrelated,0.514605986515,0.0420199550493,True,0.521009977525,0.483333333333,0.473333333333
heterogeneous,1,faithful,0.94437126964,0.954570898801,True,0.9772854494,0.9,0.11
heterogeneous,1,offset,0.889645337513,0.985484458376,True,0.992742229188,0.683333333333,0.213333333333
heterogeneous,1,local_reversal,0.866717684765,0.98239228255,True,0.991196141275,0.95,0.59
heterogeneous,1,unrelated,0.483607975269,-0.0768623046576,True,0.461568847671,0.516666666667,0.483333333333
heterogeneous,2,faithful,0.960959629931,0.974309877547,True,0.987154938774,0.916666666667,0.0733333333333
heterogeneous,2,offset,0.900304904046,0.987683013487,True,0.993841506744,0.716666666667,0.196666666667
heterogeneous,2,local_reversal,0.865260406979,0.986423578818,True,0.993211789409,0.966666666667,0.62
heterogeneous,2,unrelated,0.516879969033,0.0407110078891,True,0.520355503945,0.5,0.476666666667
heterogeneous,3,faithful,0.959934777995,0.970893704427,True,0.985446852214,0.933333333333,0.09
heterogeneous,3,offset,0.87428516005,0.976506089057,True,0.988253044528,0.633333333333,0.226666666667
heterogeneous,3,local_reversal,0.863100771806,0.977002572687,True,0.988501286343,0.95,0.6
heterogeneous,3,unrelated,0.532221168648,0.0540705621616,True,0.527035281081,0.583333333333,0.503333333333
heterogeneous,4,faithful,0.962336679992,0.976677822195,True,0.988338911098,0.95,0.103333333333
heterogeneous,4,offset,0.895045332572,0.990151108574,True,0.995075554287,0.716666666667,0.226666666667
heterogeneous,4,local_reversal,0.888436062916,0.98812020972,True,0.99406010486,0.983333333333,0.523333333333
heterogeneous,4,unrelated,0.526652693843,0.068842312811,True,0.534421156406,0.483333333333,0.453333333333
heterogeneous,5,faithful,0.934197101038,0.962879225681,True,0.98143961284,0.833333333333,0.106666666667
heterogeneous,5,offset,0.866256531325,0.989743993306,True,0.994871996653,0.566666666667,0.22
heterogeneous,5,local_reversal,0.870492324374,0.990529970136,True,0.995264985068,0.966666666667,0.6
heterogeneous,5,unrelated,0.474555794481,-0.0470362406186,True,0.476481879691,0.466666666667,0.523333333333
heterogeneous,6,faithful,0.948947695166,0.965381206109,True,0.982690603054,0.9,0.103333333333
heterogeneous,6,offset,0.867215574605,0.986274137572,True,0.993137068786,0.566666666667,0.21
heterogeneous,6,local_reversal,0.85895587425,0.983186247499,True,0.99159312375,0.916666666667,0.596666666667
heterogeneous,6,unrelated,0.437595296943,-0.174682343524,True,0.412658828238,0.466666666667,0.516666666667
heterogeneous,7,faithful,0.942856097679,0.951742547818,True,0.975871273909,0.916666666667,0.13
heterogeneous,7,offset,0.882283912253,0.980946374178,True,0.990473187089,0.65,0.21
heterogeneous,7,local_reversal,0.865816884391,0.979389614638,True,0.989694807319,0.983333333333,0.623333333333
heterogeneous,7,unrelated,0.423460634997,-0.146242327789,True,0.426878836106,0.366666666667,0.53
heterogeneous,8,faithful,0.941957836232,0.955415009663,True,0.977707504832,0.9,0.123333333333
heterogeneous,8,offset,0.878006215216,0.986687384054,True,0.993343692027,0.633333333333,0.223333333333
heterogeneous,8,local_reversal,0.855355191809,0.984517306029,True,0.992258653015,0.933333333333,0.633333333333
heterogeneous,8,unrelated,0.487624385076,-0.0945853830797,True,0.45270730846,0.533333333333,0.453333333333
heterogeneous,9,faithful,0.955418468142,0.95583933825,True,0.977919669125,0.916666666667,0.0733333333333
heterogeneous,9,offset,0.889643013901,0.98103226856,True,0.99051613428,0.65,0.173333333333
heterogeneous,9,local_reversal,0.849706793499,0.985689311664,True,0.992844655832,0.95,0.68
heterogeneous,9,unrelated,0.456210623009,-0.0970757010821,True,0.451462149459,0.466666666667,0.54
heterogeneous,10,faithful,0.95209863916,0.969217686089,True,0.984608843045,0.95,0.143333333333
heterogeneous,10,offset,0.875728257293,0.987983079865,True,0.993991539933,0.6,0.203333333333
heterogeneous,10,local_reversal,0.854828062348,0.987204652271,True,0.993602326136,0.9,0.606666666667
heterogeneous,10,unrelated,0.545577682528,0.17414783065,True,0.587073915325,0.483333333333,0.516666666667
heterogeneous,11,faithful,0.95870606426,0.96013132531,True,0.980065662655,0.966666666667,0.113333333333
heterogeneous,11,offset,0.868123418854,0.975966951734,True,0.987983475867,0.583333333333,0.206666666667
heterogeneous,11,local_reversal,0.854543514975,0.975145049918,True,0.987572524959,0.95,0.64
heterogeneous,11,unrelated,0.483868466463,-0.0382162229016,True,0.480891888549,0.45,0.473333333333
heterogeneous,12,faithful,0.958126774459,0.958200359308,True,0.979100179654,0.933333333333,0.08
heterogeneous,12,offset,0.882351346219,0.983393376285,True,0.991696688143,0.666666666667,0.23
heterogeneous,12,local_reversal,0.859420196096,0.978067320319,True,0.989033660159,0.966666666667,0.636666666667
heterogeneous,12,unrelated,0.433248360302,-0.180283243439,True,0.409858378281,0.45,0.513333333333
heterogeneous,13,faithful,0.950601960265,0.966450978661,True,0.98322548933,0.916666666667,0.113333333333
heterogeneous,13,offset,0.874333201906,0.985555117465,True,0.992777558732,0.6,0.206666666667
heterogeneous,13,local_reversal,0.861164604413,0.990548681376,True,0.995274340688,0.933333333333,0.613333333333
heterogeneous,13,unrelated,0.528609899544,0.0420329984798,True,0.52101649924,0.55,0.47
heterogeneous,14,faithful,0.951316299359,0.937720997863,True,0.968860498931,0.95,0.1
heterogeneous,14,offset,0.868214042332,0.982935696662,True,0.991467848331,0.566666666667,0.2
heterogeneous,14,local_reversal,0.855891856042,0.984083964585,True,0.992041982293,0.966666666667,0.663333333333
heterogeneous,14,unrelated,0.537576522848,0.100810631717,True,0.550405315858,0.533333333333,0.496666666667
heterogeneous,15,faithful,0.947562739464,0.951875798213,True,0.975937899106,0.916666666667,0.106666666667
heterogeneous,15,offset,0.898870865214,0.980680661824,True,0.990340330912,0.716666666667,0.193333333333
heterogeneous,15,local_reversal,0.862621331937,0.984293328678,True,0.992146664339,0.95,0.613333333333
heterogeneous,15,unrelated,0.390581977486,-0.284726741713,True,0.357636629144,0.383333333333,0.503333333333
heterogeneous,16,faithful,0.941079367949,0.952486782051,True,0.976243391026,0.9,0.123333333333
heterogeneous,16,offset,0.87029502613,0.985427864878,True,0.992713932439,0.6,0.226666666667
heterogeneous,16,local_reversal,0.857897781321,0.979659271069,True,0.989829635535,0.95,0.63
heterogeneous,16,unrelated,0.539612259549,0.0653741984956,True,0.532687099248,0.566666666667,0.466666666667
heterogeneous,17,faithful,0.947686793484,0.956733756059,True,0.978366878029,0.916666666667,0.113333333333
heterogeneous,17,offset,0.894455356698,0.988184522326,True,0.994092261163,0.7,0.21
heterogeneous,17,local_reversal,0.868125755233,0.984863628554,True,0.992431814277,0.966666666667,0.603333333333
heterogeneous,17,unrelated,0.447503287067,-0.141655709778,True,0.429172145111,0.5,0.55
heterogeneous,18,faithful,0.92985665067,0.941744391122,True,0.970872195561,0.85,0.113333333333
heterogeneous,18,offset,0.890939016468,0.976463388226,True,0.988231694113,0.7,0.21
heterogeneous,18,local_reversal,0.855277700159,0.984259000529,True,0.992129500264,0.966666666667,0.666666666667
heterogeneous,18,unrelated,0.49149810864,-0.0705618600894,True,0.464719069955,0.533333333333,0.47
heterogeneous,19,faithful,0.965927012797,0.966423375989,True,0.983211687994,0.933333333333,0.0533333333333
heterogeneous,19,offset,0.887787558521,0.977069639513,True,0.988534819756,0.666666666667,0.193333333333
heterogeneous,19,local_reversal,0.848128544309,0.982650703253,True,0.991325351627,0.916666666667,0.65
heterogeneous,19,unrelated,0.553413047961,0.0891546043131,True,0.544577302157,0.6,0.466666666667
heterogeneous,20,faithful,0.95375273131,0.970286882144,True,0.985143441072,0.9,0.0866666666667
heterogeneous,20,offset,0.892587242697,0.986401920103,True,0.993200960051,0.7,0.216666666667
heterogeneous,20,local_reversal,0.860671175743,0.991126141366,True,0.995563070683,0.95,0.633333333333
heterogeneous,20,unrelated,0.451030470205,-0.129898432651,True,0.435050783674,0.5,0.55
heterogeneous,21,faithful,0.955327110621,0.966645924293,True,0.983322962146,0.933333333333,0.106666666667
heterogeneous,21,offset,0.890248868463,0.985274005989,True,0.992637002995,0.683333333333,0.21
heterogeneous,21,local_reversal,0.861152040296,0.986062356541,True,0.993031178271,0.95,0.623333333333
heterogeneous,21,unrelated,0.472674938439,-0.0621946496478,True,0.468902675176,0.45,0.493333333333
heterogeneous,22,faithful,0.955797564498,0.968214103882,True,0.984107051941,0.933333333333,0.106666666667
heterogeneous,22,offset,0.889993980944,0.986646603148,True,0.993323301574,0.65,0.18
heterogeneous,22,local_reversal,0.865885150528,0.988506057316,True,0.994253028658,0.966666666667,0.62
heterogeneous,22,unrelated,0.425907664976,-0.184752227858,True,0.407623886071,0.433333333333,0.526666666667
heterogeneous,23,faithful,0.953029706459,0.96121013264,True,0.98060506632,0.933333333333,0.11
heterogeneous,23,offset,0.898815325666,0.991606641109,True,0.995803320555,0.716666666667,0.21
heterogeneous,23,local_reversal,0.860575752328,0.993030285538,True,0.996515142769,0.916666666667,0.603333333333
heterogeneous,23,unrelated,0.414101010083,-0.228552188613,True,0.385723905693,0.45,0.536666666667
heterogeneous,24,faithful,0.960446825651,0.948156085502,True,0.974078042751,0.983333333333,0.103333333333
heterogeneous,24,offset,0.879427064037,0.986979102344,True,0.993489551172,0.633333333333,0.216666666667
heterogeneous,24,local_reversal,0.853052718982,0.983509063274,True,0.991754531637,0.966666666667,0.676666666667
heterogeneous,24,unrelated,0.607907644588,0.246358815294,True,0.623179407647,0.616666666667,0.446666666667
heterogeneous,25,faithful,0.945091797669,0.943639325562,True,0.971819662781,0.933333333333,0.123333333333
heterogeneous,25,offset,0.902633749762,0.984334721429,True,0.992167360714,0.716666666667,0.18
heterogeneous,25,local_reversal,0.874787288267,0.980402072,True,0.990201036,0.966666666667,0.563333333333
heterogeneous,25,unrelated,0.51902934522,0.065653372956,True,0.532826686478,0.466666666667,0.47
heterogeneous,26,faithful,0.957023306892,0.97007768964,True,0.98503884482,0.933333333333,0.103333333333
heterogeneous,26,offset,0.870246602163,0.983044229431,True,0.991522114715,0.566666666667,0.19
heterogeneous,26,local_reversal,0.872083305154,0.989166572736,True,0.994583286368,0.966666666667,0.59
heterogeneous,26,unrelated,0.541864674143,0.0573266915861,True,0.528663345793,0.6,0.476666666667
heterogeneous,27,faithful,0.943391219788,0.960192954849,True,0.980096477425,0.883333333333,0.106666666667
heterogeneous,27,offset,0.900152632663,0.984953219987,True,0.992476609993,0.716666666667,0.193333333333
heterogeneous,27,local_reversal,0.857652405162,0.976619128318,True,0.988309564159,0.95,0.626666666667
heterogeneous,27,unrelated,0.553222934068,0.157409780227,True,0.578704890113,0.5,0.47
heterogeneous,28,faithful,0.960667315094,0.971113272534,True,0.985556636267,0.933333333333,0.0866666666667
heterogeneous,28,offset,0.882319623097,0.987732076989,True,0.993866038495,0.633333333333,0.203333333333
heterogeneous,28,local_reversal,0.862556161388,0.986298315738,True,0.993149157869,0.983333333333,0.65
heterogeneous,28,unrelated,0.424185231794,-0.166049227355,True,0.416975386323,0.416666666667,0.546666666667
heterogeneous,29,faithful,0.938831954486,0.967217626065,True,0.983608813032,0.833333333333,0.09
heterogeneous,29,offset,0.881524154681,0.987302737825,True,0.993651368913,0.633333333333,0.206666666667
heterogeneous,29,local_reversal,0.853187187077,0.988401734701,True,0.994200867351,0.9,0.616666666667
heterogeneous,29,unrelated,0.533553426768,0.0762892003392,True,0.53814460017,0.516666666667,0.463333333333
heterogeneous,30,faithful,0.932241088529,0.956359183985,True,0.978179591992,0.866666666667,0.14
heterogeneous,30,offset,0.866055589394,0.986851964645,True,0.993425982323,0.583333333333,0.233333333333
heterogeneous,30,local_reversal,0.854142727345,0.984920202263,True,0.992460101131,0.9,0.606666666667
heterogeneous,30,unrelated,0.460094363421,-0.0796854552639,True,0.460157272368,0.416666666667,0.496666666667
heterogeneous,31,faithful,0.930671317482,0.937793280494,True,0.968896640247,0.866666666667,0.12
heterogeneous,31,offset,0.885114954683,0.988160960055,True,0.994080480028,0.683333333333,0.24
heterogeneous,31,local_reversal,0.856924520344,0.978637290036,True,0.989318645018,0.933333333333,0.616666666667
heterogeneous,31,unrelated,0.541235865766,0.0796751081082,True,0.539837554054,0.583333333333,0.496666666667
heterogeneous,32,faithful,0.9402210357,0.962959007889,True,0.981479503944,0.866666666667,0.11
heterogeneous,32,offset,0.895016355971,0.983387853238,True,0.991693926619,0.683333333333,0.183333333333
heterogeneous,32,local_reversal,0.846810833451,0.984925000392,True,0.992462500196,0.916666666667,0.66
heterogeneous,32,unrelated,0.462032858448,-0.0976682496191,True,0.45116587519,0.483333333333,0.526666666667
heterogeneous,33,faithful,0.959588835387,0.969740562402,True,0.984870281201,0.95,0.106666666667
heterogeneous,33,offset,0.903997329932,0.986657766442,True,0.993328883221,0.733333333333,0.193333333333
heterogeneous,33,local_reversal,0.878494597508,0.988315325026,True,0.994157662513,0.966666666667,0.556666666667
heterogeneous,33,unrelated,0.568630436029,0.182101453431,True,0.591050726715,0.55,0.48
heterogeneous,34,faithful,0.94249608633,0.948320287767,True,0.974160143884,0.883333333333,0.0933333333333
heterogeneous,34,offset,0.887802791216,0.98378708183,True,0.991893540915,0.7,0.236666666667
heterogeneous,34,local_reversal,0.867245093416,0.981928089164,True,0.990964044582,0.966666666667,0.603333333333
heterogeneous,34,unrelated,0.494320532518,0.00773510839392,True,0.503867554197,0.483333333333,0.523333333333
heterogeneous,35,faithful,0.950881146604,0.951826044234,True,0.975913022117,0.95,0.123333333333
heterogeneous,35,offset,0.891096124555,0.979209304072,True,0.989604652036,0.666666666667,0.18
heterogeneous,35,local_reversal,0.863497238539,0.987213017353,True,0.993606508677,0.95,0.613333333333
heterogeneous,35,unrelated,0.473803459098,0.0215670858817,True,0.510783542941,0.35,0.513333333333
heterogeneous,36,faithful,0.937116161056,0.954831647964,True,0.977415823982,0.9,0.146666666667
heterogeneous,36,offset,0.876992802007,0.978864895578,True,0.989432447789,0.65,0.233333333333
heterogeneous,36,local_reversal,0.857087005506,0.979178907242,True,0.989589453621,0.933333333333,0.616666666667
heterogeneous,36,unrelated,0.526614297097,0.0331587681027,True,0.516579384051,0.6,0.516666666667
heterogeneous,37,faithful,0.933520618198,0.962846505105,True,0.981423252552,0.833333333333,0.11
heterogeneous,37,offset,0.892758570881,0.980306347379,True,0.99015317369,0.683333333333,0.19
heterogeneous,37,local_reversal,0.850338943116,0.983352032607,True,0.991676016304,0.916666666667,0.64
heterogeneous,37,unrelated,0.451256703832,-0.104699876115,True,0.447650061942,0.433333333333,0.52
heterogeneous,38,faithful,0.929506226394,0.953909643537,True,0.976954821768,0.833333333333,0.116666666667
heterogeneous,38,offset,0.881327875591,0.982204029748,True,0.991102014874,0.65,0.216666666667
heterogeneous,38,local_reversal,0.84833914389,0.97890825741,True,0.989454128705,0.933333333333,0.66
heterogeneous,38,unrelated,0.502345014244,-0.00551661918727,True,0.497241690406,0.533333333333,0.513333333333
heterogeneous,39,faithful,0.959778949747,0.952596499155,True,0.976298249578,0.95,0.08
heterogeneous,39,offset,0.851677817187,0.978926057289,True,0.989463028645,0.533333333333,0.243333333333
heterogeneous,39,local_reversal,0.871462508357,0.980430583411,True,0.990215291705,0.966666666667,0.58
heterogeneous,39,unrelated,0.539398831576,0.0957738830314,True,0.547886941516,0.533333333333,0.48
heterogeneous,40,faithful,0.949555313032,0.960739932329,True,0.980369966164,0.916666666667,0.11
heterogeneous,40,offset,0.897278661125,0.982039981527,True,0.991019990763,0.733333333333,0.22
heterogeneous,40,local_reversal,0.86455650539,0.979632795746,True,0.989816397873,0.983333333333,0.63
heterogeneous,40,unrelated,0.498831815352,0.000550495617654,True,0.500275247809,0.5,0.506666666667
heterogeneous,41,faithful,0.963356811604,0.975633816456,True,0.987816908228,0.933333333333,0.08
heterogeneous,41,offset,0.8785703965,0.986345766113,True,0.993172883056,0.616666666667,0.203333333333
heterogeneous,41,local_reversal,0.869998905234,0.986663017448,True,0.993331508724,0.916666666667,0.546666666667
heterogeneous,41,unrelated,0.487406815531,-0.0286439482296,True,0.485678025885,0.483333333333,0.503333333333
heterogeneous,42,faithful,0.946894592233,0.962981974111,True,0.981490987055,0.9,0.11
heterogeneous,42,offset,0.898338058422,0.987793528072,True,0.993896764036,0.716666666667,0.206666666667
heterogeneous,42,local_reversal,0.861332559681,0.982219643381,True,0.99110982169,0.95,0.616666666667
heterogeneous,42,unrelated,0.504956590506,0.027633079464,True,0.513816539732,0.466666666667,0.483333333333
heterogeneous,43,faithful,0.96418230131,0.971718782145,True,0.985859391072,0.95,0.0866666666667
heterogeneous,43,offset,0.871339601138,0.98668755935,True,0.993343779675,0.583333333333,0.206666666667
heterogeneous,43,local_reversal,0.856520110568,0.986178146337,True,0.993089073169,0.933333333333,0.63
heterogeneous,43,unrelated,0.458484960446,-0.100605687401,True,0.449697156299,0.45,0.506666666667
heterogeneous,44,faithful,0.958300658596,0.969891084209,True,0.984945542105,0.95,0.113333333333
heterogeneous,44,offset,0.896251428023,0.9897269823,True,0.99486349115,0.716666666667,0.22
heterogeneous,44,local_reversal,0.877246088262,0.988598071985,True,0.994299035992,0.95,0.546666666667
heterogeneous,44,unrelated,0.575171052937,0.1750146209,True,0.58750731045,0.6,0.486666666667
heterogeneous,45,faithful,0.945606827138,0.949800534904,True,0.974900267452,0.933333333333,0.13
heterogeneous,45,offset,0.884543423941,0.979589190915,True,0.989794595458,0.683333333333,0.23
heterogeneous,45,local_reversal,0.855380829046,0.982380541263,True,0.991190270632,0.95,0.646666666667
heterogeneous,45,unrelated,0.566517868541,0.175059561802,True,0.587529780901,0.566666666667,0.496666666667
heterogeneous,46,faithful,0.959767065434,0.965890218112,True,0.982945109056,0.95,0.1
heterogeneous,46,offset,0.892027599433,0.988980887,True,0.9944904435,0.65,0.173333333333
heterogeneous,46,local_reversal,0.883053156106,0.990177187021,True,0.99508859351,0.966666666667,0.536666666667
heterogeneous,46,unrelated,0.604482697314,0.261608991048,True,0.630804495524,0.566666666667,0.436666666667
heterogeneous,47,faithful,0.962066795829,0.964667097208,True,0.982333548604,0.966666666667,0.103333333333
heterogeneous,47,offset,0.899911786544,0.986372621812,True,0.993186310906,0.683333333333,0.163333333333
heterogeneous,47,local_reversal,0.856944534329,0.985370669986,True,0.992685334993,0.966666666667,0.66
heterogeneous,47,unrelated,0.476971571829,-0.0456503161247,True,0.477174841938,0.483333333333,0.53
heterogeneous,48,faithful,0.946215261547,0.954050871823,True,0.977025435911,0.916666666667,0.116666666667
heterogeneous,48,offset,0.891749888134,0.976944071558,True,0.988472035779,0.683333333333,0.19
heterogeneous,48,local_reversal,0.860648302909,0.979938787476,True,0.989969393738,0.95,0.616666666667
heterogeneous,48,unrelated,0.490966456374,0.0232215212467,True,0.511610760623,0.466666666667,0.546666666667
heterogeneous,49,faithful,0.94151727154,0.965057571801,True,0.9825287859,0.883333333333,0.123333333333
heterogeneous,49,offset,0.908599656832,0.988665522773,True,0.994332761386,0.75,0.19
heterogeneous,49,local_reversal,0.854859337405,0.982864458015,True,0.991432229008,0.933333333333,0.633333333333
heterogeneous,49,unrelated,0.497820030696,-0.00726656434657,True,0.496366717827,0.45,0.45
heterogeneous,50,faithful,0.924316976333,0.961056587775,True,0.980528293888,0.866666666667,0.186666666667
heterogeneous,50,offset,0.874137972459,0.984904352642,True,0.992452176321,0.6,0.206666666667
heterogeneous,50,local_reversal,0.851235094563,0.986339204098,True,0.993169602049,0.916666666667,0.64
heterogeneous,50,unrelated,0.543955708062,0.148741249094,True,0.574370624547,0.5,0.503333333333
heterogeneous,51,faithful,0.951218238897,0.957394129657,True,0.978697064828,0.933333333333,0.113333333333
heterogeneous,51,offset,0.896398274585,0.987994248617,True,0.993997124309,0.666666666667,0.166666666667
heterogeneous,51,local_reversal,0.862772385381,0.987019062382,True,0.993509531191,0.933333333333,0.6
heterogeneous,51,unrelated,0.549623546368,0.154300710117,True,0.577150355058,0.533333333333,0.516666666667
heterogeneous,52,faithful,0.946612498763,0.955374995877,True,0.977687497939,0.916666666667,0.116666666667
heterogeneous,52,offset,0.892113313908,0.98482215747,True,0.992411078735,0.7,0.216666666667
heterogeneous,52,local_reversal,0.849225969912,0.977419899706,True,0.988709949853,0.95,0.67
heterogeneous,52,unrelated,0.331924181186,-0.45136384049,True,0.274318079755,0.316666666667,0.48
heterogeneous,53,faithful,0.956940422626,0.976468075419,True,0.98823403771,0.95,0.13
heterogeneous,53,offset,0.896183888927,0.991724074201,True,0.995862037101,0.683333333333,0.19
heterogeneous,53,local_reversal,0.893290321303,0.990967737676,True,0.995483868838,1,0.52
heterogeneous,53,unrelated,0.417512173088,-0.150514978595,True,0.424742510702,0.4,0.586666666667
heterogeneous,54,faithful,0.952141414837,0.949360271679,True,0.974680135839,0.95,0.113333333333
heterogeneous,54,offset,0.882593639428,0.984201020316,True,0.992100510158,0.633333333333,0.196666666667
heterogeneous,54,local_reversal,0.851964746447,0.98210471038,True,0.99105235519,0.933333333333,0.646666666667
heterogeneous,54,unrelated,0.509764410346,0.0569924789324,True,0.528496239466,0.483333333333,0.52
heterogeneous,55,faithful,0.953854358127,0.959514527088,True,0.979757263544,0.933333333333,0.103333333333
heterogeneous,55,offset,0.877283742605,0.979834697573,True,0.989917348787,0.683333333333,0.266666666667
heterogeneous,55,local_reversal,0.865964319646,0.979881065485,True,0.989940532743,0.966666666667,0.606666666667
heterogeneous,55,unrelated,0.59322525441,0.246306403588,True,0.623153201794,0.65,0.553333333333
heterogeneous,56,faithful,0.951977358346,0.962146750042,True,0.981073375021,0.916666666667,0.1
heterogeneous,56,offset,0.879496690357,0.984988967857,True,0.992494483929,0.633333333333,0.213333333333
heterogeneous,56,local_reversal,0.844692108575,0.980084806363,True,0.990042403181,0.883333333333,0.63
heterogeneous,56,unrelated,0.640311474882,0.381038249608,True,0.690519124804,0.616666666667,0.486666666667
heterogeneous,57,faithful,0.96573691267,0.97467859779,True,0.987339298895,0.966666666667,0.1
heterogeneous,57,offset,0.912846075342,0.987264695585,True,0.993632347793,0.783333333333,0.2
heterogeneous,57,local_reversal,0.87210607049,0.98924245719,True,0.994621228595,0.966666666667,0.59
heterogeneous,57,unrelated,0.543070360175,0.143567867251,True,0.571783933625,0.533333333333,0.533333333333
heterogeneous,58,faithful,0.936631067188,0.946548001737,True,0.973274000869,0.883333333333,0.12
heterogeneous,58,offset,0.902992170949,0.983307236498,True,0.991653618249,0.716666666667,0.176666666667
heterogeneous,58,local_reversal,0.857387304753,0.975735460286,True,0.987867730143,0.95,0.626666666667
heterogeneous,58,unrelated,0.527717122301,0.0301681854466,True,0.515084092723,0.55,0.456666666667
heterogeneous,59,faithful,0.937499287509,0.951664291695,True,0.975832145848,0.85,0.09
heterogeneous,59,offset,0.870853770063,0.973957011321,True,0.986978505661,0.583333333333,0.19
heterogeneous,59,local_reversal,0.840284363095,0.980947876983,True,0.990473938491,0.916666666667,0.686666666667
heterogeneous,59,unrelated,0.558020034889,0.162289005187,True,0.581144502593,0.533333333333,0.486666666667
heterogeneous,60,faithful,0.927208699175,0.96402899725,True,0.982014498625,0.816666666667,0.126666666667
heterogeneous,60,offset,0.886915161162,0.985272759428,True,0.992636379714,0.666666666667,0.21
heterogeneous,60,local_reversal,0.836203933448,0.978457555937,True,0.989228777969,0.883333333333,0.67
heterogeneous,60,unrelated,0.508876633552,0.0451443340606,True,0.52257216703,0.516666666667,0.54
heterogeneous,61,faithful,0.942457362314,0.957080096601,True,0.9785400483,0.9,0.123333333333
heterogeneous,61,offset,0.878346404775,0.983376904806,True,0.991688452403,0.666666666667,0.25
heterogeneous,61,local_reversal,0.863472509297,0.978241697658,True,0.989120848829,0.933333333333,0.583333333333
heterogeneous,61,unrelated,0.541870438182,0.108457016163,True,0.554228508082,0.516666666667,0.47
heterogeneous,62,faithful,0.95940896916,0.966918786089,True,0.983459393044,0.933333333333,0.0866666666667
heterogeneous,62,offset,0.875046460396,0.985710423541,True,0.992855211771,0.616666666667,0.22
heterogeneous,62,local_reversal,0.86539184304,0.986861699023,True,0.993430849512,0.933333333333,0.586666666667
heterogeneous,62,unrelated,0.499854083526,0.0328469450855,True,0.516423472543,0.483333333333,0.533333333333
heterogeneous,63,faithful,0.942843442328,0.960589252206,True,0.980294626103,0.916666666667,0.143333333333
heterogeneous,63,offset,0.888102759445,0.982564753707,True,0.991282376853,0.683333333333,0.216666666667
heterogeneous,63,local_reversal,0.859655795941,0.983297097581,True,0.99164854879,0.933333333333,0.61
heterogeneous,63,unrelated,0.514282596811,0.0720531004813,True,0.536026550241,0.516666666667,0.553333333333
heterogeneous,64,faithful,0.938081558562,0.958049639653,True,0.979024819826,0.866666666667,0.113333333333
heterogeneous,64,offset,0.884561041091,0.979647914748,True,0.989823957374,0.633333333333,0.18
heterogeneous,64,local_reversal,0.862296255458,0.985431962638,True,0.992715981319,0.966666666667,0.633333333333
heterogeneous,64,unrelated,0.43120786274,-0.149307124199,True,0.4253464379,0.433333333333,0.553333333333
heterogeneous,65,faithful,0.940526848383,0.948422827943,True,0.974211413971,0.9,0.12
heterogeneous,65,offset,0.874185477436,0.973951591452,True,0.986975795726,0.616666666667,0.206666666667
heterogeneous,65,local_reversal,0.851447463603,0.980380434231,True,0.990190217115,0.916666666667,0.63
heterogeneous,65,unrelated,0.488848610788,0.0139398137385,True,0.506969906869,0.416666666667,0.493333333333
heterogeneous,66,faithful,0.95143787883,0.958126262767,True,0.979063131383,0.916666666667,0.0966666666667
heterogeneous,66,offset,0.905361379165,0.986760152772,True,0.993380076386,0.75,0.203333333333
heterogeneous,66,local_reversal,0.86889250736,0.985197246755,True,0.992598623377,0.966666666667,0.6
heterogeneous,66,unrelated,0.456825824403,-0.070580585323,True,0.464709707339,0.4,0.51
heterogeneous,67,faithful,0.953857251512,0.970635282818,True,0.985317641409,0.916666666667,0.103333333333
heterogeneous,67,offset,0.904152799079,0.989398219151,True,0.994699109576,0.733333333333,0.196666666667
heterogeneous,67,local_reversal,0.884705344787,0.986795593733,True,0.993397796867,0.933333333333,0.49
heterogeneous,67,unrelated,0.447187764096,-0.109374119681,True,0.445312940159,0.45,0.55
heterogeneous,68,faithful,0.949529565264,0.971765217546,True,0.985882608773,0.916666666667,0.126666666667
heterogeneous,68,offset,0.909852614395,0.972842047984,True,0.986421023992,0.783333333333,0.193333333333
heterogeneous,68,local_reversal,0.864442593854,0.983697535068,True,0.991848767534,0.933333333333,0.586666666667
heterogeneous,68,unrelated,0.456667287235,-0.0822201536602,True,0.45888992317,0.466666666667,0.56
heterogeneous,69,faithful,0.957895338437,0.950762239236,True,0.975381119618,0.966666666667,0.103333333333
heterogeneous,69,offset,0.866431295936,0.979215430897,True,0.989607715449,0.6,0.236666666667
heterogeneous,69,local_reversal,0.839707306488,0.97013546607,True,0.985067733035,0.95,0.706666666667
heterogeneous,69,unrelated,0.486703163436,0.0267883225647,True,0.513394161282,0.433333333333,0.54
heterogeneous,70,faithful,0.957667269805,0.970002010462,True,0.985001005231,0.933333333333,0.1
heterogeneous,70,offset,0.895929477502,0.990876036118,True,0.995438018059,0.633333333333,0.14
heterogeneous,70,local_reversal,0.874666697777,0.986666770367,True,0.993333385184,0.983333333333,0.59
heterogeneous,70,unrelated,0.440154912985,-0.126150290051,True,0.436924854975,0.35,0.46
heterogeneous,71,faithful,0.932768314464,0.942561048214,True,0.971280524107,0.866666666667,0.116666666667
heterogeneous,71,offset,0.879946516872,0.98426616735,True,0.992133083675,0.633333333333,0.21
heterogeneous,71,local_reversal,0.866380241337,0.985711915569,True,0.992855957785,0.966666666667,0.613333333333
heterogeneous,71,unrelated,0.562584332745,0.13528110915,True,0.567640554575,0.616666666667,0.506666666667
heterogeneous,72,faithful,0.941734409458,0.952448031526,True,0.976224015763,0.9,0.12
heterogeneous,72,offset,0.876629164867,0.98876388289,True,0.994381941445,0.633333333333,0.233333333333
heterogeneous,72,local_reversal,0.861605138414,0.989794905824,True,0.994897452912,0.95,0.626666666667
heterogeneous,72,unrelated,0.444600745373,-0.140219737646,True,0.429890131177,0.433333333333,0.5
heterogeneous,73,faithful,0.942100282434,0.955889830334,True,0.977944915167,0.883333333333,0.106666666667
heterogeneous,73,offset,0.89663881089,0.984351591854,True,0.992175795927,0.716666666667,0.21
heterogeneous,73,local_reversal,0.859032818589,0.983442728629,True,0.991721364314,0.9,0.58
heterogeneous,73,unrelated,0.494396925056,0.0324341946322,True,0.516217097316,0.45,0.526666666667
heterogeneous,74,faithful,0.968852403665,0.965063567771,True,0.982531783886,0.983333333333,0.0866666666667
heterogeneous,74,offset,0.889172676671,0.979464477793,True,0.989732238896,0.666666666667,0.19
heterogeneous,74,local_reversal,0.861879941351,0.984044248949,True,0.992022124474,0.9,0.566666666667
heterogeneous,74,unrelated,0.469884414559,-0.131496395916,True,0.434251802042,0.533333333333,0.486666666667
heterogeneous,75,faithful,0.956242218501,0.971918506115,True,0.985959253057,0.9,0.0766666666667
heterogeneous,75,offset,0.891352632616,0.98673099761,True,0.993365498805,0.666666666667,0.19
heterogeneous,75,local_reversal,0.862384562169,0.990170762784,True,0.995085381392,0.916666666667,0.59
heterogeneous,75,unrelated,0.546492160647,0.0971960910448,True,0.548598045522,0.6,0.513333333333
heterogeneous,76,faithful,0.951930004342,0.973100014473,True,0.986550007237,0.9,0.1
heterogeneous,76,offset,0.8859506953,0.98872453989,True,0.994362269945,0.65,0.203333333333
heterogeneous,76,local_reversal,0.874923857493,0.9853017472,True,0.9926508736,0.966666666667,0.57
heterogeneous,76,unrelated,0.431700626886,-0.156553465935,True,0.421723267033,0.416666666667,0.523333333333
heterogeneous,77,faithful,0.949956004935,0.959853349784,True,0.979926674892,0.95,0.14
heterogeneous,77,offset,0.885977170182,0.988812789496,True,0.994406394748,0.683333333333,0.236666666667
heterogeneous,77,local_reversal,0.869376739616,0.984589132054,True,0.992294566027,0.95,0.58
heterogeneous,77,unrelated,0.547054311136,0.13906992601,True,0.569534963005,0.516666666667,0.49
heterogeneous,78,faithful,0.944774027298,0.969246757662,True,0.984623378831,0.883333333333,0.113333333333
heterogeneous,78,offset,0.910967811918,0.989892706394,True,0.994946353197,0.783333333333,0.213333333333
heterogeneous,78,local_reversal,0.86746452514,0.982659528244,True,0.991329764122,0.933333333333,0.57
heterogeneous,78,unrelated,0.530146617906,0.0404887263526,True,0.520244363176,0.583333333333,0.493333333333
heterogeneous,79,faithful,0.952440447021,0.968134823405,True,0.984067411702,0.933333333333,0.123333333333
heterogeneous,79,offset,0.897057960279,0.987970978708,True,0.993985489354,0.683333333333,0.18
heterogeneous,79,local_reversal,0.861252628762,0.984175429206,True,0.992087714603,0.916666666667,0.586666666667
heterogeneous,79,unrelated,0.494064274883,0.0157698051665,True,0.507884902583,0.483333333333,0.536666666667
heterogeneous,80,faithful,0.944678405321,0.960039128849,True,0.980019564424,0.916666666667,0.133333333333
heterogeneous,80,offset,0.894965286634,0.985439844334,True,0.992719922167,0.733333333333,0.236666666667
heterogeneous,80,local_reversal,0.878127374556,0.984869026299,True,0.992434513149,0.966666666667,0.553333333333
heterogeneous,80,unrelated,0.514646528094,0.0532662047593,True,0.52663310238,0.55,0.556666666667
heterogeneous,81,faithful,0.9410561514,0.950187171333,True,0.975093585667,0.883333333333,0.103333333333
heterogeneous,81,offset,0.8753449962,0.980038876222,True,0.990019438111,0.633333333333,0.226666666667
heterogeneous,81,local_reversal,0.834665254489,0.977773070518,True,0.988886535259,0.9,0.693333333333
heterogeneous,81,unrelated,0.515089468084,-0.0119239952756,True,0.494038002362,0.566666666667,0.473333333333
heterogeneous,82,faithful,0.935263629255,0.957545430851,True,0.978772715425,0.85,0.11
heterogeneous,82,offset,0.879459488579,0.978198295262,True,0.989099147631,0.633333333333,0.203333333333
heterogeneous,82,local_reversal,0.833555981323,0.978519937744,True,0.989259968872,0.916666666667,0.716666666667
heterogeneous,82,unrelated,0.516109802981,-0.00852287895319,True,0.495738560523,0.533333333333,0.44
heterogeneous,83,faithful,0.938818599594,0.969395331979,True,0.984697665989,0.866666666667,0.126666666667
heterogeneous,83,offset,0.86395530136,0.988739893422,True,0.994369946711,0.55,0.213333333333
heterogeneous,83,local_reversal,0.851497964537,0.98054877068,True,0.99027438534,0.933333333333,0.646666666667
heterogeneous,83,unrelated,0.506667003015,-0.0399988788402,True,0.48000056058,0.616666666667,0.523333333333
heterogeneous,84,faithful,0.943759467987,0.9569760044,True,0.9784880022,0.9,0.116666666667
heterogeneous,84,offset,0.903608162529,0.983138319542,True,0.991569159771,0.733333333333,0.19
heterogeneous,84,local_reversal,0.859244200158,0.988591778304,True,0.994295889152,0.933333333333,0.62
heterogeneous,84,unrelated,0.511743477518,0.0702560361716,True,0.535128018086,0.466666666667,0.513333333333
heterogeneous,85,faithful,0.941411876974,0.960261812136,True,0.980130906068,0.883333333333,0.116666666667
heterogeneous,85,offset,0.881502458128,0.982785971539,True,0.991392985769,0.633333333333,0.2
heterogeneous,85,local_reversal,0.876769618738,0.980343173572,True,0.990171586786,0.966666666667,0.553333333333
heterogeneous,85,unrelated,0.589080438265,0.19915701644,True,0.59957850822,0.633333333333,0.486666666667
heterogeneous,86,faithful,0.972702384527,0.96456350398,True,0.98228175199,0.983333333333,0.0666666666667
heterogeneous,86,offset,0.91560977012,0.985365900399,True,0.992682950199,0.766666666667,0.166666666667
heterogeneous,86,local_reversal,0.866937421119,0.985346959287,True,0.992673479643,0.933333333333,0.576666666667
heterogeneous,86,unrelated,0.499625775998,-0.0234696355621,True,0.488265182219,0.483333333333,0.45
heterogeneous,87,faithful,0.967323053327,0.966632399977,True,0.983316199989,0.983333333333,0.0966666666667
heterogeneous,87,offset,0.879364758626,0.98454919542,True,0.99227459771,0.616666666667,0.196666666667
heterogeneous,87,local_reversal,0.854691014128,0.973414491538,True,0.986707245769,0.966666666667,0.653333333333
heterogeneous,87,unrelated,0.518470568111,0.0526796714819,True,0.526339835741,0.566666666667,0.553333333333
heterogeneous,88,faithful,0.935283826795,0.933168311539,True,0.96658415577,0.9,0.123333333333
heterogeneous,88,offset,0.890768111186,0.980338148398,True,0.990169074199,0.7,0.216666666667
heterogeneous,88,local_reversal,0.847237002454,0.975234452624,True,0.987617226312,0.95,0.676666666667
heterogeneous,88,unrelated,0.511751662609,0.0502833198063,True,0.525141659903,0.466666666667,0.483333333333
heterogeneous,89,faithful,0.956924149943,0.96308049981,True,0.981540249905,0.95,0.11
heterogeneous,89,offset,0.885405436712,0.989129233484,True,0.994564616742,0.633333333333,0.19
heterogeneous,89,local_reversal,0.863875315488,0.979584384959,True,0.98979219248,0.95,0.6
heterogeneous,89,unrelated,0.530687372536,0.071180130677,True,0.535590065338,0.5,0.453333333333
heterogeneous,90,faithful,0.947680840131,0.963380578216,True,0.981690289108,0.916666666667,0.123333333333
heterogeneous,90,offset,0.895149541169,0.983831803897,True,0.991915901949,0.7,0.2
heterogeneous,90,local_reversal,0.862190751221,0.982858059624,True,0.991429029812,0.983333333333,0.646666666667
heterogeneous,90,unrelated,0.493478576665,-0.0372936333373,True,0.481353183331,0.5,0.476666666667
heterogeneous,91,faithful,0.960205258188,0.949573082849,True,0.974786541425,0.966666666667,0.09
heterogeneous,91,offset,0.872786883484,0.980400722725,True,0.990200361363,0.633333333333,0.24
heterogeneous,91,local_reversal,0.848004210997,0.980014036657,True,0.990007018329,0.933333333333,0.663333333333
heterogeneous,91,unrelated,0.423694054751,-0.198797595274,True,0.400601202363,0.416666666667,0.5
heterogeneous,92,faithful,0.942648640986,0.948828803285,True,0.974414401643,0.916666666667,0.126666666667
heterogeneous,92,offset,0.882641978678,0.982139928927,True,0.991069964463,0.65,0.21
heterogeneous,92,local_reversal,0.857979240398,0.986597467994,True,0.993298733997,0.916666666667,0.606666666667
heterogeneous,92,unrelated,0.604471812538,0.239350486239,True,0.61967524312,0.65,0.486666666667
heterogeneous,93,faithful,0.947587337894,0.958624459648,True,0.979312229824,0.95,0.15
heterogeneous,93,offset,0.881559396012,0.985197986706,True,0.992598993353,0.65,0.22
heterogeneous,93,local_reversal,0.867756296193,0.988076542867,True,0.994038271433,0.966666666667,0.61
heterogeneous,93,unrelated,0.534524838263,0.121749460877,True,0.560874730439,0.516666666667,0.526666666667
heterogeneous,94,faithful,0.967313906746,0.964379689154,True,0.982189844577,0.966666666667,0.0766666666667
heterogeneous,94,offset,0.878761948632,0.980317606552,True,0.990158803276,0.65,0.226666666667
heterogeneous,94,local_reversal,0.862424248869,0.985858607341,True,0.99292930367,0.966666666667,0.633333333333
heterogeneous,94,unrelated,0.487684504642,-0.0477183178586,True,0.476140841071,0.516666666667,0.506666666667
heterogeneous,95,faithful,0.942067107678,0.969112581148,True,0.984556290574,0.85,0.0933333333333
heterogeneous,95,offset,0.899345613131,0.988929821547,True,0.994464910773,0.7,0.186666666667
heterogeneous,95,local_reversal,0.866763551712,0.984767394596,True,0.992383697298,0.966666666667,0.61
heterogeneous,95,unrelated,0.457859137035,-0.0449139876624,True,0.477543006169,0.383333333333,0.526666666667
heterogeneous,96,faithful,0.962149576012,0.971609697818,True,0.985804848909,0.933333333333,0.08
heterogeneous,96,offset,0.917229136514,0.988541566158,True,0.994270783079,0.783333333333,0.18
heterogeneous,96,local_reversal,0.866535923133,0.984008632665,True,0.992004316332,0.95,0.593333333333
heterogeneous,96,unrelated,0.530596961303,0.0442120932332,True,0.522106046617,0.566666666667,0.48
heterogeneous,97,faithful,0.952406527743,0.972466203587,True,0.986233101793,0.916666666667,0.113333333333
heterogeneous,97,offset,0.932748172843,0.989160576142,True,0.994580288071,0.85,0.17
heterogeneous,97,local_reversal,0.897763358013,0.988100082265,True,0.994050041132,0.983333333333,0.476666666667
heterogeneous,97,unrelated,0.560689019409,0.0956300646975,True,0.547815032349,0.666666666667,0.506666666667
heterogeneous,98,faithful,0.952115223536,0.96705074512,True,0.98352537256,0.916666666667,0.106666666667
heterogeneous,98,offset,0.897220557854,0.988512970624,True,0.994256485312,0.7,0.196666666667
heterogeneous,98,local_reversal,0.867551280125,0.991837600417,True,0.995918800209,0.966666666667,0.616666666667
heterogeneous,98,unrelated,0.490009564069,-0.0221903419921,True,0.488904829004,0.483333333333,0.5
heterogeneous,99,faithful,0.960038607519,0.966795358397,True,0.983397679199,0.95,0.1
heterogeneous,99,offset,0.872580934653,0.988603115511,True,0.994301557755,0.616666666667,0.236666666667
heterogeneous,99,local_reversal,0.879718547576,0.987950714142,True,0.993975357071,0.933333333333,0.516666666667
heterogeneous,99,unrelated,0.544703644669,0.0912343711186,True,0.545617185559,0.6,0.513333333333
noisy,0,faithful,0.901061809603,0.901317143121,True,0.95065857156,0.883333333333,0.23
noisy,0,offset,0.866516501153,0.92172167051,True,0.960860835255,0.733333333333,0.283333333333
noisy,0,local_reversal,0.893078314373,0.943594381242,True,0.971797190621,0.9,0.35
noisy,0,unrelated,0.499756944239,-0.0430324080918,True,0.478483795954,0.533333333333,0.47
noisy,1,faithful,0.90071653534,0.9090551178,True,0.9545275589,0.866666666667,0.226666666667
noisy,1,offset,0.864298026782,0.914326755939,True,0.95716337797,0.75,0.3
noisy,1,local_reversal,0.894706144363,0.924576036766,True,0.962288018383,0.933333333333,0.346666666667
noisy,1,unrelated,0.531925130688,0.0486393245159,True,0.524319662258,0.533333333333,0.446666666667
noisy,2,faithful,0.883043506806,0.872367244909,True,0.936183622455,0.833333333333,0.226666666667
noisy,2,offset,0.830602847342,0.877565046696,True,0.938782523348,0.633333333333,0.296666666667
noisy,2,local_reversal,0.862872319319,0.876241064398,True,0.938120532199,0.85,0.35
noisy,2,unrelated,0.477796053243,-0.0895687114121,True,0.455215644294,0.516666666667,0.493333333333
noisy,3,faithful,0.872329665072,0.878876661351,True,0.939438330675,0.816666666667,0.273333333333
noisy,3,offset,0.845458569281,0.889306342048,True,0.944653171024,0.7,0.306666666667
noisy,3,local_reversal,0.842779203396,0.882597344654,True,0.941298672327,0.783333333333,0.393333333333
noisy,3,unrelated,0.567329900065,0.144433000217,True,0.572216500109,0.566666666667,0.446666666667
noisy,4,faithful,0.928888149448,0.940738275936,True,0.970369137968,0.966666666667,0.233333333333
noisy,4,offset,0.862404534258,0.941348447526,True,0.970674223763,0.666666666667,0.266666666667
noisy,4,local_reversal,0.867126734163,0.917089113878,True,0.958544556939,0.8,0.34
noisy,4,unrelated,0.467672581328,-0.105535840017,True,0.447232079991,0.483333333333,0.486666666667
noisy,5,faithful,0.863035993701,0.852342201224,True,0.926171100612,0.816666666667,0.28
noisy,5,offset,0.844202306773,0.87178546702,True,0.93589273351,0.7,0.286666666667
noisy,5,local_reversal,0.86486149391,0.882871646367,True,0.941435823184,0.866666666667,0.366666666667
noisy,5,unrelated,0.587565445883,0.174107041833,True,0.587053520916,0.6,0.423333333333
noisy,6,faithful,0.840636907507,0.822123025022,True,0.911061512511,0.75,0.28
noisy,6,offset,0.805772042152,0.801462362729,True,0.900731181365,0.683333333333,0.356666666667
noisy,6,local_reversal,0.856542722148,0.872920184937,True,0.936460092469,0.866666666667,0.393333333333
noisy,6,unrelated,0.482759453811,-0.0196907095198,True,0.49015464524,0.4,0.456666666667
noisy,7,faithful,0.854725465512,0.831307107262,True,0.915653553631,0.8,0.273333333333
noisy,7,offset,0.815348297087,0.848938768068,True,0.924469384034,0.616666666667,0.313333333333
noisy,7,local_reversal,0.848505115806,0.903905941575,True,0.951952970788,0.8,0.413333333333
noisy,7,unrelated,0.514468500219,0.0504505562872,True,0.525225278144,0.45,0.453333333333
noisy,8,faithful,0.857133264454,0.890444214847,True,0.945222107424,0.716666666667,0.266666666667
noisy,8,offset,0.839932042604,0.888662364237,True,0.944331182119,0.666666666667,0.3
noisy,8,local_reversal,0.848971654625,0.89212773764,True,0.94606386882,0.8,0.393333333333
noisy,8,unrelated,0.453265985925,-0.120224491363,True,0.439887754319,0.433333333333,0.486666666667
noisy,9,faithful,0.872241926422,0.878584199186,True,0.939292099593,0.783333333333,0.24
noisy,9,offset,0.864505991931,0.910575528657,True,0.955287764329,0.733333333333,0.276666666667
noisy,9,local_reversal,0.873914249899,0.915269721886,True,0.957634860943,0.85,0.353333333333
noisy,9,unrelated,0.512784351547,0.0537256162664,True,0.526862808133,0.466666666667,0.483333333333
noisy,10,faithful,0.898417880691,0.905837380082,True,0.952918690041,0.866666666667,0.233333333333
noisy,10,offset,0.859878617632,0.872928725441,True,0.93646436272,0.783333333333,0.293333333333
noisy,10,local_reversal,0.86973671655,0.894677944057,True,0.947338972028,0.833333333333,0.326666666667
noisy,10,unrelated,0.563901846023,0.153006153409,True,0.576503076704,0.55,0.46
noisy,11,faithful,0.890658921459,0.89775196042,True,0.94887598021,0.866666666667,0.26
noisy,11,offset,0.833605983779,0.85201994593,True,0.926009972965,0.733333333333,0.343333333333
noisy,11,local_reversal,0.854850203522,0.900611789516,True,0.950305894758,0.8,0.376666666667
noisy,11,unrelated,0.581902258792,0.121896418196,True,0.560948209098,0.65,0.423333333333
noisy,12,faithful,0.842037234575,0.820124115249,True,0.910062057625,0.8,0.32
noisy,12,offset,0.826746679595,0.886933376427,True,0.943466688213,0.65,0.346666666667
noisy,12,local_reversal,0.849600157932,0.847556081997,True,0.923778040999,0.866666666667,0.39
noisy,12,unrelated,0.532186424131,0.0250658582154,True,0.512532929108,0.533333333333,0.41
noisy,13,faithful,0.895151693495,0.894950089427,True,0.947475044714,0.883333333333,0.25
noisy,13,offset,0.809590137684,0.856411570059,True,0.928205785029,0.633333333333,0.37
noisy,13,local_reversal,0.872557531388,0.910747326848,True,0.955373663424,0.833333333333,0.336666666667
noisy,13,unrelated,0.543571659714,0.0519055323797,True,0.52595276619,0.566666666667,0.426666666667
noisy,14,faithful,0.876614154614,0.877602737603,True,0.938801368801,0.85,0.283333333333
noisy,14,offset,0.858511336079,0.866148898042,True,0.933074449021,0.766666666667,0.273333333333
noisy,14,local_reversal,0.842203863617,0.869568434279,True,0.934784217139,0.766666666667,0.36
noisy,14,unrelated,0.532137845411,-0.0017627375196,True,0.49911863124,0.583333333333,0.42
noisy,15,faithful,0.873562987303,0.874098846566,True,0.937049423283,0.783333333333,0.226666666667
noisy,15,offset,0.853752017352,0.908062280064,True,0.954031140032,0.75,0.343333333333
noisy,15,local_reversal,0.866771602262,0.880349785319,True,0.94017489266,0.866666666667,0.353333333333
noisy,15,unrelated,0.480190371692,-0.0482543165815,True,0.475872841709,0.45,0.476666666667
noisy,16,faithful,0.84048776773,0.779403670213,True,0.889701835106,0.8,0.266666666667
noisy,16,offset,0.817850016162,0.861722276096,True,0.930861138048,0.616666666667,0.32
noisy,16,local_reversal,0.851803132127,0.8837882182,True,0.9418941091,0.833333333333,0.4
noisy,16,unrelated,0.580687376045,0.168957920148,True,0.584478960074,0.6,0.45
noisy,17,faithful,0.891037473824,0.885680468303,True,0.942840234152,0.9,0.273333333333
noisy,17,offset,0.85354171274,0.922916820246,True,0.961458410123,0.7,0.316666666667
noisy,17,local_reversal,0.871513241035,0.873933025671,True,0.936966512835,0.933333333333,0.386666666667
noisy,17,unrelated,0.561984031269,0.13328010423,True,0.566640052115,0.583333333333,0.473333333333
noisy,18,faithful,0.859615332332,0.820939996663,True,0.910469998331,0.816666666667,0.25
noisy,18,offset,0.836256878285,0.898634038728,True,0.949317019364,0.65,0.316666666667
noisy,18,local_reversal,0.891262276974,0.901985367692,True,0.950992683846,0.916666666667,0.313333333333
noisy,18,unrelated,0.502285253068,0.0676175102268,True,0.533808755113,0.416666666667,0.506666666667
noisy,19,faithful,0.851322569435,0.811075231451,True,0.905537615726,0.783333333333,0.243333333333
noisy,19,offset,0.817908095304,0.853026984348,True,0.926513492174,0.633333333333,0.323333333333
noisy,19,local_reversal,0.849718328949,0.84350554094,True,0.92175277047,0.85,0.366666666667
noisy,19,unrelated,0.514760258296,0.0469786387652,True,0.523489319383,0.483333333333,0.48
noisy,20,faithful,0.911834229198,0.919447430659,True,0.959723715329,0.9,0.22
noisy,20,offset,0.861756858557,0.903633972967,True,0.951816986484,0.716666666667,0.263333333333
noisy,20,local_reversal,0.894367816456,0.921226054852,True,0.960613027426,0.933333333333,0.343333333333
noisy,20,unrelated,0.524792348843,0.01375227392,True,0.50687613696,0.583333333333,0.48
noisy,21,faithful,0.863320029163,0.831066763876,True,0.915533381938,0.85,0.28
noisy,21,offset,0.856087570509,0.90473634614,True,0.95236817307,0.7,0.276666666667
noisy,21,local_reversal,0.865892984648,0.895198837715,True,0.947599418857,0.866666666667,0.38
noisy,21,unrelated,0.500814559746,0.0049374213751,True,0.502468710688,0.433333333333,0.436666666667
noisy,22,faithful,0.853894949043,0.852983163478,True,0.926491581739,0.8,0.31
noisy,22,offset,0.840647906234,0.888826354114,True,0.944413177057,0.683333333333,0.313333333333
noisy,22,local_reversal,0.859316219159,0.87772073053,True,0.938860365265,0.833333333333,0.353333333333
noisy,22,unrelated,0.528317251172,0.0832797261305,True,0.541639863065,0.483333333333,0.466666666667
noisy,23,faithful,0.886661480952,0.906649380951,True,0.953324690475,0.816666666667,0.243333333333
noisy,23,offset,0.840643863374,0.904368433468,True,0.952184216734,0.633333333333,0.286666666667
noisy,23,local_reversal,0.844194429528,0.887314765093,True,0.943657382547,0.766666666667,0.376666666667
noisy,23,unrelated,0.511622436292,-0.00570299013636,True,0.497148504932,0.55,0.483333333333
noisy,24,faithful,0.897354491827,0.922292750534,True,0.961146375267,0.85,0.246666666667
noisy,24,offset,0.824943442609,0.869811475362,True,0.934905737681,0.616666666667,0.296666666667
noisy,24,local_reversal,0.855167845845,0.875003930595,True,0.937501965298,0.833333333333,0.37
noisy,24,unrelated,0.549534042537,0.0895579195676,True,0.544778959784,0.633333333333,0.52
noisy,25,faithful,0.893433054945,0.902554627593,True,0.951277313797,0.866666666667,0.253333333333
noisy,25,offset,0.842104820937,0.911460514236,True,0.955730257118,0.65,0.306666666667
noisy,25,local_reversal,0.863532017005,0.905106723349,True,0.952553361674,0.833333333333,0.373333333333
noisy,25,unrelated,0.544063812418,0.0846571525048,True,0.542328576252,0.55,0.456666666667
noisy,26,faithful,0.87884516032,0.878372756623,True,0.939186378311,0.883333333333,0.306666666667
noisy,26,offset,0.842595019555,0.888650065183,True,0.944325032591,0.733333333333,0.353333333333
noisy,26,local_reversal,0.882066041687,0.9046645834,True,0.9523322917,0.9,0.346666666667
noisy,26,unrelated,0.438737236434,-0.201986989664,True,0.399006505168,0.516666666667,0.52
noisy,27,faithful,0.919208017187,0.919582279512,True,0.959791139756,0.916666666667,0.2
noisy,27,offset,0.857350253879,0.904500846264,True,0.952250423132,0.7,0.27
noisy,27,local_reversal,0.897854558379,0.92173741682,True,0.96086870841,0.933333333333,0.326666666667
noisy,27,unrelated,0.559004864429,0.170016214762,True,0.585008107381,0.5,0.46
noisy,28,faithful,0.877873796208,0.848468209582,True,0.924234104791,0.85,0.233333333333
noisy,28,offset,0.809286381149,0.862065714943,True,0.931032857471,0.583333333333,0.33
noisy,28,local_reversal,0.876962990121,0.878765522625,True,0.939382761312,0.9,0.333333333333
noisy,28,unrelated,0.517490312155,0.0249677071834,True,0.512483853592,0.55,0.5
noisy,29,faithful,0.873470214243,0.864900714144,True,0.932450357072,0.866666666667,0.296666666667
noisy,29,offset,0.837535784388,0.86289705907,True,0.931448529535,0.716666666667,0.323333333333
noisy,29,local_reversal,0.876601362467,0.893115652666,True,0.946557826333,0.9,0.356666666667
noisy,29,unrelated,0.509887311918,0.0262910397252,True,0.513145519863,0.466666666667,0.456666666667
noisy,30,faithful,0.889620750048,0.876513611271,True,0.938256805636,0.866666666667,0.233333333333
noisy,30,offset,0.82087577864,0.840697039913,True,0.920348519956,0.65,0.306666666667
noisy,30,local_reversal,0.864215991813,0.887386639375,True,0.943693319688,0.866666666667,0.376666666667
noisy,30,unrelated,0.530067973354,0.0446710222903,True,0.522335511145,0.533333333333,0.45
noisy,31,faithful,0.846193605194,0.787312017314,True,0.893656008657,0.8,0.25
noisy,31,offset,0.8091163124,0.865943263555,True,0.932971631778,0.583333333333,0.336666666667
noisy,31,local_reversal,0.850903565954,0.843011886515,True,0.921505943257,0.85,0.36
noisy,31,unrelated,0.577409786402,0.175810399118,True,0.587905199559,0.583333333333,0.46
noisy,32,faithful,0.867202564368,0.886230770117,True,0.943115385058,0.816666666667,0.31
noisy,32,offset,0.817253181127,0.888621714869,True,0.944310857434,0.6,0.346666666667
noisy,32,local_reversal,0.870389745304,0.914632484347,True,0.957316242174,0.833333333333,0.353333333333
noisy,32,unrelated,0.575958718884,0.222084618502,True,0.611042309251,0.516666666667,0.47
noisy,33,faithful,0.834010271654,0.786700905512,True,0.893350452756,0.75,0.26
noisy,33,offset,0.812697138945,0.835657129818,True,0.917828564909,0.65,0.34
noisy,33,local_reversal,0.833931056798,0.850881300439,True,0.925440650219,0.8,0.406666666667
noisy,33,unrelated,0.463097316884,-0.0541200548326,True,0.472939972584,0.4,0.503333333333
noisy,34,faithful,0.881773128414,0.877021539158,True,0.938510769579,0.866666666667,0.273333333333
noisy,34,offset,0.808953851593,0.849846171976,True,0.924923085988,0.6,0.33
noisy,34,local_reversal,0.840522284846,0.886185393931,True,0.943092696966,0.766666666667,0.393333333333
noisy,34,unrelated,0.560708842174,0.162362807247,True,0.581181403623,0.516666666667,0.456666666667
noisy,35,faithful,0.883215737752,0.888496903616,True,0.944248451808,0.816666666667,0.233333333333
noisy,35,offset,0.859249855427,0.915277295867,True,0.957638647933,0.7,0.276666666667
noisy,35,local_reversal,0.878171266746,0.929459778044,True,0.964729889022,0.85,0.353333333333
noisy,35,unrelated,0.610155217728,0.296072947982,True,0.648036473991,0.583333333333,0.476666666667
noisy,36,faithful,0.852619703223,0.824287899633,True,0.912143949816,0.783333333333,0.256666666667
noisy,36,offset,0.817761865146,0.828095106041,True,0.91404755302,0.683333333333,0.336666666667
noisy,36,local_reversal,0.848059518333,0.882420616664,True,0.941210308332,0.833333333333,0.416666666667
noisy,36,unrelated,0.547701010776,0.0856700359207,True,0.54283501796,0.55,0.44
noisy,37,faithful,0.854427392341,0.812535752247,True,0.906267876123,0.85,0.296666666667
noisy,37,offset,0.847172284085,0.861685391394,True,0.930842695697,0.716666666667,0.273333333333
noisy,37,local_reversal,0.857318770531,0.875507012881,True,0.937753506441,0.9,0.426666666667
noisy,37,unrelated,0.522954441992,0.0387370288633,True,0.519368514432,0.5,0.443333333333
noisy,38,faithful,0.864913027347,0.876376757824,True,0.938188378912,0.8,0.29
noisy,38,offset,0.810674871465,0.857805127106,True,0.928902563553,0.633333333333,0.366666666667
noisy,38,local_reversal,0.836069695679,0.83134343004,True,0.91567171502,0.833333333333,0.4
noisy,38,unrelated,0.611412133166,0.289151554999,True,0.644575777499,0.566666666667,0.443333333333
noisy,39,faithful,0.838626554732,0.815421849107,True,0.907710924553,0.8,0.33
noisy,39,offset,0.81331733892,0.842168907511,True,0.921084453756,0.633333333333,0.33
noisy,39,local_reversal,0.86560217819,0.885340593967,True,0.942670296984,0.866666666667,0.366666666667
noisy,39,unrelated,0.547826193629,0.0527539787645,True,0.526376989382,0.616666666667,0.456666666667
noisy,40,faithful,0.873276814337,0.862033825567,True,0.931016912783,0.816666666667,0.243333333333
noisy,40,offset,0.838290581916,0.914301939719,True,0.95715096986,0.65,0.33
noisy,40,local_reversal,0.889153090036,0.919399189009,True,0.959699594505,0.916666666667,0.35
noisy,40,unrelated,0.538607271433,0.115357571444,True,0.557678785722,0.483333333333,0.463333333333
noisy,41,faithful,0.872464514298,0.870437269883,True,0.935218634941,0.833333333333,0.276666666667
noisy,41,offset,0.865036501731,0.907899450215,True,0.953949725108,0.75,0.286666666667
noisy,41,local_reversal,0.852359484919,0.858976060842,True,0.929488030421,0.833333333333,0.36
noisy,41,unrelated,0.614856748607,0.293966939802,True,0.646983469901,0.566666666667,0.433333333333
noisy,42,faithful,0.843314806383,0.81104935461,True,0.905524677305,0.783333333333,0.283333333333
noisy,42,offset,0.845301652432,0.855449952552,True,0.927724976276,0.733333333333,0.29
noisy,42,local_reversal,0.854806895988,0.873800764406,True,0.936900382203,0.866666666667,0.403333333333
noisy,42,unrelated,0.606760416383,0.266979165722,True,0.633489582861,0.55,0.416666666667
noisy,43,faithful,0.858886430758,0.831843658083,True,0.915921829041,0.833333333333,0.286666666667
noisy,43,offset,0.839217687625,0.861836736528,True,0.930918368264,0.716666666667,0.313333333333
noisy,43,local_reversal,0.854387338597,0.841291128657,True,0.920645564328,0.85,0.34
noisy,43,unrelated,0.497087962217,0.00362654072415,True,0.501813270362,0.45,0.47
noisy,44,faithful,0.889324589243,0.873304186365,True,0.936652093182,0.9,0.263333333333
noisy,44,offset,0.840264478052,0.880881593505,True,0.940440796753,0.683333333333,0.303333333333
noisy,44,local_reversal,0.87660747576,0.897580474756,True,0.948790237378,0.9,0.363333333333
noisy,44,unrelated,0.509889614345,0.0129653811493,True,0.506482690575,0.5,0.47
noisy,45,faithful,0.829446060544,0.82259797959,True,0.911298989795,0.766666666667,0.353333333333
noisy,45,offset,0.82782360718,0.868300912821,True,0.93415045641,0.633333333333,0.296666666667
noisy,45,local_reversal,0.858998409446,0.876661364821,True,0.938330682411,0.85,0.37
noisy,45,unrelated,0.537485005948,0.0716166864926,True,0.535808343246,0.516666666667,0.436666666667
noisy,46,faithful,0.893630481216,0.863212715166,True,0.931606357583,0.933333333333,0.26
noisy,46,offset,0.863084701756,0.910282339187,True,0.955141169593,0.716666666667,0.266666666667
noisy,46,local_reversal,0.889540728711,0.900691317926,True,0.950345658963,0.933333333333,0.336666666667
noisy,46,unrelated,0.617668481533,0.323339382886,True,0.661669691443,0.533333333333,0.43
noisy,47,faithful,0.857935267294,0.828673113203,True,0.914336556601,0.833333333333,0.286666666667
noisy,47,offset,0.84872182206,0.886850517979,True,0.943425258989,0.716666666667,0.303333333333
noisy,47,local_reversal,0.869515816425,0.907274943637,True,0.953637471819,0.833333333333,0.346666666667
noisy,47,unrelated,0.572901025976,0.140781197698,True,0.570390598849,0.616666666667,0.463333333333
noisy,48,faithful,0.886342347947,0.907807826491,True,0.953903913245,0.816666666667,0.246666666667
noisy,48,offset,0.800589932991,0.877521998859,True,0.938760999429,0.55,0.363333333333
noisy,48,local_reversal,0.861187337217,0.908402235168,True,0.954201117584,0.8,0.356666666667
noisy,48,unrelated,0.582212339264,0.174041130881,True,0.58702056544,0.566666666667,0.416666666667
noisy,49,faithful,0.893062905693,0.903543018978,True,0.951771509489,0.883333333333,0.273333333333
noisy,49,offset,0.862213143643,0.902932701032,True,0.951466350516,0.75,0.293333333333
noisy,49,local_reversal,0.85376247315,0.881430466057,True,0.940715233028,0.833333333333,0.386666666667
noisy,49,unrelated,0.572553456561,0.170733744092,True,0.585366872046,0.566666666667,0.46
noisy,50,faithful,0.89259287796,0.917531815421,True,0.95876590771,0.833333333333,0.246666666667
noisy,50,offset,0.788062837986,0.860209459953,True,0.930104729976,0.516666666667,0.366666666667
noisy,50,local_reversal,0.867776915478,0.919256384926,True,0.959628192463,0.833333333333,0.373333333333
noisy,50,unrelated,0.524571745559,0.101905818531,True,0.550952909265,0.45,0.48
noisy,51,faithful,0.858051566394,0.862394110202,True,0.931197055101,0.8,0.303333333333
noisy,51,offset,0.828296395285,0.832099095394,True,0.916049547697,0.716666666667,0.323333333333
noisy,51,local_reversal,0.822817085369,0.878279173452,True,0.939139586726,0.75,0.453333333333
noisy,51,unrelated,0.540970167981,0.11212278216,True,0.55606139108,0.5,0.463333333333
noisy,52,faithful,0.850411238104,0.870259682567,True,0.935129841284,0.783333333333,0.336666666667
noisy,52,offset,0.826524214371,0.870636270125,True,0.935318135062,0.65,0.323333333333
noisy,52,local_reversal,0.840510228682,0.837256317829,True,0.918628158914,0.866666666667,0.42
noisy,52,unrelated,0.509802006892,0.0504511340839,True,0.525225567042,0.466666666667,0.493333333333
noisy,53,faithful,0.875543504054,0.891811680181,True,0.945905840091,0.833333333333,0.293333333333
noisy,53,offset,0.83648610354,0.908287011799,True,0.954143505899,0.65,0.33
noisy,53,local_reversal,0.872036725595,0.873455751985,True,0.936727875992,0.866666666667,0.316666666667
noisy,53,unrelated,0.530676323927,0.0644766353125,True,0.532238317656,0.5,0.443333333333
noisy,54,faithful,0.846456939326,0.801523131085,True,0.900761565543,0.85,0.32
noisy,54,offset,0.826462454821,0.874874849404,True,0.937437424702,0.633333333333,0.313333333333
noisy,54,local_reversal,0.860948154611,0.878716070925,True,0.939358035462,0.833333333333,0.346666666667
noisy,54,unrelated,0.481794539916,-0.0140182002803,True,0.49299089986,0.433333333333,0.503333333333
noisy,55,faithful,0.914643881076,0.911035159144,True,0.955517579572,0.933333333333,0.226666666667
noisy,55,offset,0.853893808396,0.908534916875,True,0.954267458438,0.7,0.293333333333
noisy,55,local_reversal,0.887153748673,0.926068051132,True,0.963034025566,0.9,0.353333333333
noisy,55,unrelated,0.562104749513,0.151460276154,True,0.575730138077,0.533333333333,0.45
noisy,56,faithful,0.905958436148,0.902083676049,True,0.951041838024,0.883333333333,0.206666666667
noisy,56,offset,0.821405479576,0.886907154144,True,0.943453577072,0.616666666667,0.34
noisy,56,local_reversal,0.858836469739,0.911677121354,True,0.955838560677,0.816666666667,0.39
noisy,56,unrelated,0.531077687617,0.0791478476128,True,0.539573923806,0.5,0.463333333333
noisy,57,faithful,0.862255139314,0.843072686601,True,0.921536343301,0.85,0.303333333333
noisy,57,offset,0.810715459559,0.849051531864,True,0.924525765932,0.616666666667,0.336666666667
noisy,57,local_reversal,0.87971570264,0.885719008801,True,0.942859504401,0.9,0.33
noisy,57,unrelated,0.508841833282,0.0361394442744,True,0.518069722137,0.483333333333,0.493333333333
noisy,58,faithful,0.828602761595,0.773120316427,True,0.886560158214,0.733333333333,0.25
noisy,58,offset,0.791281773419,0.85982813362,True,0.92991406681,0.533333333333,0.366666666667
noisy,58,local_reversal,0.814319046999,0.794396823331,True,0.897198411666,0.816666666667,0.436666666667
noisy,58,unrelated,0.546848679564,0.10282893188,True,0.55141446594,0.583333333333,0.503333333333
noisy,59,faithful,0.879740287766,0.856912070331,True,0.928456035165,0.866666666667,0.253333333333
noisy,59,offset,0.861007463013,0.912247098932,True,0.956123549466,0.7,0.263333333333
noisy,59,local_reversal,0.854947392222,0.860935751851,True,0.930467875925,0.85,0.366666666667
noisy,59,unrelated,0.467257675739,-0.0624744142046,True,0.468762792898,0.45,0.52
noisy,60,faithful,0.886071610258,0.875794256416,True,0.937897128208,0.883333333333,0.266666666667
noisy,60,offset,0.861901138712,0.901892684595,True,0.950946342297,0.766666666667,0.31
noisy,60,local_reversal,0.884906381113,0.90746571482,True,0.95373285741,0.883333333333,0.32
noisy,60,unrelated,0.569988522883,0.219961742944,True,0.609980871472,0.483333333333,0.463333333333
noisy,61,faithful,0.90104154338,0.885694033489,True,0.942847016745,0.95,0.273333333333
noisy,61,offset,0.866443602207,0.90814534069,True,0.954072670345,0.75,0.28
noisy,61,local_reversal,0.881620670646,0.892068902152,True,0.946034451076,0.9,0.33
noisy,61,unrelated,0.568590961929,0.15530320643,True,0.577651603215,0.55,0.44
noisy,62,faithful,0.845156014594,0.794964493092,True,0.897482246546,0.8,0.266666666667
noisy,62,offset,0.840013278875,0.886710929584,True,0.943355464792,0.7,0.33
noisy,62,local_reversal,0.876588398437,0.897516883679,True,0.948758441839,0.883333333333,0.346666666667
noisy,62,unrelated,0.529275423596,0.07758474532,True,0.53879237266,0.516666666667,0.486666666667
noisy,63,faithful,0.862697299595,0.875657665318,True,0.937828832659,0.75,0.25
noisy,63,offset,0.814399736938,0.792443567571,True,0.896221783785,0.666666666667,0.283333333333
noisy,63,local_reversal,0.829196135427,0.888431562534,True,0.944215781267,0.733333333333,0.42
noisy,63,unrelated,0.536436054659,0.0458979599747,True,0.522948979987,0.566666666667,0.453333333333
noisy,64,faithful,0.822618851228,0.788729504093,True,0.894364752047,0.716666666667,0.286666666667
noisy,64,offset,0.822822474803,0.864963804898,True,0.932481902449,0.633333333333,0.316666666667
noisy,64,local_reversal,0.812460434593,0.803757004198,True,0.901878502099,0.766666666667,0.41
noisy,64,unrelated,0.499740032853,-0.00531100159989,True,0.4973444992,0.466666666667,0.46
noisy,65,faithful,0.875410639872,0.882479910684,True,0.941239955342,0.8,0.246666666667
noisy,65,offset,0.871352535828,0.922286230539,True,0.961143115269,0.716666666667,0.243333333333
noisy,65,local_reversal,0.891598512263,0.916439485321,True,0.958219742661,0.883333333333,0.3
noisy,65,unrelated,0.573184403527,0.128392456201,True,0.564196228101,0.6,0.426666666667
noisy,66,faithful,0.879083805409,0.861390462475,True,0.930695231238,0.866666666667,0.263333333333
noisy,66,offset,0.836490585057,0.850524172413,True,0.925262086207,0.716666666667,0.31
noisy,66,local_reversal,0.865723829018,0.881301652283,True,0.940650826141,0.866666666667,0.36
noisy,66,unrelated,0.533136707574,0.0749001363586,True,0.537450068179,0.5,0.446666666667
noisy,67,faithful,0.867001560977,0.867782981034,True,0.933891490517,0.816666666667,0.283333333333
noisy,67,offset,0.826543401912,0.901811339706,True,0.950905669853,0.6,0.32
noisy,67,local_reversal,0.862999627458,0.84777653597,True,0.923888267985,0.866666666667,0.323333333333
noisy,67,unrelated,0.565715084351,0.136828058946,True,0.568414029473,0.566666666667,0.443333333333
noisy,68,faithful,0.877913756306,0.884156965464,True,0.942078482732,0.833333333333,0.27
noisy,68,offset,0.86623136255,0.922993430723,True,0.961496715361,0.75,0.303333333333
noisy,68,local_reversal,0.882052441453,0.929063693733,True,0.964531846867,0.85,0.333333333333
noisy,68,unrelated,0.475968156747,-0.055661699731,True,0.472169150135,0.466666666667,0.503333333333
noisy,69,faithful,0.878593186107,0.881977287023,True,0.940988643512,0.866666666667,0.296666666667
noisy,69,offset,0.82863262379,0.839886523744,True,0.919943261872,0.65,0.266666666667
noisy,69,local_reversal,0.849461529355,0.880427320073,True,0.940213660037,0.816666666667,0.39
noisy,69,unrelated,0.497461809749,-0.0484606341697,True,0.475769682915,0.516666666667,0.456666666667
noisy,70,faithful,0.815267613326,0.78200315553,True,0.891001577765,0.683333333333,0.28
noisy,70,offset,0.819931607645,0.87532758104,True,0.93766379052,0.633333333333,0.346666666667
noisy,70,local_reversal,0.839083369928,0.854722344203,True,0.927361172102,0.8,0.386666666667
noisy,70,unrelated,0.457122639377,-0.12292453541,True,0.438537732295,0.483333333333,0.513333333333
noisy,71,faithful,0.838137003305,0.822678899905,True,0.911339449952,0.75,0.293333333333
noisy,71,offset,0.822057294283,0.864635425386,True,0.932317712693,0.633333333333,0.32
noisy,71,local_reversal,0.841481934197,0.84716200288,True,0.92358100144,0.816666666667,0.38
noisy,71,unrelated,0.563897532157,0.164102884968,True,0.582051442484,0.516666666667,0.443333333333
noisy,72,faithful,0.859242655033,0.873031072332,True,0.936515536166,0.766666666667,0.28
noisy,72,offset,0.85048774651,0.899403599479,True,0.94970179974,0.666666666667,0.263333333333
noisy,72,local_reversal,0.85070328922,0.873455408512,True,0.936727704256,0.833333333333,0.39
noisy,72,unrelated,0.563493482151,0.160533829391,True,0.580266914696,0.566666666667,0.49
noisy,73,faithful,0.902628204125,0.919871791528,True,0.959935895764,0.866666666667,0.233333333333
noisy,73,offset,0.85632053481,0.861068449368,True,0.930534224684,0.75,0.26
noisy,73,local_reversal,0.866078824922,0.893596083074,True,0.946798041537,0.85,0.36
noisy,73,unrelated,0.587027601352,0.18342533784,True,0.59171266892,0.616666666667,0.456666666667
noisy,74,faithful,0.88281548427,0.873829392012,True,0.936914696006,0.866666666667,0.263333333333
noisy,74,offset,0.858364646335,0.88788215445,True,0.943941077225,0.766666666667,0.306666666667
noisy,74,local_reversal,0.880578632746,0.879706553598,True,0.939853276799,0.883333333333,0.3
noisy,74,unrelated,0.552425422092,0.0947514069723,True,0.547375703486,0.6,0.48
noisy,75,faithful,0.859111576434,0.845927477001,True,0.9229637385,0.8,0.273333333333
noisy,75,offset,0.835933833893,0.899779446311,True,0.949889723156,0.683333333333,0.353333333333
noisy,75,local_reversal,0.872654490507,0.888848301692,True,0.944424150846,0.85,0.32
noisy,75,unrelated,0.473179387959,-0.0582909290257,True,0.470854535487,0.45,0.496666666667
noisy,76,faithful,0.875772128529,0.85924042843,True,0.929620214215,0.9,0.31
noisy,76,offset,0.833077840286,0.896926134287,True,0.948463067143,0.666666666667,0.346666666667
noisy,76,local_reversal,0.87257666658,0.904144444157,True,0.952072222079,0.883333333333,0.376666666667
noisy,76,unrelated,0.458243024121,-0.116967697373,True,0.441516151313,0.466666666667,0.5
noisy,77,faithful,0.873936058086,0.870897971397,True,0.935448985698,0.816666666667,0.253333333333
noisy,77,offset,0.852056866152,0.860189553839,True,0.93009477692,0.766666666667,0.296666666667
noisy,77,local_reversal,0.846894636919,0.869648789731,True,0.934824394865,0.8,0.37
noisy,77,unrelated,0.504036920097,-0.0176547107864,True,0.491172644607,0.5,0.453333333333
noisy,78,faithful,0.857839910817,0.846133036057,True,0.923066518029,0.8,0.28
noisy,78,offset,0.789081056159,0.82360352053,True,0.911801760265,0.566666666667,0.356666666667
noisy,78,local_reversal,0.847705577471,0.865685258236,True,0.932842629118,0.833333333333,0.393333333333
noisy,78,unrelated,0.552934379626,0.14089237653,True,0.570446188265,0.5,0.446666666667
noisy,79,faithful,0.840630549832,0.815435166108,True,0.907717583054,0.766666666667,0.286666666667
noisy,79,offset,0.807324691204,0.826637859567,True,0.913318929784,0.65,0.353333333333
noisy,79,local_reversal,0.857811124153,0.888259302733,True,0.944129651367,0.866666666667,0.41
noisy,79,unrelated,0.553802340199,0.119341133997,True,0.559670566998,0.566666666667,0.476666666667
noisy,80,faithful,0.865834736319,0.843893565507,True,0.921946782754,0.816666666667,0.253333333333
noisy,80,offset,0.861574222226,0.883025185198,True,0.941512592599,0.733333333333,0.25
noisy,80,local_reversal,0.834787238777,0.851513018147,True,0.925756509073,0.783333333333,0.386666666667
noisy,80,unrelated,0.623033532174,0.267889551691,True,0.633944775846,0.633333333333,0.42
noisy,81,faithful,0.861919567867,0.833065226224,True,0.916532613112,0.816666666667,0.256666666667
noisy,81,offset,0.835041342589,0.85902669752,True,0.92951334876,0.683333333333,0.296666666667
noisy,81,local_reversal,0.834372023528,0.830128967314,True,0.915064483657,0.816666666667,0.39
noisy,81,unrelated,0.446396684941,-0.200899939085,True,0.399550030457,0.5,0.466666666667
noisy,82,faithful,0.862332976124,0.863332142636,True,0.931666071318,0.8,0.283333333333
noisy,82,offset,0.826902740372,0.878564690128,True,0.939282345064,0.666666666667,0.35
noisy,82,local_reversal,0.839695983262,0.861208833094,True,0.930604416547,0.783333333333,0.376666666667
noisy,82,unrelated,0.557184909789,0.083949699296,True,0.541974849648,0.6,0.44
noisy,83,faithful,0.864117804543,0.880392681809,True,0.940196340904,0.816666666667,0.316666666667
noisy,83,offset,0.797881725963,0.832939086543,True,0.916469543272,0.616666666667,0.376666666667
noisy,83,local_reversal,0.84522144483,0.846293704988,True,0.923146852494,0.85,0.393333333333
noisy,83,unrelated,0.501935126723,0.00645042240889,True,0.503225211204,0.5,0.5
noisy,84,faithful,0.885454367095,0.871514556983,True,0.935757278492,0.85,0.23
noisy,84,offset,0.846563048549,0.899654606274,True,0.949827303137,0.7,0.316666666667
noisy,84,local_reversal,0.866537560692,0.888458535639,True,0.94422926782,0.85,0.35
noisy,84,unrelated,0.56554602995,0.142931210945,True,0.571465605473,0.566666666667,0.453333333333
noisy,85,faithful,0.876596516631,0.89309949988,True,0.94654974994,0.816666666667,0.273333333333
noisy,85,offset,0.831812201352,0.901596226729,True,0.950798113364,0.616666666667,0.31
noisy,85,local_reversal,0.827350015372,0.862277829018,True,0.931138914509,0.733333333333,0.39
noisy,85,unrelated,0.562774746083,0.169249153611,True,0.584624576806,0.533333333333,0.473333333333
noisy,86,faithful,0.905536643794,0.894011034869,True,0.947005517435,0.933333333333,0.246666666667
noisy,86,offset,0.887942952745,0.924254286928,True,0.962127143464,0.85,0.296666666667
noisy,86,local_reversal,0.906250667019,0.936391112285,True,0.968195556143,0.916666666667,0.29
noisy,86,unrelated,0.504497418731,0.0283247291028,True,0.514162364551,0.45,0.47
noisy,87,faithful,0.848570197195,0.801900657318,True,0.900950328659,0.833333333333,0.293333333333
noisy,87,offset,0.79145236461,0.784841215366,True,0.892420607683,0.6,0.32
noisy,87,local_reversal,0.81715983983,0.806088354988,True,0.903044177494,0.766666666667,0.39
noisy,87,unrelated,0.439913499381,-0.158066113175,True,0.420966943413,0.4,0.463333333333
noisy,88,faithful,0.912295019872,0.923205621796,True,0.961602810898,0.866666666667,0.19
noisy,88,offset,0.878245211082,0.943039592495,True,0.971519796247,0.75,0.273333333333
noisy,88,local_reversal,0.899401899521,0.926895220626,True,0.963447610313,0.9,0.293333333333
noisy,88,unrelated,0.557497394275,0.176102425361,True,0.588051212681,0.5,0.476666666667
noisy,89,faithful,0.900011154567,0.880037181889,True,0.940018590945,0.9,0.22
noisy,89,offset,0.858919866043,0.914177331255,True,0.957088665627,0.716666666667,0.293333333333
noisy,89,local_reversal,0.881932846109,0.915331709254,True,0.957665854627,0.85,0.313333333333
noisy,89,unrelated,0.596866536304,0.249555121013,True,0.624777560507,0.566666666667,0.456666666667
noisy,90,faithful,0.854944239016,0.843147463385,True,0.921573731693,0.766666666667,0.256666666667
noisy,90,offset,0.846447187783,0.874823959275,True,0.937411979638,0.7,0.28
noisy,90,local_reversal,0.856340518577,0.854468395256,True,0.927234197628,0.833333333333,0.333333333333
noisy,90,unrelated,0.592242496608,0.227474988694,True,0.613737494347,0.583333333333,0.463333333333
noisy,91,faithful,0.870471280288,0.894904267626,True,0.947452133813,0.833333333333,0.323333333333
noisy,91,offset,0.84191128407,0.866370946899,True,0.93318547345,0.716666666667,0.306666666667
noisy,91,local_reversal,0.869987857672,0.899959525572,True,0.949979762786,0.833333333333,0.333333333333
noisy,91,unrelated,0.491746602175,-0.00751132608355,True,0.496244336958,0.483333333333,0.513333333333
noisy,92,faithful,0.880547612853,0.908492042842,True,0.954246021421,0.816666666667,0.276666666667
noisy,92,offset,0.842690033,0.904522332221,True,0.95226116611,0.7,0.343333333333
noisy,92,local_reversal,0.875635697296,0.92545232432,True,0.96272616216,0.85,0.36
noisy,92,unrelated,0.567408018711,0.0891378401473,True,0.544568920074,0.65,0.446666666667
noisy,93,faithful,0.875741715949,0.868027942051,True,0.934013971026,0.833333333333,0.256666666667
noisy,93,offset,0.827920730677,0.881957991145,True,0.940978995572,0.666666666667,0.35
noisy,93,local_reversal,0.863925346738,0.884195600239,True,0.94209780012,0.883333333333,0.39
noisy,93,unrelated,0.583390978632,0.237969928773,True,0.618984964386,0.516666666667,0.456666666667
noisy,94,faithful,0.858072528388,0.846908427959,True,0.92345421398,0.816666666667,0.296666666667
noisy,94,offset,0.829446431961,0.895932550982,True,0.947966275491,0.633333333333,0.33
noisy,94,local_reversal,0.831367632046,0.849003217932,True,0.924501608966,0.783333333333,0.4
noisy,94,unrelated,0.517638028489,0.00768231718435,True,0.503841158592,0.533333333333,0.456666666667
noisy,95,faithful,0.877367058228,0.884556860759,True,0.942278430379,0.85,0.29
noisy,95,offset,0.845027713278,0.903425710926,True,0.951712855463,0.683333333333,0.313333333333
noisy,95,local_reversal,0.887049860169,0.921277311673,True,0.960638655836,0.85,0.296666666667
noisy,95,unrelated,0.475358064054,-0.102139786485,True,0.448930106757,0.5,0.47
noisy,96,faithful,0.899984505071,0.913281683571,True,0.956640841785,0.883333333333,0.253333333333
noisy,96,offset,0.836956886066,0.889856286885,True,0.944928143443,0.65,0.3
noisy,96,local_reversal,0.878618958911,0.895396529704,True,0.947698264852,0.866666666667,0.316666666667
noisy,96,unrelated,0.425190288183,-0.244921261611,True,0.377539369195,0.433333333333,0.44
noisy,97,faithful,0.888353693904,0.885623424124,True,0.942811712062,0.883333333333,0.27
noisy,97,offset,0.825813336351,0.854933343391,True,0.927466671696,0.666666666667,0.32
noisy,97,local_reversal,0.895518753012,0.896173621151,True,0.948086810576,0.883333333333,0.25
noisy,97,unrelated,0.601518937425,0.220618680305,True,0.610309340152,0.583333333333,0.406666666667
noisy,98,faithful,0.854020733723,0.817846890189,True,0.908923445095,0.866666666667,0.323333333333
noisy,98,offset,0.840303482488,0.874344941626,True,0.937172470813,0.683333333333,0.293333333333
noisy,98,local_reversal,0.876887505109,0.876291683698,True,0.938145841849,0.9,0.33
noisy,98,unrelated,0.582532843056,0.261776143519,True,0.63088807176,0.5,0.48
noisy,99,faithful,0.849583572648,0.827500797716,True,0.913750398858,0.816666666667,0.31
noisy,99,offset,0.837934837559,0.882005014085,True,0.941002507042,0.716666666667,0.35
noisy,99,local_reversal,0.869705512654,0.910129486626,True,0.955064743313,0.866666666667,0.383333333333
noisy,99,unrelated,0.47020697457,-0.0948656403235,True,0.452567179838,0.516666666667,0.523333333333
shifted,0,faithful,0.94761711172,0.963168150177,True,0.981584075089,0.95,0.156666666667
shifted,0,offset,0.864830150914,0.987211614156,True,0.993605807078,0.65,0.306666666667
shifted,0,local_reversal,0.915413553444,0.982489622592,True,0.991244811296,0.95,0.346666666667
shifted,0,unrelated,0.549523942642,0.10730203103,True,0.553651015515,0.566666666667,0.48
shifted,1,faithful,0.943296945801,0.968767597115,True,0.984383798558,0.916666666667,0.153333333333
shifted,1,offset,0.875248893548,0.986385200716,True,0.993192600358,0.666666666667,0.27
shifted,1,local_reversal,0.916920411905,0.985290261906,True,0.992645130953,0.933333333333,0.326666666667
shifted,1,unrelated,0.547771981276,0.192573270921,True,0.59628663546,0.466666666667,0.516666666667
shifted,2,faithful,0.935470612359,0.967124263417,True,0.983562131709,0.9,0.173333333333
shifted,2,offset,0.867308707473,0.986584580466,True,0.993292290233,0.65,0.293333333333
shifted,2,local_reversal,0.914769790847,0.980343747268,True,0.990171873634,0.933333333333,0.33
shifted,2,unrelated,0.509425114312,0.0825281588184,True,0.541264079409,0.45,0.526666666667
shifted,3,faithful,0.927086501835,0.954732783894,True,0.977366391947,0.883333333333,0.18
shifted,3,offset,0.88026822596,0.980894086534,True,0.990447043267,0.716666666667,0.286666666667
shifted,3,local_reversal,0.906403117347,0.985788168934,True,0.992894084467,0.916666666667,0.363333333333
shifted,3,unrelated,0.451544769286,-0.161517435713,True,0.419241282144,0.516666666667,0.516666666667
shifted,4,faithful,0.941509808799,0.945032695997,True,0.972516347998,0.95,0.16
shifted,4,offset,0.835091260218,0.985859756282,True,0.992929878141,0.516666666667,0.32
shifted,4,local_reversal,0.929782293336,0.98816320001,True,0.994081600005,0.983333333333,0.316666666667
shifted,4,unrelated,0.531315016313,0.0488278321555,True,0.524413916078,0.566666666667,0.483333333333
shifted,5,faithful,0.945404750476,0.969126946033,True,0.984563473016,0.916666666667,0.143333333333
shifted,5,offset,0.862312062608,0.983262430916,True,0.991631215458,0.633333333333,0.296666666667
shifted,5,local_reversal,0.920192678645,0.987308928815,True,0.993654464408,0.95,0.33
shifted,5,unrelated,0.472154325078,-0.0439300275194,True,0.47803498624,0.4,0.473333333333
shifted,6,faithful,0.951072413846,0.963574712822,True,0.981787356411,0.966666666667,0.156666666667
shifted,6,offset,0.840304961025,0.985460981194,True,0.992730490597,0.55,0.326666666667
shifted,6,local_reversal,0.897832642805,0.979442142684,True,0.989721071342,0.883333333333,0.363333333333
shifted,6,unrelated,0.534236839246,0.0674561308205,True,0.53372806541,0.55,0.48
shifted,7,faithful,0.946810405192,0.969368017307,True,0.984684008653,0.916666666667,0.136666666667
shifted,7,offset,0.869158211159,0.988305148306,True,0.994152574153,0.666666666667,0.303333333333
shifted,7,local_reversal,0.915009354334,0.983364514448,True,0.991682257224,0.933333333333,0.333333333333
shifted,7,unrelated,0.5735767276,0.203033536446,True,0.601516768223,0.55,0.486666666667
shifted,8,faithful,0.941778674077,0.968151135813,True,0.984075567906,0.933333333333,0.176666666667
shifted,8,offset,0.880765393331,0.984773533325,True,0.992386766663,0.7,0.273333333333
shifted,8,local_reversal,0.91832702252,0.981090075067,True,0.990545037534,0.966666666667,0.346666666667
shifted,8,unrelated,0.467068821608,0.0213405164721,True,0.510670258236,0.35,0.546666666667
shifted,9,faithful,0.957628869119,0.978762897065,True,0.989381448532,0.933333333333,0.113333333333
shifted,9,offset,0.868636461736,0.988788205785,True,0.994394102893,0.633333333333,0.273333333333
shifted,9,local_reversal,0.924685325081,0.984506639158,True,0.992253319579,0.966666666667,0.32
shifted,9,unrelated,0.560278204544,0.127594015147,True,0.563797007573,0.616666666667,0.506666666667
shifted,10,faithful,0.942813527867,0.958267315111,True,0.979133657555,0.933333333333,0.156666666667
shifted,10,offset,0.86883540607,0.980562464678,True,0.990281232339,0.683333333333,0.31
shifted,10,local_reversal,0.927870523349,0.981790633387,True,0.990895316694,0.95,0.283333333333
shifted,10,unrelated,0.507719753475,0.0457325115832,True,0.522866255792,0.433333333333,0.463333333333
shifted,11,faithful,0.941256082457,0.955298052633,True,0.977649026317,0.933333333333,0.16
shifted,11,offset,0.882407235095,0.983579672539,True,0.99178983627,0.716666666667,0.28
shifted,11,local_reversal,0.899726519169,0.979088397231,True,0.989544198615,0.9,0.37
shifted,11,unrelated,0.47033059012,-0.0366758107123,True,0.481662094644,0.483333333333,0.576666666667
shifted,12,faithful,0.944130285093,0.971545394754,True,0.985772697377,0.916666666667,0.153333333333
shifted,12,offset,0.864356746987,0.98785582329,True,0.993927911645,0.65,0.31
shifted,12,local_reversal,0.932402288984,0.988007629948,True,0.994003814974,0.966666666667,0.286666666667
shifted,12,unrelated,0.489618119383,-0.0568284909458,True,0.471585754527,0.533333333333,0.5
shifted,13,faithful,0.937664841938,0.936660584236,True,0.968330292118,0.95,0.166666666667
shifted,13,offset,0.871404493713,0.982459423486,True,0.991229711743,0.666666666667,0.283333333333
shifted,13,local_reversal,0.901453057891,0.978176859638,True,0.989088429819,0.933333333333,0.393333333333
shifted,13,unrelated,0.533701500303,0.0834494454543,True,0.541724722727,0.5,0.456666666667
shifted,14,faithful,0.948038385001,0.969016838891,True,0.984508419445,0.933333333333,0.146666666667
shifted,14,offset,0.844797445237,0.987102595235,True,0.993551297617,0.566666666667,0.323333333333
shifted,14,local_reversal,0.88935638485,0.984521282834,True,0.992260641417,0.9,0.43
shifted,14,unrelated,0.528017302529,0.124502119542,True,0.562251059771,0.466666666667,0.513333333333
shifted,15,faithful,0.935267603905,0.962003124129,True,0.981001562065,0.916666666667,0.183333333333
shifted,15,offset,0.868155836525,0.978297232861,True,0.98914861643,0.666666666667,0.293333333333
shifted,15,local_reversal,0.909799780327,0.985999267757,True,0.992999633879,0.933333333333,0.363333333333
shifted,15,unrelated,0.491660638056,0.0210910157412,True,0.510545507871,0.416666666667,0.49
shifted,16,faithful,0.941741232654,0.97024855329,True,0.985124276645,0.916666666667,0.163333333333
shifted,16,offset,0.883348528262,0.986717316428,True,0.993358658214,0.733333333333,0.296666666667
shifted,16,local_reversal,0.904849673537,0.987276689567,True,0.993638344783,0.9,0.356666666667
shifted,16,unrelated,0.451800238353,-0.102888094379,True,0.44855595281,0.416666666667,0.503333333333
shifted,17,faithful,0.93593533969,0.9464511323,True,0.97322556615,0.933333333333,0.173333333333
shifted,17,offset,0.886110081859,0.987033606196,True,0.993516803098,0.733333333333,0.283333333333
shifted,17,local_reversal,0.917790631627,0.983746549868,True,0.991873274934,0.966666666667,0.353333333333
shifted,17,unrelated,0.465449661969,-0.092945571214,True,0.453527214393,0.483333333333,0.516666666667
shifted,18,faithful,0.948327533047,0.965536221269,True,0.982768110635,0.966666666667,0.173333333333
shifted,18,offset,0.859265181933,0.981995050889,True,0.990997525445,0.633333333333,0.31
shifted,18,local_reversal,0.910665025477,0.982216751591,True,0.991108375795,0.95,0.37
shifted,18,unrelated,0.550604329449,0.124236653721,True,0.56211832686,0.583333333333,0.516666666667
shifted,19,faithful,0.948105373471,0.969240133793,True,0.984620066896,0.95,0.163333333333
shifted,19,offset,0.883740142295,0.98802269654,True,0.99401134827,0.716666666667,0.28
shifted,19,local_reversal,0.927239320735,0.988575513561,True,0.99428775678,1,0.346666666667
shifted,19,unrelated,0.483922917314,-0.0202569422863,True,0.489871528857,0.433333333333,0.483333333333
shifted,20,faithful,0.944540097519,0.961800325065,True,0.980900162532,0.95,0.17
shifted,20,offset,0.86844421789,0.988147392966,True,0.994073696483,0.616666666667,0.256666666667
shifted,20,local_reversal,0.914357995053,0.985637761286,True,0.992818880643,0.966666666667,0.373333333333
shifted,20,unrelated,0.515756020393,-0.00747993202186,True,0.496260033989,0.55,0.46
shifted,21,faithful,0.944932186332,0.965329509996,True,0.982664754998,0.95,0.173333333333
shifted,21,offset,0.828195808132,0.982874915995,True,0.991437457997,0.5,0.333333333333
shifted,21,local_reversal,0.908470983381,0.979347722381,True,0.98967386119,0.933333333333,0.36
shifted,21,unrelated,0.477023067269,-0.00770088688092,True,0.49614955656,0.383333333333,0.486666666667
shifted,22,faithful,0.939038361555,0.967905649627,True,0.983952824813,0.916666666667,0.173333333333
shifted,22,offset,0.87217096551,0.989458773923,True,0.994729386961,0.666666666667,0.29
shifted,22,local_reversal,0.930652943869,0.988843146229,True,0.994421573115,0.966666666667,0.296666666667
shifted,22,unrelated,0.542746089445,0.100264742596,True,0.550132371298,0.533333333333,0.47
shifted,23,faithful,0.943575870379,0.967475123484,True,0.983737561742,0.916666666667,0.15
shifted,23,offset,0.889190206092,0.988411798084,True,0.994205899042,0.733333333333,0.27
shifted,23,local_reversal,0.920755656057,0.986963297969,True,0.993481648984,0.95,0.326666666667
shifted,23,unrelated,0.382575279512,-0.28030462385,True,0.359847688075,0.4,0.566666666667
shifted,24,faithful,0.927245215734,0.946372941334,True,0.973186470667,0.933333333333,0.216666666667
shifted,24,offset,0.823438931722,0.980351994628,True,0.990175997314,0.516666666667,0.37
shifted,24,local_reversal,0.909101614802,0.974783160451,True,0.987391580226,0.95,0.366666666667
shifted,24,unrelated,0.631714005996,0.28571335332,True,0.64285667666,0.683333333333,0.453333333333
shifted,25,faithful,0.948880391847,0.965156861714,True,0.982578430857,0.933333333333,0.136666666667
shifted,25,offset,0.90964270495,0.987697905388,True,0.993848952694,0.766666666667,0.2
shifted,25,local_reversal,0.921021454601,0.985627070892,True,0.992813535446,0.966666666667,0.34
shifted,25,unrelated,0.549277474423,0.139813803632,True,0.569906901816,0.516666666667,0.48
shifted,26,faithful,0.938526636468,0.963977677116,True,0.981988838558,0.933333333333,0.186666666667
shifted,26,offset,0.873754601039,0.988070892354,True,0.994035446177,0.666666666667,0.28
shifted,26,local_reversal,0.931397310684,0.989102146724,True,0.994551073362,0.966666666667,0.293333333333
shifted,26,unrelated,0.49866136979,-0.0400176562568,True,0.479991171872,0.583333333333,0.53
shifted,27,faithful,0.926162057397,0.94720685799,True,0.973603428995,0.9,0.19
shifted,27,offset,0.860918510745,0.97861725804,True,0.98930862902,0.616666666667,0.28
shifted,27,local_reversal,0.906417113936,0.981390379785,True,0.990695189893,0.966666666667,0.406666666667
shifted,27,unrelated,0.399493065791,-0.272800891809,True,0.363599554096,0.383333333333,0.476666666667
shifted,28,faithful,0.945670171017,0.958900570058,True,0.979450285029,0.966666666667,0.176666666667
shifted,28,offset,0.888214230038,0.980714100128,True,0.990357050064,0.75,0.28
shifted,28,local_reversal,0.901278407294,0.982039135423,True,0.991019567711,0.966666666667,0.433333333333
shifted,28,unrelated,0.501562737343,-0.0147908755249,True,0.492604562238,0.533333333333,0.503333333333
shifted,29,faithful,0.943291771548,0.959861460715,True,0.979930730358,0.916666666667,0.14
shifted,29,offset,0.884813150049,0.982710500164,True,0.991355250082,0.716666666667,0.266666666667
shifted,29,local_reversal,0.915253262086,0.986399762508,True,0.993199881254,0.95,0.353333333333
shifted,29,unrelated,0.451892499439,-0.0892472240914,True,0.455376387954,0.416666666667,0.523333333333
shifted,30,faithful,0.936840903433,0.967247455887,True,0.983623727943,0.9,0.166666666667
shifted,30,offset,0.856477035282,0.988256784273,True,0.994128392136,0.616666666667,0.316666666667
shifted,30,local_reversal,0.91598324154,0.988833027355,True,0.994416513677,0.933333333333,0.336666666667
shifted,30,unrelated,0.551304150552,0.093236057397,True,0.546618028699,0.566666666667,0.45
shifted,31,faithful,0.938519197213,0.957286212934,True,0.978643106467,0.9,0.143333333333
shifted,31,offset,0.870046927134,0.980156423778,True,0.990078211889,0.633333333333,0.253333333333
shifted,31,local_reversal,0.90290092343,0.985225300323,True,0.992612650161,0.916666666667,0.38
shifted,31,unrelated,0.475108212622,-0.0185281801489,True,0.490735909926,0.433333333333,0.53
shifted,32,faithful,0.934104577342,0.960348591139,True,0.980174295569,0.95,0.22
shifted,32,offset,0.875979934455,0.988822003738,True,0.994411001869,0.7,0.303333333333
shifted,32,local_reversal,0.921358675158,0.986751139415,True,0.993375569708,0.966666666667,0.34
shifted,32,unrelated,0.475243593834,-0.0980769094421,True,0.450961545279,0.533333333333,0.51
shifted,33,faithful,0.966545477944,0.975151593145,True,0.987575796573,0.983333333333,0.113333333333
shifted,33,offset,0.901137015257,0.986012273077,True,0.993006136539,0.75,0.223333333333
shifted,33,local_reversal,0.934234484822,0.989670504962,True,0.994835252481,0.983333333333,0.296666666667
shifted,33,unrelated,0.514544862104,0.0795939847902,True,0.539796992395,0.483333333333,0.53
shifted,34,faithful,0.946888952803,0.956296509342,True,0.978148254671,0.95,0.15
shifted,34,offset,0.832902439378,0.967452575705,True,0.983726287853,0.583333333333,0.37
shifted,34,local_reversal,0.907006928185,0.985578649505,True,0.992789324752,0.933333333333,0.376666666667
shifted,34,unrelated,0.44178216178,-0.129615016288,True,0.435192491856,0.433333333333,0.53
shifted,35,faithful,0.944347765484,0.970048107169,True,0.985024053585,0.916666666667,0.15
shifted,35,offset,0.888649561328,0.98660964887,True,0.993304824435,0.733333333333,0.27
shifted,35,local_reversal,0.914978896017,0.987707431168,True,0.993853715584,0.95,0.356666666667
shifted,35,unrelated,0.524634200569,0.0821140018972,True,0.541057000949,0.5,0.5
shifted,36,faithful,0.94887107642,0.971792476955,True,0.985896238477,0.966666666667,0.18
shifted,36,offset,0.86112280741,0.983742691366,True,0.991871345683,0.65,0.32
shifted,36,local_reversal,0.934917766767,0.987503667002,True,0.993751833501,0.983333333333,0.29
shifted,36,unrelated,0.459551187506,-0.0992738194239,True,0.450363090288,0.45,0.503333333333
shifted,37,faithful,0.931604060757,0.952013535857,True,0.976006767929,0.9,0.17
shifted,37,offset,0.848982990185,0.981054411728,True,0.990527205864,0.583333333333,0.31
shifted,37,local_reversal,0.897487835014,0.971626116713,True,0.985813058357,0.916666666667,0.386666666667
shifted,37,unrelated,0.562258897698,0.120862992326,True,0.560431496163,0.6,0.47
shifted,38,faithful,0.948756583308,0.964744166582,True,0.982372083291,0.933333333333,0.136666666667
shifted,38,offset,0.853762212628,0.983651819871,True,0.991825909936,0.6,0.306666666667
shifted,38,local_reversal,0.925433112069,0.986999262452,True,0.993499631226,0.933333333333,0.286666666667
shifted,38,unrelated,0.500068366774,-0.0619943329746,True,0.469002833513,0.533333333333,0.44
shifted,39,faithful,0.940578621484,0.977484293837,True,0.988742146918,0.9,0.163333333333
shifted,39,offset,0.889190259504,0.990634198347,True,0.995317099173,0.7,0.24
shifted,39,local_reversal,0.917808658844,0.99269552948,True,0.99634776474,0.95,0.35
shifted,39,unrelated,0.566220751587,0.16740250529,True,0.583701252645,0.566666666667,0.486666666667
shifted,40,faithful,0.926231616855,0.960772056184,True,0.980386028092,0.833333333333,0.143333333333
shifted,40,offset,0.853226055824,0.98853129719,True,0.994265648595,0.616666666667,0.333333333333
shifted,40,local_reversal,0.922396163486,0.987987211619,True,0.993993605809,0.95,0.32
shifted,40,unrelated,0.516624585968,0.0665263976714,True,0.533263198836,0.483333333333,0.5
shifted,41,faithful,0.941035705924,0.956785686413,True,0.978392843206,0.966666666667,0.196666666667
shifted,41,offset,0.879394003448,0.986868900384,True,0.993434450192,0.733333333333,0.316666666667
shifted,41,local_reversal,0.928608870913,0.988696236378,True,0.994348118189,0.983333333333,0.323333333333
shifted,41,unrelated,0.580728139417,0.215760464723,True,0.607880232361,0.533333333333,0.453333333333
shifted,42,faithful,0.932049080746,0.960163602487,True,0.980081801244,0.833333333333,0.113333333333
shifted,42,offset,0.856929785631,0.983099285436,True,0.991549642718,0.616666666667,0.306666666667
shifted,42,local_reversal,0.908360770313,0.981202567709,True,0.990601283854,0.933333333333,0.363333333333
shifted,42,unrelated,0.51101027179,0.0700342393011,True,0.535017119651,0.483333333333,0.533333333333
shifted,43,faithful,0.941938989212,0.96424107515,True,0.982120537575,0.933333333333,0.17
shifted,43,offset,0.888520182528,0.983956163982,True,0.991978081991,0.716666666667,0.25
shifted,43,local_reversal,0.923680220615,0.985600735383,True,0.992800367691,0.933333333333,0.293333333333
shifted,43,unrelated,0.531459137187,0.0737526795133,True,0.536876339757,0.5,0.453333333333
shifted,44,faithful,0.918293960516,0.947646535055,True,0.973823267527,0.85,0.18
shifted,44,offset,0.859572135151,0.980796006058,True,0.990398003029,0.583333333333,0.256666666667
shifted,44,local_reversal,0.904109444395,0.969253703539,True,0.98462685177,0.933333333333,0.366666666667
shifted,44,unrelated,0.514588235504,0.0419607850126,True,0.520980392506,0.533333333333,0.523333333333
shifted,45,faithful,0.943590415058,0.958634716862,True,0.979317358431,0.933333333333,0.153333333333
shifted,45,offset,0.844857497191,0.980636101748,True,0.990318050874,0.566666666667,0.313333333333
shifted,45,local_reversal,0.92111848861,0.981506073145,True,0.990753036573,0.983333333333,0.35
shifted,45,unrelated,0.452220837387,-0.1414860976,True,0.4292569512,0.45,0.476666666667
shifted,46,faithful,0.939964464634,0.94877043767,True,0.974385218835,0.95,0.173333333333
shifted,46,offset,0.881381068873,0.986825785131,True,0.993412892566,0.716666666667,0.29
shifted,46,local_reversal,0.927756070326,0.98140912331,True,0.990704561655,0.983333333333,0.316666666667
shifted,46,unrelated,0.658254580534,0.405293046223,True,0.702646523111,0.6,0.416666666667
shifted,47,faithful,0.952524311363,0.966192148986,True,0.983096074493,0.983333333333,0.17
shifted,47,offset,0.8767803045,0.987045459446,True,0.993522729723,0.7,0.296666666667
shifted,47,local_reversal,0.923626322373,0.985421074578,True,0.992710537289,0.95,0.31
shifted,47,unrelated,0.551801613914,0.103783157491,True,0.551891578746,0.566666666667,0.463333333333
shifted,48,faithful,0.951336221488,0.966676293848,True,0.983338146924,0.966666666667,0.16
shifted,48,offset,0.832934806508,0.985338243914,True,0.992669121957,0.533333333333,0.346666666667
shifted,48,local_reversal,0.924456759045,0.983744752373,True,0.991872376186,0.983333333333,0.336666666667
shifted,48,unrelated,0.488539306114,-0.00709120184377,True,0.496454399078,0.5,0.546666666667
shifted,49,faithful,0.926059098051,0.962419215727,True,0.981209607863,0.866666666667,0.18
shifted,49,offset,0.876886789195,0.976289297317,True,0.988144648658,0.7,0.28
shifted,49,local_reversal,0.901739663213,0.97913221071,True,0.989566105355,0.9,0.36
shifted,49,unrelated,0.530567201406,-0.00477599531427,True,0.497612002343,0.65,0.49
shifted,50,faithful,0.948372289217,0.96346318628,True,0.98173159314,0.916666666667,0.12
shifted,50,offset,0.85961747133,0.983169348876,True,0.991584674438,0.683333333333,0.36
shifted,50,local_reversal,0.927024820459,0.990082734862,True,0.995041367431,0.95,0.3
shifted,50,unrelated,0.483388681783,-0.0264821718354,True,0.486758914082,0.45,0.493333333333
shifted,51,faithful,0.929632268311,0.94544089437,True,0.972720447185,0.916666666667,0.186666666667
shifted,51,offset,0.902015712562,0.980052375208,True,0.990026187604,0.766666666667,0.226666666667
shifted,51,local_reversal,0.922687073304,0.982290244346,True,0.991145122173,0.95,0.31
shifted,51,unrelated,0.508501529397,0.0216717646569,True,0.510835882328,0.516666666667,0.506666666667
shifted,52,faithful,0.917281099897,0.946492555212,True,0.973246277606,0.866666666667,0.2
shifted,52,offset,0.856909774565,0.985254804104,True,0.992627402052,0.6,0.293333333333
shifted,52,local_reversal,0.919156029078,0.979408985815,True,0.989704492908,0.966666666667,0.34
shifted,52,unrelated,0.507688620648,0.0300731799386,True,0.515036589969,0.483333333333,0.49
shifted,53,faithful,0.944966893321,0.958778533293,True,0.979389266647,0.9,0.113333333333
shifted,53,offset,0.884530362866,0.988434542885,True,0.994217271443,0.716666666667,0.276666666667
shifted,53,local_reversal,0.916684710721,0.986726813515,True,0.993363406758,0.966666666667,0.363333333333
shifted,53,unrelated,0.556809266142,0.176030887139,True,0.588015443569,0.55,0.53
shifted,54,faithful,0.950713126181,0.957932642827,True,0.978966321413,0.966666666667,0.15
shifted,54,offset,0.882689438483,0.986742572723,True,0.993371286361,0.733333333333,0.3
shifted,54,local_reversal,0.933610388172,0.983145738351,True,0.991572869175,0.983333333333,0.29
shifted,54,unrelated,0.482954897237,-0.0768170092113,True,0.461591495394,0.483333333333,0.453333333333
shifted,55,faithful,0.943474995167,0.960472206111,True,0.980236103056,0.933333333333,0.156666666667
shifted,55,offset,0.900601305164,0.988671017213,True,0.994335508607,0.8,0.28
shifted,55,local_reversal,0.933684394227,0.987836869646,True,0.993918434823,0.983333333333,0.296666666667
shifted,55,unrelated,0.460230021715,-0.145899927616,True,0.427050036192,0.5,0.48
shifted,56,faithful,0.943286451911,0.959843728591,True,0.979921864296,0.916666666667,0.14
shifted,56,offset,0.898765642742,0.991441031362,True,0.995720515681,0.75,0.243333333333
shifted,56,local_reversal,0.918339988061,0.987799960202,True,0.993899980101,0.933333333333,0.323333333333
shifted,56,unrelated,0.489017216833,0.00116850055308,True,0.500584250277,0.45,0.506666666667
shifted,57,faithful,0.924343042908,0.956699031915,True,0.978349515958,0.866666666667,0.18
shifted,57,offset,0.84362883602,0.972096120067,True,0.986048060033,0.6,0.34
shifted,57,local_reversal,0.897617354459,0.983168959306,True,0.991584479653,0.883333333333,0.37
shifted,57,unrelated,0.508892031196,0.0251956595425,True,0.512597829771,0.55,0.543333333333
shifted,58,faithful,0.957136987816,0.96823440383,True,0.984117201915,0.95,0.116666666667
shifted,58,offset,0.879144264308,0.988258658804,True,0.994129329402,0.716666666667,0.303333333333
shifted,58,local_reversal,0.932340833348,0.987802777826,True,0.993901388913,0.966666666667,0.286666666667
shifted,58,unrelated,0.550288540991,0.172072914416,True,0.586036457208,0.483333333333,0.49
shifted,59,faithful,0.937189917074,0.970633056914,True,0.985316528457,0.9,0.17
shifted,59,offset,0.871713042447,0.983487919268,True,0.991743959634,0.666666666667,0.283333333333
shifted,59,local_reversal,0.919905323775,0.986351079251,True,0.993175539626,0.95,0.33
shifted,59,unrelated,0.465101599217,-0.0985502248332,True,0.450724887583,0.483333333333,0.51
shifted,60,faithful,0.957033476289,0.965667143186,True,0.982833571593,0.966666666667,0.13
shifted,60,offset,0.869627156499,0.985423854997,True,0.992711927499,0.65,0.28
shifted,60,local_reversal,0.910933225498,0.980888529438,True,0.990444264719,0.95,0.366666666667
shifted,60,unrelated,0.527941886901,0.0664729563373,True,0.533236478169,0.533333333333,0.493333333333
shifted,61,faithful,0.949908911119,0.968585259284,True,0.984292629642,0.95,0.153333333333
shifted,61,offset,0.863439970682,0.98257768005,True,0.991288840025,0.65,0.306666666667
shifted,61,local_reversal,0.928190474539,0.985079359574,True,0.992539679787,0.966666666667,0.303333333333
shifted,61,unrelated,0.4269874162,-0.178930834889,True,0.410534582555,0.416666666667,0.513333333333
shifted,62,faithful,0.943748537267,0.961384013114,True,0.980692006557,0.933333333333,0.156666666667
shifted,62,offset,0.880448325992,0.985938864419,True,0.992969432209,0.716666666667,0.293333333333
shifted,62,local_reversal,0.916850151605,0.980611616462,True,0.990305808231,0.966666666667,0.353333333333
shifted,62,unrelated,0.509814846647,-0.00283940006682,True,0.498580299967,0.566666666667,0.513333333333
shifted,63,faithful,0.923304464628,0.94879265987,True,0.974396329935,0.883333333333,0.19
shifted,63,offset,0.86150120478,0.987226238156,True,0.993613119078,0.633333333333,0.306666666667
shifted,63,local_reversal,0.903206136927,0.984020456422,True,0.992010228211,0.983333333333,0.443333333333
shifted,63,unrelated,0.570495599064,0.134985330213,True,0.567492665107,0.6,0.45
shifted,64,faithful,0.930622305001,0.959852127782,True,0.979926063891,0.9,0.186666666667
shifted,64,offset,0.839127544843,0.983758482811,True,0.991879241405,0.55,0.33
shifted,64,local_reversal,0.890892040469,0.985195690453,True,0.992597845226,0.933333333333,0.456666666667
shifted,64,unrelated,0.574455522038,0.16818507346,True,0.58409253673,0.6,0.48
shifted,65,faithful,0.928857680075,0.95841448914,True,0.97920724457,0.883333333333,0.176666666667
shifted,65,offset,0.849302741353,0.984342471176,True,0.992171235588,0.583333333333,0.313333333333
shifted,65,local_reversal,0.914397340022,0.985768911186,True,0.992884455593,0.95,0.356666666667
shifted,65,unrelated,0.446605435167,-0.140204104997,True,0.429897947501,0.466666666667,0.523333333333
shifted,66,faithful,0.939346346341,0.966710043358,True,0.983355021679,0.9,0.153333333333
shifted,66,offset,0.854156086973,0.973853623245,True,0.986926811622,0.666666666667,0.356666666667
shifted,66,local_reversal,0.902919141455,0.985286027073,True,0.992643013536,0.916666666667,0.38
shifted,66,unrelated,0.523007555994,0.0411362977579,True,0.520568148879,0.533333333333,0.48
shifted,67,faithful,0.93063002328,0.962100077599,True,0.9810500388,0.916666666667,0.206666666667
shifted,67,offset,0.843913994442,0.984157759251,True,0.992078879625,0.566666666667,0.323333333333
shifted,67,local_reversal,0.903720089077,0.979066963589,True,0.989533481795,0.933333333333,0.383333333333
shifted,67,unrelated,0.512435963886,0.0370087685073,True,0.518504384254,0.516666666667,0.51
shifted,68,faithful,0.945028020009,0.965648955584,True,0.982824477792,0.933333333333,0.156666666667
shifted,68,offset,0.870357772804,0.98785924268,True,0.99392962134,0.616666666667,0.246666666667
shifted,68,local_reversal,0.930401951815,0.990228728273,True,0.995114364137,0.95,0.283333333333
shifted,68,unrelated,0.495486558125,0.047177415971,True,0.523588707985,0.433333333333,0.526666666667
shifted,69,faithful,0.932750094402,0.973611425785,True,0.986805712892,0.916666666667,0.213333333333
shifted,69,offset,0.872449537983,0.988165126609,True,0.994082563305,0.683333333333,0.303333333333
shifted,69,local_reversal,0.909526704164,0.989533458324,True,0.994766729162,0.9,0.336666666667
shifted,69,unrelated,0.501527667411,0.0117588913704,True,0.505879445685,0.466666666667,0.476666666667
shifted,70,faithful,0.939186142189,0.94839825174,True,0.97419912587,0.966666666667,0.193333333333
shifted,70,offset,0.854306931374,0.983245326802,True,0.991622663401,0.633333333333,0.336666666667
shifted,70,local_reversal,0.91571130627,0.981259909789,True,0.990629954894,0.966666666667,0.36
shifted,70,unrelated,0.476299773336,-0.0212229777687,True,0.489388511116,0.416666666667,0.503333333333
shifted,71,faithful,0.952754825073,0.9647383058,True,0.9823691529,0.95,0.133333333333
shifted,71,offset,0.872373783413,0.983468166932,True,0.991734083466,0.666666666667,0.28
shifted,71,local_reversal,0.916157376957,0.98274681208,True,0.99137340604,0.966666666667,0.36
shifted,71,unrelated,0.47259978167,-0.0802229499873,True,0.459888525006,0.466666666667,0.483333333333
shifted,72,faithful,0.949359489016,0.957864963387,True,0.978932481693,0.95,0.14
shifted,72,offset,0.884319983161,0.987733277205,True,0.993866638602,0.7,0.26
shifted,72,local_reversal,0.926234726748,0.989671311383,True,0.994835655691,0.966666666667,0.32
shifted,72,unrelated,0.507212960931,0.0462654253271,True,0.523132712664,0.483333333333,0.516666666667
shifted,73,faithful,0.937702514423,0.95900838141,True,0.979504190705,0.95,0.2
shifted,73,offset,0.904563738638,0.988545795462,True,0.994272897731,0.766666666667,0.226666666667
shifted,73,local_reversal,0.917412145338,0.984707151126,True,0.992353575563,0.933333333333,0.323333333333
shifted,73,unrelated,0.500376253779,0.0056986237073,True,0.502849311854,0.466666666667,0.473333333333
shifted,74,faithful,0.932106752625,0.960355842083,True,0.980177921042,0.9,0.18
shifted,74,offset,0.87503184649,0.985661710523,True,0.992830855261,0.683333333333,0.286666666667
shifted,74,local_reversal,0.922141290884,0.987137636279,True,0.993568818139,0.966666666667,0.336666666667
shifted,74,unrelated,0.50575183145,0.0325061048322,True,0.516253052416,0.5,0.52
shifted,75,faithful,0.935675901746,0.958919672485,True,0.979459836243,0.933333333333,0.193333333333
shifted,75,offset,0.884191157638,0.982859414349,True,0.991429707175,0.716666666667,0.27
shifted,75,local_reversal,0.917593314687,0.989755493402,True,0.994877746701,0.95,0.346666666667
shifted,75,unrelated,0.573303654094,0.142123291424,True,0.571061645712,0.633333333333,0.48
shifted,76,faithful,0.951638085073,0.976571394688,True,0.988285697344,0.933333333333,0.14
shifted,76,offset,0.866702307891,0.991229915192,True,0.995614957596,0.65,0.303333333333
shifted,76,local_reversal,0.921885889654,0.988508521069,True,0.994254260534,0.933333333333,0.306666666667
shifted,76,unrelated,0.518751625111,0.0647276392579,True,0.532363819629,0.5,0.503333333333
shifted,77,faithful,0.943705993183,0.956797755055,True,0.978398877528,0.933333333333,0.15
shifted,77,offset,0.900619233493,0.988730778309,True,0.994365389155,0.783333333333,0.263333333333
shifted,77,local_reversal,0.901885000594,0.98406111309,True,0.992030556545,0.933333333333,0.4
shifted,77,unrelated,0.561705289463,0.19679540932,True,0.59839770466,0.5,0.486666666667
shifted,78,faithful,0.957481751239,0.976050281908,True,0.988025140954,0.966666666667,0.143333333333
shifted,78,offset,0.863343843151,0.986701699392,True,0.993350849696,0.65,0.313333333333
shifted,78,local_reversal,0.909050339283,0.987945575388,True,0.993972787694,0.9,0.336666666667
shifted,78,unrelated,0.500868839552,0.00289613184068,True,0.50144806592,0.466666666667,0.466666666667
shifted,79,faithful,0.95242137186,0.972515683979,True,0.986257841989,0.95,0.146666666667
shifted,79,offset,0.855355576914,0.982296367491,True,0.991148183746,0.616666666667,0.313333333333
shifted,79,local_reversal,0.90814511631,0.984928165477,True,0.992464082739,0.95,0.386666666667
shifted,79,unrelated,0.529340716013,0.097802386711,True,0.548901193356,0.466666666667,0.466666666667
shifted,80,faithful,0.937430514483,0.949212826055,True,0.974606413027,0.916666666667,0.153333333333
shifted,80,offset,0.875845219328,0.983928508871,True,0.991964254435,0.683333333333,0.28
shifted,80,local_reversal,0.932704832143,0.986793884921,True,0.99339694246,0.966666666667,0.283333333333
shifted,80,unrelated,0.5270413463,0.0612489321117,True,0.530624466056,0.583333333333,0.54
shifted,81,faithful,0.958914241504,0.969714138346,True,0.984857069173,0.95,0.11
shifted,81,offset,0.880959635563,0.985421007432,True,0.992710503716,0.7,0.273333333333
shifted,81,local_reversal,0.913325231358,0.986639660082,True,0.993319830041,0.916666666667,0.33
shifted,81,unrelated,0.455382037168,-0.117615431661,True,0.441192284169,0.433333333333,0.48
shifted,82,faithful,0.947979024667,0.971041193336,True,0.985520596668,0.933333333333,0.15
shifted,82,offset,0.855779455906,0.985931519688,True,0.992965759844,0.616666666667,0.316666666667
shifted,82,local_reversal,0.915722848116,0.981298382608,True,0.990649191304,0.916666666667,0.31
shifted,82,unrelated,0.507846613249,-0.0271779558366,True,0.486411022082,0.583333333333,0.503333333333
shifted,83,faithful,0.921144706567,0.961593466333,True,0.980796733167,0.85,0.186666666667
shifted,83,offset,0.88416392496,0.984990860976,True,0.992495430488,0.716666666667,0.273333333333
shifted,83,local_reversal,0.9073667049,0.982333460778,True,0.991166730389,0.916666666667,0.353333333333
shifted,83,unrelated,0.537897542262,0.132991807541,True,0.56649590377,0.483333333333,0.493333333333
shifted,84,faithful,0.945154236977,0.961625234366,True,0.980812617183,0.933333333333,0.15
shifted,84,offset,0.86921223601,0.988485231143,True,0.994242615572,0.666666666667,0.303333333333
shifted,84,local_reversal,0.923032853171,0.987887288348,True,0.993943644174,0.966666666667,0.333333333333
shifted,84,unrelated,0.461637759029,-0.105651914347,True,0.447174042826,0.433333333333,0.466666666667
shifted,85,faithful,0.938341562408,0.970027430247,True,0.985013715124,0.9,0.163333333333
shifted,85,offset,0.8748227734,0.987187022444,True,0.993593511222,0.683333333333,0.29
shifted,85,local_reversal,0.92534139635,0.986693543388,True,0.993346771694,0.95,0.303333333333
shifted,85,unrelated,0.508522971898,-0.022701204785,True,0.488649397608,0.55,0.473333333333
shifted,86,faithful,0.946346261517,0.956709760612,True,0.978354880306,0.966666666667,0.17
shifted,86,offset,0.878975360525,0.981028979528,True,0.990514489764,0.7,0.276666666667
shifted,86,local_reversal,0.905698918194,0.983440838425,True,0.991720419213,0.916666666667,0.363333333333
shifted,86,unrelated,0.524400988792,0.0168921848619,True,0.508446092431,0.616666666667,0.52
shifted,87,faithful,0.917438531163,0.953683992767,True,0.976841996384,0.866666666667,0.21
shifted,87,offset,0.844296496574,0.976543877469,True,0.988271938734,0.583333333333,0.326666666667
shifted,87,local_reversal,0.898660105498,0.984422573882,True,0.992211286941,0.95,0.433333333333
shifted,87,unrelated,0.468207324735,-0.0259755842152,True,0.487012207892,0.4,0.52
shifted,88,faithful,0.945207199661,0.970690665538,True,0.985345332769,0.916666666667,0.146666666667
shifted,88,offset,0.879953845641,0.993179485471,True,0.996589742735,0.683333333333,0.273333333333
shifted,88,local_reversal,0.927379431558,0.991264771858,True,0.995632385929,0.966666666667,0.316666666667
shifted,88,unrelated,0.456085739152,-0.153047536161,True,0.423476231919,0.533333333333,0.523333333333
shifted,89,faithful,0.9481233383,0.967077794333,True,0.983538897167,0.933333333333,0.143333333333
shifted,89,offset,0.851637696988,0.987681212183,True,0.993840606092,0.616666666667,0.34
shifted,89,local_reversal,0.911875747033,0.988474712331,True,0.994237356166,0.966666666667,0.39
shifted,89,unrelated,0.507963733365,-0.000120888782231,True,0.499939555609,0.516666666667,0.476666666667
shifted,90,faithful,0.942743268099,0.971366449218,True,0.985683224609,0.883333333333,0.126666666667
shifted,90,offset,0.879709872353,0.987921796731,True,0.993960898366,0.733333333333,0.316666666667
shifted,90,local_reversal,0.922847107654,0.989490358845,True,0.994745179423,0.983333333333,0.353333333333
shifted,90,unrelated,0.592727465497,0.226869329435,True,0.613434664717,0.6,0.476666666667
shifted,91,faithful,0.951596952517,0.976434286166,True,0.988217143083,0.916666666667,0.123333333333
shifted,91,offset,0.858562484192,0.986319391751,True,0.993159695876,0.616666666667,0.303333333333
shifted,91,local_reversal,0.899003717867,0.985567948446,True,0.992783974223,0.883333333333,0.366666666667
shifted,91,unrelated,0.55378033958,0.163712243045,True,0.581856121523,0.516666666667,0.493333333333
shifted,92,faithful,0.936278088913,0.965371407486,True,0.982685703743,0.9,0.166666666667
shifted,92,offset,0.862077281479,0.984702049375,True,0.992351024687,0.633333333333,0.3
shifted,92,local_reversal,0.921234541894,0.988559584091,True,0.994279792046,0.95,0.326666666667
shifted,92,unrelated,0.486867809283,-0.0637739690574,True,0.468113015471,0.516666666667,0.486666666667
shifted,93,faithful,0.939912998378,0.964154439037,True,0.982077219518,0.9,0.146666666667
shifted,93,offset,0.872513967541,0.986157669581,True,0.99307883479,0.683333333333,0.3
shifted,93,local_reversal,0.910488354208,0.988294514027,True,0.994147257013,0.95,0.38
shifted,93,unrelated,0.444197105868,-0.13045409155,True,0.434772954225,0.433333333333,0.516666666667
shifted,94,faithful,0.935668340647,0.950005579936,True,0.975002789968,0.916666666667,0.163333333333
shifted,94,offset,0.887332214776,0.982218493697,True,0.991109246848,0.7,0.236666666667
shifted,94,local_reversal,0.902580715319,0.98193571773,True,0.990967858865,0.9,0.36
shifted,94,unrelated,0.457887275134,-0.113709082886,True,0.443145458557,0.466666666667,0.506666666667
shifted,95,faithful,0.943317257355,0.971057524518,True,0.985528762259,0.9,0.14
shifted,95,offset,0.871622470292,0.985408234307,True,0.992704117154,0.65,0.27
shifted,95,local_reversal,0.908107597255,0.982580879739,True,0.991290439869,0.95,0.383333333333
shifted,95,unrelated,0.401130367136,-0.160676553993,True,0.419661723004,0.283333333333,0.536666666667
shifted,96,faithful,0.92281457039,0.971604123522,True,0.985802061761,0.85,0.193333333333
shifted,96,offset,0.897213614964,0.986267605436,True,0.993133802718,0.766666666667,0.26
shifted,96,local_reversal,0.922114239169,0.984825241674,True,0.992412620837,0.933333333333,0.3
shifted,96,unrelated,0.487288827469,-0.0401483528814,True,0.479925823559,0.516666666667,0.52
shifted,97,faithful,0.931489196609,0.971630655364,True,0.985815327682,0.866666666667,0.166666666667
shifted,97,offset,0.890692875776,0.986754030364,True,0.993377015182,0.75,0.276666666667
shifted,97,local_reversal,0.918149855636,0.987166185453,True,0.993583092727,0.933333333333,0.323333333333
shifted,97,unrelated,0.546422761744,0.139186983591,True,0.569593491795,0.5,0.476666666667
shifted,98,faithful,0.948435574871,0.972563027347,True,0.986281513674,0.933333333333,0.15
shifted,98,offset,0.889191076131,0.990636920438,True,0.995318460219,0.716666666667,0.256666666667
shifted,98,local_reversal,0.930967084192,0.983223613972,True,0.991611806986,0.966666666667,0.286666666667
shifted,98,unrelated,0.432948672109,-0.194615537414,True,0.402692231293,0.433333333333,0.476666666667
shifted,99,faithful,0.931624530182,0.972081767273,True,0.986040883636,0.866666666667,0.166666666667
shifted,99,offset,0.86498407763,0.987724703211,True,0.993862351606,0.666666666667,0.323333333333
shifted,99,local_reversal,0.925927603646,0.98864756771,True,0.994323783855,0.966666666667,0.32
shifted,99,unrelated,0.463275210349,-0.0913048543916,True,0.454347572804,0.45,0.496666666667
